# Blender 4.0.1
# www.blender.org
mtllib fandisk.mtl
o fandisk.001
v 0.000001 0.735323 -0.458753
v 0.000002 0.744423 -0.360733
v 0.094235 0.741823 -0.408523
v 0.081561 0.749223 -0.321223
v -0.000000 0.752923 -0.262653
v 0.074123 0.754823 -0.253083
v 0.180379 0.750723 -0.363263
v 0.152869 0.754823 -0.295043
v 0.128821 0.757123 -0.251693
v 0.000001 0.760723 -0.164513
v 0.089420 0.762623 -0.160963
v 0.175195 0.766223 -0.173793
v 0.266607 0.762424 -0.318493
v 0.220242 0.764123 -0.244133
v -0.000000 0.767923 -0.066323
v 0.000001 0.774523 0.031929
v -0.000000 0.780523 0.130223
v 0.000001 0.785823 0.228555
v -0.000000 0.790523 0.326921
v 0.000001 0.794623 0.425313
v -0.000000 0.798023 0.523727
v 0.000001 0.800923 0.622155
v -0.000000 0.803124 0.720593
v 0.000001 0.804623 0.819033
v -0.000000 0.805623 0.917471
v 0.000001 0.805924 1.015899
v 0.092725 0.770523 -0.054623
v 0.179676 0.776123 -0.041853
v 0.296506 0.782823 -0.105663
v 0.319265 0.779523 -0.186723
v 0.277104 0.786323 -0.023133
v 0.352547 0.777023 -0.274193
v 0.094877 0.776323 0.031821
v 0.096430 0.782323 0.130110
v 0.097322 0.787723 0.228449
v 0.097825 0.792423 0.326823
v 0.098108 0.796523 0.425226
v 0.098265 0.800023 0.523651
v 0.098351 0.802823 0.622090
v 0.098396 0.805023 0.720539
v 0.098419 0.806624 0.818991
v 0.097405 0.807523 0.917447
v 0.093817 0.807723 1.015907
v 0.179535 0.781523 0.039393
v 0.269455 0.790123 0.048400
v 0.364519 0.794623 -0.067213
v 0.394534 0.793723 -0.143253
v 0.344823 0.796124 -0.004293
v 0.438323 0.794323 -0.230713
v 0.344490 0.800023 0.058085
v 0.188456 0.787523 0.128709
v 0.192176 0.793223 0.227496
v 0.194272 0.798023 0.326177
v 0.195420 0.802223 0.424778
v 0.196040 0.805723 0.523332
v 0.196372 0.808623 0.621862
v 0.196545 0.810824 0.720378
v 0.194854 0.812223 0.819403
v 0.187589 0.812623 0.919719
v 0.187445 0.812923 1.015907
v 0.275604 0.795923 0.133703
v 0.350708 0.805923 0.141905
v 0.385197 0.802823 0.006647
v 0.423055 0.806323 -0.034333
v 0.475907 0.810723 -0.108433
v 0.523610 0.814523 -0.188223
v 0.402288 0.808623 0.055815
v 0.416405 0.816323 0.145978
v 0.282146 0.801623 0.224548
v 0.287910 0.807023 0.324240
v 0.291223 0.811623 0.423547
v 0.292974 0.815323 0.522544
v 0.293870 0.818223 0.621351
v 0.292373 0.820223 0.720933
v 0.283752 0.820923 0.823768
v 0.280791 0.821423 0.920835
v 0.280789 0.821723 1.015907
v 0.361407 0.812223 0.229692
v 0.430893 0.823523 0.233301
v 0.480994 0.821323 0.032465
v 0.554901 0.830523 -0.064663
v 0.608917 0.837623 -0.146463
v 0.496317 0.831623 0.153602
v 0.501026 0.837123 0.239207
v 0.375705 0.818823 0.323831
v 0.376928 0.822723 0.413557
v 0.387655 0.828223 0.520841
v 0.390144 0.831523 0.621291
v 0.388562 0.833623 0.725457
v 0.374274 0.832923 0.826248
v 0.373734 0.833723 0.921411
v 0.373724 0.834024 1.015907
v 0.466122 0.849723 1.015907
v 0.440828 0.829023 0.311126
v 0.502359 0.840523 0.302730
v 0.612839 0.853523 0.072569
v 0.654015 0.858523 -0.017333
v 0.584805 0.852123 0.168905
v 0.694047 0.863623 -0.105813
v 0.564674 0.851423 0.245752
v 0.549954 0.850223 0.291678
v 0.452963 0.835123 0.402097
v 0.473044 0.842723 0.508117
v 0.483308 0.848023 0.620371
v 0.474202 0.848723 0.730783
v 0.466579 0.848723 0.827287
v 0.466140 0.849423 0.921729
v 0.557496 0.868823 1.015907
v 0.557522 0.868623 0.922048
v 0.522799 0.848023 0.377835
v 0.585967 0.860923 0.342198
v 0.696952 0.878823 0.114025
v 0.737312 0.885323 0.022514
v 0.666840 0.875323 0.204731
v 0.776259 0.891723 -0.067573
v 0.632151 0.869823 0.283229
v 0.550347 0.858123 0.485452
v 0.566614 0.865624 0.608942
v 0.561259 0.867223 0.734193
v 0.557863 0.867823 0.828052
v 0.648428 0.891523 1.015907
v 0.648462 0.891223 0.922118
v 0.648677 0.890423 0.828290
v 0.655690 0.882923 0.444982
v 0.713698 0.895223 0.338602
v 0.784502 0.908323 0.154086
v 0.822748 0.915923 0.061227
v 0.754438 0.903423 0.246176
v 0.860044 0.923423 -0.029763
v 0.658248 0.888423 0.595897
v 0.651172 0.889524 0.725123
v 0.738475 0.917523 1.015907
v 0.738516 0.917223 0.922130
v 0.738721 0.916423 0.828341
v 0.739102 0.915123 0.735130
v 0.751352 0.916323 0.614590
v 0.777068 0.921023 0.496294
v 0.803904 0.926423 0.398181
v 0.834822 0.932523 0.289200
v 0.872468 0.941323 0.192299
v 0.908582 0.949823 0.098403
v 0.943813 0.958323 0.006677
v 0.827502 0.946823 1.015907
v 0.827550 0.946623 0.922126
v 0.827927 0.945823 0.828336
v 0.828603 0.944723 0.734826
v 0.836912 0.945223 0.623589
v 0.914558 0.979223 1.015907
v 0.855815 0.949323 0.527274
v 0.884588 0.957423 0.449776
v 0.923889 0.967723 0.327645
v 0.959951 0.977723 0.228681
v 0.994042 0.987123 0.133683
v 1.027050 0.996223 0.041162
v 0.914614 0.978923 0.922447
v 0.914974 0.978223 0.828922
v 0.915647 0.977123 0.735505
v 0.915490 0.974823 0.631260
v 0.916807 0.973123 0.550688
v 1.001110 1.015123 1.015907
v 1.001180 1.014923 0.922363
v 0.974442 0.995423 0.508336
v 1.014620 1.007523 0.365278
v 1.046550 1.017423 0.263489
v 1.078300 1.027423 0.167092
v 1.109000 1.037023 0.073481
v 1.001370 1.014123 0.828836
v 1.001720 1.012823 0.735473
v 0.993882 1.007323 0.635091
v 1.086270 1.054223 1.015907
v 1.086340 1.054023 0.922275
v 1.086530 1.053223 0.828657
v 1.092580 1.049123 0.509072
v 1.106800 1.052123 0.399562
v 1.087210 1.050223 0.641647
v 1.134000 1.061423 0.295731
v 1.162810 1.071523 0.198136
v 1.190810 1.081323 0.103691
v 1.086840 1.052023 0.735158
v 1.170060 1.096624 1.015907
v 1.170140 1.096423 0.922148
v 1.170380 1.095723 0.828398
v 1.170780 1.094523 0.734699
v 1.187780 1.098323 0.521169
v 1.204010 1.104223 0.434364
v 1.171280 1.092823 0.640973
v 1.221190 1.109324 0.325008
v 1.246680 1.119223 0.226459
v 1.271680 1.128723 0.131288
v 1.252040 1.142023 1.015907
v 1.252120 1.141823 0.922137
v 1.252410 1.141123 0.828348
v 1.252900 1.140023 0.734547
v 1.260550 1.142423 0.635496
v 1.272250 1.147023 0.551861
v 1.287480 1.153723 0.475236
v 1.308470 1.161623 0.350360
v 1.330030 1.170623 0.251448
v 1.351730 1.179523 0.155932
v 1.332420 1.190623 1.015907
v 1.332510 1.190323 0.922068
v 1.332860 1.189723 0.828220
v 1.333460 1.188723 0.734331
v 1.329430 1.184123 0.634259
v 1.326290 1.180423 0.569842
v 1.369680 1.206923 0.525709
v 1.394430 1.218223 0.380739
v 1.412700 1.225923 0.272465
v 1.430750 1.233624 0.177333
v 1.410610 1.241923 1.015907
v 1.410690 1.241723 0.922166
v 1.411080 1.241123 0.828388
v 1.411770 1.240223 0.734536
v 1.395340 1.226923 0.632770
v 1.481370 1.283823 0.502372
v 1.481570 1.279723 0.385112
v 1.482270 1.288023 0.629332
v 1.494330 1.285123 0.288717
v 1.508470 1.291123 0.194935
v 1.486970 1.296223 1.015907
v 1.487060 1.296023 0.922168
v 1.487450 1.295523 0.828415
v 1.488140 1.294623 0.734614
v 1.554660 1.340223 0.514261
v 1.560450 1.340723 0.396527
v 1.557780 1.346023 0.633206
v 1.573200 1.346923 0.300474
v 1.562230 1.351723 0.734820
v 1.584330 1.351623 0.208201
v 1.561080 1.353223 1.015907
v 1.561180 1.353023 0.922240
v 1.561560 1.352523 0.828549
v 1.633170 1.413123 1.015907
v 1.703000 1.475722 1.015907
v 1.770560 1.540923 1.015907
v 1.835680 1.608823 1.015907
v 1.903280 1.684922 1.015907
v 1.629490 1.402524 0.527838
v 1.635290 1.403724 0.416217
v 1.635060 1.410323 0.641277
v 1.641700 1.405124 0.313144
v 1.634200 1.411523 0.734817
v 1.652520 1.410123 0.218524
v 1.633610 1.412423 0.828514
v 1.633270 1.412923 0.922212
v 1.703100 1.475524 0.922168
v 1.770660 1.540824 0.922074
v 1.835780 1.608623 0.921957
v 1.903280 1.684724 0.921881
v 1.704670 1.470223 0.538845
v 1.703860 1.465823 0.431286
v 1.706500 1.474624 0.641738
v 1.707470 1.465123 0.327679
v 1.704010 1.474124 0.734679
v 1.718650 1.471124 0.229281
v 1.703420 1.475022 0.828427
v 1.770950 1.540223 0.828368
v 1.837820 1.610023 0.828679
v 1.903280 1.683923 0.827852
v 1.775620 1.539323 0.549311
v 1.774690 1.540824 0.642086
v 1.775900 1.536223 0.445268
v 1.777800 1.534123 0.341221
v 1.773060 1.541022 0.734568
v 1.782610 1.534524 0.240456
v 1.839230 1.610223 0.735079
v 1.903280 1.682523 0.733828
v 1.840520 1.607324 0.547856
v 1.840070 1.609223 0.641463
v 1.840770 1.604623 0.454269
v 1.843080 1.603223 0.350896
v 1.844140 1.600022 0.251998
v 1.903280 1.680623 0.639811
v 1.903280 1.678224 0.545806
v 1.903280 1.675223 0.451818
v 1.903280 1.671723 0.357853
v 1.903280 1.667623 0.263914
v 3.362910 0.839723 -0.143003
v 3.287640 0.802523 -0.212663
v 3.267580 0.839723 -0.143003
v 3.245280 0.814723 -0.187793
v 3.215140 0.771923 -0.288493
v 3.146260 0.749223 -0.370013
v 3.080160 0.735323 -0.458753
v 3.210210 1.351623 0.208201
v 3.158510 0.803023 -0.211323
v 3.172250 0.839723 -0.143003
v 3.020360 0.758123 -0.333573
v 2.980800 0.735323 -0.458753
v 3.169310 1.267523 0.188320
v 3.108590 1.351623 0.208201
v 3.108480 1.294623 0.195840
v 3.076920 0.839723 -0.143003
v 3.122030 1.189323 0.160173
v 3.043030 0.813023 -0.191163
v 2.958670 0.787623 -0.245753
v 2.881440 0.735323 -0.458753
v 2.868440 0.752923 -0.353813
v 2.843570 0.776723 -0.275013
v 3.034280 1.252923 0.183779
v 3.006980 1.351623 0.208201
v 2.981590 0.839723 -0.143003
v 2.990750 0.821123 -0.175623
v 3.070550 1.116823 0.124775
v 2.971160 1.145523 0.139938
v 2.920110 0.812323 -0.192433
v 2.829990 0.803423 -0.210633
v 2.782080 0.735323 -0.458753
v 2.777330 0.754023 -0.349413
v 2.778550 0.776323 -0.276163
v 2.782490 0.794323 -0.230703
v 2.905360 1.351623 0.208201
v 2.886850 1.255423 0.184598
v 2.859950 1.162623 0.148255
v 2.886260 0.839723 -0.143003
v 3.016380 1.050023 0.082815
v 2.922860 1.076423 0.100532
v 2.834240 1.098123 0.113982
v 2.960450 0.989023 0.034881
v 2.790930 0.839723 -0.143013
v 2.735040 0.808523 -0.200123
v 2.682720 0.735323 -0.458753
v 2.684880 0.756523 -0.339643
v 2.703900 0.783323 -0.257443
v 2.803740 1.351623 0.208201
v 2.794770 1.257323 0.185189
v 2.781810 1.170424 0.151874
v 2.771550 1.108123 0.119827
v 2.880840 1.024923 0.064296
v 2.810220 1.051023 0.083503
v 2.769120 1.071823 0.097590
v 2.904200 0.933623 -0.018603
v 2.825690 0.968823 0.016694
v 2.847750 0.884123 -0.077423
v 2.718000 0.873523 -0.091813
v 2.769820 0.917123 -0.036963
v 2.658750 0.833623 -0.153203
v 2.607050 0.799323 -0.219533
v 2.583360 0.735323 -0.458753
v 2.560940 0.763623 -0.314633
v 2.702130 1.351623 0.208201
v 2.702130 1.253123 0.183858
v 2.702150 1.173023 0.153068
v 2.698810 1.097823 0.113811
v 2.713490 1.044823 0.079096
v 2.758730 1.004223 0.047797
v 2.700170 0.950823 -0.000843
v 2.637180 0.900823 -0.056253
v 2.581620 0.858823 -0.112883
v 2.529440 0.819123 -0.179363
v 2.484230 0.788123 -0.245453
v 2.484000 0.735323 -0.458753
v 2.469760 0.754023 -0.349543
v 2.445150 0.769723 -0.295233
v 2.600510 1.351623 0.208201
v 2.600510 1.253223 0.183890
v 2.600360 1.159223 0.146648
v 2.609700 1.081323 0.103636
v 2.615360 1.007523 0.050522
v 2.547870 0.931223 -0.021173
v 2.499050 0.881923 -0.080423
v 2.447790 0.839923 -0.142563
v 2.401150 0.801723 -0.214363
v 2.383790 0.771923 -0.288713
v 2.384640 0.735323 -0.458753
v 2.384620 0.752423 -0.355993
v 2.498890 1.351623 0.208201
v 2.498890 1.253423 0.183947
v 2.498640 1.159823 0.146930
v 2.491880 1.083023 0.104756
v 2.479420 1.016623 0.057850
v 2.453270 0.959223 0.007517
v 2.416370 0.917123 -0.036883
v 2.285280 0.735323 -0.458753
v 2.397270 1.351623 0.208201
v 2.295660 1.351623 0.208201
v 2.194040 1.351623 0.208201
v 2.092420 1.351623 0.208201
v 1.990810 1.351623 0.208201
v 2.365740 0.867823 -0.099823
v 2.320130 0.815223 -0.186823
v 2.291890 0.774923 -0.279893
v 2.285270 0.751923 -0.358053
v 2.397270 1.253723 0.184048
v 2.396820 1.160923 0.147446
v 2.386870 1.080523 0.103145
v 2.389260 1.016323 0.057632
v 2.399100 0.973023 0.020601
v 2.353870 0.944023 -0.007673
v 2.278530 0.886423 -0.074403
v 2.185920 0.735323 -0.458753
v 2.185920 0.751723 -0.359213
v 2.295660 1.254323 0.184229
v 2.194050 1.255323 0.184547
v 2.092440 1.257023 0.185096
v 1.990880 1.259823 0.185968
v 1.889190 1.351623 0.208201
v 1.895540 1.262623 0.186830
v 2.202970 0.836523 -0.148373
v 2.183800 0.777623 -0.272413
v 2.294880 1.162923 0.148376
v 2.292060 1.076823 0.100798
v 2.292810 0.987623 0.033729
v 2.204390 0.903023 -0.053473
v 2.167560 0.868223 -0.099213
v 2.086560 0.735323 -0.458753
v 2.086560 0.751523 -0.359863
v 2.080220 0.777723 -0.272273
v 2.192760 1.166223 0.149951
v 2.094860 1.170523 0.151926
v 1.987610 1.175923 0.154332
v 1.896670 1.178823 0.155629
v 1.787570 1.351623 0.208201
v 1.803350 1.265523 0.187695
v 1.812110 1.187223 0.159312
v 2.096180 0.829223 -0.160873
v 2.103920 0.868823 -0.098423
v 2.179410 1.083623 0.105126
v 2.162100 1.001123 0.045219
v 2.119800 0.916423 -0.037763
v 1.987200 0.735323 -0.458753
v 1.987200 0.751423 -0.360223
v 1.985570 0.778423 -0.270433
v 1.990500 0.827323 -0.164343
v 2.075850 1.094223 0.111664
v 1.972900 1.103423 0.117109
v 1.880630 1.119423 0.126172
v 1.806670 1.137723 0.135980
v 1.685960 1.351623 0.208201
v 1.723110 1.251123 0.183199
v 1.751710 1.181523 0.156840
v 1.764930 1.146623 0.140504
v 1.994390 0.868523 -0.098793
v 1.997750 0.924323 -0.028763
v 2.046370 1.018023 0.058934
v 1.887840 0.735323 -0.458753
v 1.887840 0.751423 -0.360433
v 1.887670 0.779023 -0.268713
v 1.889320 0.821623 -0.174753
v 1.887680 0.867323 -0.100563
v 1.945500 1.033723 0.070968
v 1.853670 1.060823 0.090269
v 1.785510 1.092023 0.110328
v 1.735280 1.122923 0.128140
v 1.645870 1.234123 0.177486
v 1.696650 1.161823 0.147883
v 1.875240 0.931423 -0.020943
v 1.788480 0.735323 -0.458753
v 1.788480 0.751423 -0.360543
v 1.788390 0.779523 -0.267423
v 1.789510 0.821423 -0.175053
v 1.794870 0.866223 -0.102123
v 1.799750 0.905223 -0.050893
v 1.798660 0.987823 0.033929
v 1.737930 1.033623 0.070854
v 1.681440 1.080923 0.103392
v 1.632590 1.130623 0.132243
v 1.570680 1.200423 0.164785
v 1.746880 0.931723 -0.020733
v 1.689120 0.735323 -0.458753
v 1.689120 0.751323 -0.360613
v 1.689070 0.779823 -0.266643
v 1.689730 0.821423 -0.175063
v 1.707190 0.881323 -0.081223
v 1.672540 0.970423 0.018147
v 1.609480 1.021523 0.061678
v 1.548900 1.088623 0.108250
v 1.488590 1.159423 0.146749
v 1.595550 0.901623 -0.055243
v 1.589760 0.735323 -0.458753
v 1.589760 0.751323 -0.360643
v 1.589730 0.779923 -0.266193
v 1.590110 0.821423 -0.175063
v 1.524830 0.975523 0.022808
v 1.466470 1.038823 0.074743
v 1.408050 1.107023 0.119225
v 1.469800 0.873323 -0.091993
v 1.429150 0.933023 -0.019263
v 1.490600 0.821423 -0.175083
v 1.490400 0.735323 -0.458753
v 1.490400 0.751323 -0.360663
v 1.490380 0.780023 -0.265943
v 1.383540 0.993323 0.038631
v 1.326890 1.058523 0.088703
v 1.385620 0.858723 -0.113013
v 1.352130 0.898023 -0.059613
v 1.394310 0.818423 -0.180673
v 1.299380 0.952024 0.000347
v 1.391030 0.780123 -0.265803
v 1.391040 0.735323 -0.458753
v 1.391040 0.751323 -0.360673
v 1.244470 1.013723 0.055560
v 1.321650 0.848823 -0.128223
v 1.278200 0.873823 -0.091373
v 1.305050 0.817823 -0.181843
v 1.220620 0.919923 -0.033753
v 1.291670 0.780123 -0.265713
v 1.161420 0.972523 0.020133
v 1.291680 0.751323 -0.360683
v 1.291680 0.735323 -0.458753
v 1.206920 0.833723 -0.153013
v 1.130250 0.889123 -0.070903
v 1.192320 0.780123 -0.265673
v 1.076970 0.934823 -0.017373
v 1.192320 0.751323 -0.360683
v 1.192320 0.735323 -0.458753
v 1.082880 0.779423 -0.267743
v 1.074330 0.815623 -0.185953
v 1.035730 0.856423 -0.116493
v 0.992633 0.900623 -0.056383
v 1.092960 0.751323 -0.360693
v 1.092960 0.735323 -0.458753
v 0.993600 0.751323 -0.360683
v 1.000850 0.779423 -0.267643
v 0.989194 0.804423 -0.208643
v 0.953783 0.835223 -0.150573
v 0.907921 0.869923 -0.096793
v 0.993600 0.735323 -0.458753
v 0.894240 0.735323 -0.458753
v 0.909434 0.751223 -0.361313
v 0.921736 0.776723 -0.274983
v 0.935562 0.797523 -0.223613
v 0.891262 0.815223 -0.186783
v 0.833800 0.848423 -0.128913
v 0.794880 0.735323 -0.458753
v 0.807051 0.750323 -0.364983
v 0.824398 0.786023 -0.250613
v 0.744805 0.823923 -0.170453
v 0.695520 0.735323 -0.458753
v 0.700398 0.749523 -0.368593
v 0.691242 0.772923 -0.285823
v 0.656321 0.801223 -0.215363
v 0.596160 0.735323 -0.458753
v 0.605088 0.750023 -0.366483
v 0.622924 0.767723 -0.301323
v 0.575998 0.783623 -0.256563
v 0.496801 0.735323 -0.458753
v 0.503245 0.758223 -0.333323
v 0.397441 0.735323 -0.458753
v 0.375283 0.750323 -0.365263
v 0.298081 0.735323 -0.458753
v 0.288173 0.745523 -0.388183
v 0.198721 0.735323 -0.458753
v 0.199304 0.741823 -0.408703
v 0.099361 0.735323 -0.458753
v 0.131118 0.738623 -0.429953
v 2.273790 -2.004777 -1.210103
v 2.177900 -2.023577 -1.206793
v 2.078000 -2.023577 -1.206793
v 1.978100 -2.023577 -1.206793
v 1.878200 -2.023577 -1.206793
v 1.778300 -2.023577 -1.206793
v 1.678400 -2.023577 -1.206793
v 1.578500 -2.023577 -1.206793
v 1.482910 -2.004777 -1.210093
v 1.402010 -1.951677 -1.219463
v 2.354830 -1.951277 -1.219533
v 2.293150 -1.896477 -1.229203
v 2.232380 -1.916177 -1.225723
v 2.160390 -1.934277 -1.222533
v 2.070560 -1.939577 -1.221593
v 1.975010 -1.939077 -1.221683
v 1.873880 -1.935578 -1.222293
v 1.778220 -1.932078 -1.222923
v 1.689450 -1.925677 -1.224053
v 1.607490 -1.916677 -1.225633
v 1.347560 -1.871678 -1.233563
v 1.522890 -1.898777 -1.228793
v 1.454140 -1.868178 -1.234173
v 1.403760 -1.840377 -1.239093
v 3.186400 0.266123 -1.610523
v 3.186400 -0.546277 -1.467263
v 3.186400 -0.444777 -1.485173
v 3.186400 0.164623 -1.592613
v 3.186400 -0.343177 -1.503073
v 3.186400 0.063022 -1.574703
v 3.186400 -0.241677 -1.520983
v 3.186400 -0.038577 -1.556803
v 3.186400 -0.140077 -1.538893
v 2.408880 -1.871477 -1.233603
v 2.307080 -1.839477 -1.239243
v 2.221080 -1.848977 -1.237573
v 2.145180 -1.849077 -1.237553
v 2.059160 -1.848977 -1.237573
v 1.970650 -1.844977 -1.238273
v 1.877830 -1.841877 -1.238823
v 1.783290 -1.847377 -1.237853
v 1.702540 -1.851477 -1.237123
v 1.633330 -1.830977 -1.240743
v 1.328500 -1.777377 -1.250203
v 1.544180 -1.809077 -1.244613
v 1.403180 -1.775277 -1.250563
v 1.470570 -1.786677 -1.248553
v 3.088900 0.266123 -1.610523
v 3.089700 -0.546277 -1.467263
v 3.086790 0.164523 -1.592613
v 3.089680 -0.447177 -1.484753
v 3.084860 -0.343177 -1.503073
v 3.085300 0.063022 -1.574703
v 3.083630 -0.241677 -1.520983
v 3.084420 -0.038577 -1.556803
v 3.083910 -0.140077 -1.538893
v 2.427900 -1.777377 -1.250203
v 2.313870 -1.758977 -1.253443
v 2.209200 -1.761377 -1.253003
v 2.131230 -1.762777 -1.252773
v 2.050310 -1.773777 -1.250833
v 1.964380 -1.765177 -1.252343
v 1.773320 -1.776977 -1.250273
v 1.872110 -1.753777 -1.254363
v 1.709110 -1.800477 -1.246113
v 1.656460 -1.766877 -1.252033
v 1.328500 -1.673077 -1.268583
v 1.566860 -1.726977 -1.259083
v 1.408100 -1.684577 -1.266553
v 1.485630 -1.701477 -1.263573
v 2.991400 0.266123 -1.610523
v 2.993000 -0.546277 -1.467263
v 2.991410 0.168523 -1.593303
v 2.992990 -0.448777 -1.484453
v 2.986710 0.064123 -1.574903
v 2.991520 -0.348377 -1.502163
v 2.983200 -0.242077 -1.520903
v 2.983770 -0.037877 -1.556913
v 2.982100 -0.139677 -1.538963
v 2.702900 -1.388277 -1.318803
v 2.702900 -1.294777 -1.335303
v 2.316580 -1.662877 -1.270383
v 2.427900 -1.662877 -1.270383
v 2.211980 -1.660677 -1.270783
v 2.128090 -1.662777 -1.270403
v 2.049500 -1.671377 -1.268893
v 1.956730 -1.673377 -1.268533
v 1.867010 -1.665777 -1.269883
v 1.728200 -1.690377 -1.265533
v 1.328500 -1.568877 -1.286953
v 1.595170 -1.630577 -1.276073
v 1.414830 -1.582177 -1.284623
v 1.500660 -1.600777 -1.281333
v 2.893900 0.266123 -1.610523
v 2.896300 -0.546277 -1.467263
v 2.893900 0.169323 -1.593443
v 2.896300 -0.449777 -1.484283
v 2.893820 0.070022 -1.575943
v 2.895480 -0.351777 -1.501573
v 2.886750 -0.035777 -1.557283
v 2.891230 -0.250077 -1.519503
v 2.883980 -0.139477 -1.539003
v 2.799600 -0.546277 -1.467263
v 2.702900 -1.201177 -1.351793
v 2.611130 -1.402877 -1.316233
v 2.610680 -1.304477 -1.333573
v 2.607880 -1.201177 -1.351793
v 2.519460 -1.418077 -1.313543
v 2.427900 -1.548377 -1.290573
v 2.221150 -1.556577 -1.289133
v 2.319750 -1.548477 -1.290553
v 2.124850 -1.569277 -1.286893
v 2.048350 -1.579677 -1.285053
v 1.968530 -1.567377 -1.287233
v 1.871270 -1.560777 -1.288393
v 1.749790 -1.532277 -1.293403
v 1.328500 -1.464677 -1.305333
v 1.625410 -1.505577 -1.298123
v 1.424510 -1.464477 -1.305363
v 1.516120 -1.484577 -1.301823
v 2.698900 0.571422 -1.664353
v 2.698900 0.469622 -1.646413
v 2.698900 0.367923 -1.628463
v 2.796400 0.266123 -1.610523
v 2.702900 -1.107577 -1.368293
v 2.796400 0.168623 -1.593333
v 2.799600 -0.450377 -1.484183
v 2.797350 0.069623 -1.575863
v 2.799150 -0.353677 -1.501233
v 2.799270 -0.031377 -1.558073
v 2.797620 -0.255277 -1.518573
v 2.792070 -0.150777 -1.537013
v 2.702900 -1.014077 -1.384783
v 2.702900 -0.920477 -1.401283
v 2.702900 -0.826977 -1.417773
v 2.702900 -0.733477 -1.434273
v 2.702900 -0.639877 -1.450763
v 2.702900 -0.450677 -1.484123
v 2.702900 -0.546277 -1.467263
v 2.607860 -1.107577 -1.368293
v 2.510950 -1.317977 -1.331193
v 2.509390 -1.211677 -1.349933
v 2.512820 -1.107677 -1.368283
v 2.412270 -1.334577 -1.328263
v 2.427900 -1.433877 -1.310753
v 2.317790 -1.451277 -1.307703
v 2.110140 -1.497277 -1.299583
v 2.211270 -1.467777 -1.304793
v 2.050100 -1.525977 -1.294523
v 1.990650 -1.491477 -1.300593
v 1.881140 -1.456177 -1.306843
v 1.755430 -1.424877 -1.312353
v 1.328500 -1.360477 -1.323713
v 1.630650 -1.394677 -1.317683
v 1.428580 -1.360377 -1.323723
v 1.525210 -1.371577 -1.321743
v 2.602510 0.571422 -1.664353
v 2.698900 0.266123 -1.610523
v 2.602530 0.475023 -1.647343
v 2.598940 0.367923 -1.628463
v 2.597430 0.266123 -1.610523
v 2.506120 0.571422 -1.664353
v 2.409730 0.571422 -1.664353
v 2.698900 0.167523 -1.593133
v 2.607820 -1.014077 -1.384783
v 2.700490 0.066423 -1.575313
v 2.702690 -0.354677 -1.501053
v 2.703090 -0.033577 -1.557673
v 2.701960 -0.257977 -1.518103
v 2.699600 -0.158377 -1.535673
v 2.607760 -0.920477 -1.401283
v 2.607640 -0.826977 -1.417773
v 2.607430 -0.733477 -1.434273
v 2.607070 -0.639877 -1.450763
v 2.606490 -0.546277 -1.467263
v 2.605660 -0.355077 -1.500983
v 2.605920 -0.450777 -1.484113
v 2.512730 -1.014077 -1.384773
v 2.409380 -1.218877 -1.348683
v 2.412610 -1.106277 -1.368533
v 2.417750 -1.014277 -1.384753
v 2.309050 -1.225777 -1.347463
v 2.315420 -1.351777 -1.325233
v 2.199600 -1.367777 -1.322413
v 2.056010 -1.404177 -1.316003
v 1.889280 -1.338777 -1.327533
v 1.759440 -1.310377 -1.332533
v 1.328500 -1.256177 -1.342093
v 1.636000 -1.284677 -1.337073
v 1.431070 -1.256177 -1.342093
v 1.529660 -1.266877 -1.340203
v 2.506120 0.476523 -1.647613
v 2.596940 0.165623 -1.592793
v 2.500220 0.283223 -1.613533
v 2.505370 0.378823 -1.630403
v 2.494080 0.167723 -1.593173
v 2.409730 0.476523 -1.647613
v 2.313340 0.571422 -1.664353
v 2.313340 0.476523 -1.647613
v 2.596830 0.064523 -1.574983
v 2.512570 -0.920577 -1.401263
v 2.598850 -0.032877 -1.557793
v 2.605300 -0.259077 -1.517913
v 2.599440 -0.145977 -1.537843
v 2.512260 -0.827177 -1.417753
v 2.511700 -0.733677 -1.434223
v 2.510720 -0.640377 -1.450683
v 2.470770 -0.255177 -1.518603
v 2.509340 -0.546877 -1.467163
v 2.491200 -0.354677 -1.501053
v 2.508780 -0.451177 -1.484033
v 2.417500 -0.920877 -1.401223
v 2.315660 -1.090377 -1.371333
v 2.321770 -1.003577 -1.386623
v 2.322650 -0.921177 -1.401153
v 2.215370 -1.065977 -1.375633
v 2.195310 -1.218277 -1.348773
v 2.060070 -1.207277 -1.350713
v 1.898720 -1.192377 -1.353353
v 1.764310 -1.172377 -1.356873
v 1.328500 -1.151977 -1.360463
v 1.639370 -1.159077 -1.359213
v 1.432510 -1.149477 -1.360913
v 1.531330 -1.154877 -1.359963
v 2.409730 0.381623 -1.630873
v 2.490670 0.061723 -1.574473
v 2.406520 0.187423 -1.596643
v 2.408340 0.286623 -1.614143
v 2.394740 0.084123 -1.578423
v 2.216950 0.571422 -1.664353
v 2.313340 0.381623 -1.630873
v 2.216950 0.476523 -1.647613
v 2.216950 0.381623 -1.630873
v 2.483010 -0.023477 -1.559453
v 2.416970 -0.827577 -1.417673
v 2.442920 -0.155677 -1.536143
v 2.415940 -0.734477 -1.434083
v 2.391640 -0.196777 -1.528903
v 2.414190 -0.641577 -1.450473
v 2.398960 -0.255077 -1.518613
v 2.412040 -0.547877 -1.466993
v 2.411230 -0.355677 -1.500883
v 2.411490 -0.451577 -1.483963
v 2.321820 -0.828377 -1.417533
v 2.232540 -0.985577 -1.389803
v 2.235330 -0.914977 -1.402263
v 2.246290 -0.816777 -1.419573
v 2.178120 -0.968677 -1.392793
v 2.114790 -1.022678 -1.383263
v 1.909960 -1.042877 -1.379713
v 1.761060 -1.039177 -1.380363
v 1.323700 -1.055577 -1.377463
v 1.632870 -1.042977 -1.379683
v 1.426070 -1.045677 -1.379213
v 1.525790 -1.043077 -1.379673
v 2.120560 0.571422 -1.664353
v 2.024170 0.571422 -1.664353
v 1.927790 0.571422 -1.664353
v 2.313340 0.286623 -1.614143
v 2.388190 -0.004877 -1.562733
v 2.311080 0.096823 -1.580673
v 2.313340 0.191723 -1.597403
v 2.300510 -0.000377 -1.563523
v 2.120560 0.476523 -1.647613
v 2.216950 0.286623 -1.614143
v 2.120560 0.381623 -1.630873
v 2.120560 0.286623 -1.614143
v 2.360530 -0.112677 -1.543723
v 2.329630 -0.735777 -1.433863
v 2.342290 -0.177878 -1.532223
v 2.317270 -0.643477 -1.450123
v 2.329740 -0.249377 -1.519623
v 2.314490 -0.549177 -1.466753
v 2.313940 -0.355877 -1.500843
v 2.314140 -0.451977 -1.483893
v 2.257960 -0.736077 -1.433813
v 2.167620 -0.904177 -1.404153
v 2.176630 -0.799377 -1.422643
v 2.205730 -0.738377 -1.433403
v 2.071920 -0.903677 -1.404253
v 1.885950 -0.914077 -1.402413
v 1.741660 -0.920077 -1.401353
v 1.309270 -0.959977 -1.394323
v 1.614430 -0.923877 -1.400683
v 1.410100 -0.940277 -1.397793
v 1.511030 -0.929877 -1.399633
v 2.024170 0.476523 -1.647613
v 1.927790 0.476523 -1.647613
v 1.831400 0.571422 -1.664353
v 1.831400 0.476523 -1.647613
v 2.216950 0.191723 -1.597403
v 2.283420 -0.083477 -1.548883
v 2.216920 0.002622 -1.564053
v 2.216950 0.096823 -1.580673
v 2.208250 -0.069977 -1.551263
v 2.024170 0.381623 -1.630873
v 2.120560 0.191723 -1.597403
v 2.024170 0.286623 -1.614143
v 2.024170 0.191723 -1.597403
v 2.273390 -0.153777 -1.536473
v 2.234470 -0.652477 -1.448553
v 2.248410 -0.239477 -1.521363
v 2.210320 -0.550877 -1.466453
v 2.219930 -0.341277 -1.503413
v 2.205840 -0.452477 -1.483813
v 2.165330 -0.675077 -1.444553
v 2.080580 -0.754977 -1.430473
v 1.870930 -0.772077 -1.427453
v 1.717860 -0.791177 -1.424093
v 1.285450 -0.866477 -1.410813
v 1.585850 -0.805177 -1.421613
v 1.377110 -0.845477 -1.414523
v 1.484860 -0.818377 -1.419293
v 1.735010 0.571422 -1.664353
v 1.927790 0.381623 -1.630873
v 1.831400 0.381623 -1.630873
v 1.735010 0.476523 -1.647613
v 1.735010 0.381623 -1.630873
v 2.120560 0.096923 -1.580683
v 2.189780 -0.146877 -1.537703
v 2.121750 -0.068077 -1.551593
v 2.120510 0.003223 -1.564153
v 2.111180 -0.133577 -1.540043
v 1.927790 0.286623 -1.614143
v 2.024170 0.096923 -1.580693
v 1.927790 0.191723 -1.597403
v 1.927780 0.097123 -1.580713
v 2.169140 -0.227377 -1.523503
v 2.124140 -0.565777 -1.463823
v 2.144420 -0.316477 -1.507793
v 2.120590 -0.438077 -1.486363
v 1.996040 -0.592777 -1.459073
v 1.831060 -0.630377 -1.452433
v 1.682160 -0.660577 -1.447113
v 1.252560 -0.775577 -1.426833
v 1.548500 -0.685977 -1.442633
v 1.341830 -0.745978 -1.432053
v 1.447510 -0.709277 -1.438533
v 1.638620 0.571422 -1.664353
v 1.638620 0.476523 -1.647613
v 1.831400 0.286623 -1.614143
v 1.735010 0.286623 -1.614143
v 1.638620 0.381623 -1.630873
v 1.638620 0.286623 -1.614143
v 2.023970 0.013623 -1.565993
v 2.095730 -0.201677 -1.528033
v 2.031200 -0.121277 -1.542223
v 2.028220 -0.058478 -1.553273
v 2.035540 -0.173677 -1.532973
v 1.831400 0.191723 -1.597403
v 1.928570 0.021223 -1.567333
v 1.831390 0.097323 -1.580753
v 1.828020 0.028223 -1.568563
v 2.055390 -0.273877 -1.515303
v 1.979400 -0.401878 -1.492733
v 1.781600 -0.491477 -1.476943
v 1.634330 -0.531977 -1.469803
v 1.210710 -0.688377 -1.442223
v 1.501610 -0.572877 -1.462583
v 1.296770 -0.650377 -1.448923
v 1.399220 -0.603977 -1.457093
v 1.542230 0.571422 -1.664353
v 1.542230 0.476523 -1.647613
v 1.542230 0.381623 -1.630873
v 1.735010 0.191723 -1.597403
v 1.638620 0.191723 -1.597403
v 1.542230 0.286623 -1.614143
v 1.534200 0.208623 -1.600373
v 1.934630 -0.052878 -1.554263
v 1.986460 -0.207177 -1.527063
v 1.950020 -0.132077 -1.540313
v 1.735420 0.114223 -1.583733
v 1.814660 -0.042677 -1.556073
v 1.736700 0.046823 -1.571853
v 1.739680 -0.009177 -1.561973
v 1.873160 -0.262377 -1.517333
v 1.706910 -0.333778 -1.504733
v 1.570240 -0.400277 -1.493013
v 1.160390 -0.605477 -1.456823
v 1.444560 -0.458677 -1.482713
v 1.242290 -0.559377 -1.464953
v 1.340380 -0.503277 -1.474853
v 1.445840 0.571422 -1.664353
v 1.445840 0.476523 -1.647613
v 1.445840 0.381623 -1.630873
v 1.445510 0.297023 -1.615963
v 1.636970 0.116123 -1.584073
v 1.516260 0.136423 -1.587653
v 1.447600 0.228022 -1.603803
v 1.446760 0.173823 -1.594243
v 1.789390 -0.135477 -1.539713
v 1.645690 0.034823 -1.569743
v 1.679590 -0.047277 -1.555253
v 1.625570 -0.201677 -1.528033
v 1.492980 -0.282277 -1.513813
v 1.102080 -0.527977 -1.470503
v 1.372000 -0.352977 -1.501353
v 1.179010 -0.474177 -1.479983
v 1.271510 -0.408777 -1.491513
v 1.349450 0.476523 -1.647613
v 1.349450 0.571422 -1.664353
v 1.349450 0.381523 -1.630873
v 1.356390 0.293623 -1.615373
v 1.367220 0.212523 -1.601073
v 1.483720 0.041423 -1.570903
v 1.384510 0.141023 -1.588453
v 1.557960 -0.093777 -1.547063
v 1.414160 -0.173177 -1.533053
v 1.036500 -0.456477 -1.483103
v 1.291910 -0.255377 -1.518573
v 1.107730 -0.395677 -1.493833
v 1.193590 -0.321877 -1.506843
v 1.253060 0.571422 -1.664353
v 1.253060 0.381523 -1.630873
v 1.253060 0.476523 -1.647613
v 1.253070 0.286623 -1.614143
v 1.262460 0.201523 -1.599123
v 1.271800 0.117723 -1.584343
v 1.282220 -0.017377 -1.560533
v 0.963959 -0.391577 -1.494543
v 1.187450 -0.149577 -1.537213
v 1.028070 -0.324077 -1.506453
v 1.103290 -0.241177 -1.521063
v 1.156670 0.571422 -1.664353
v 1.156670 0.476523 -1.647613
v 1.156690 0.286723 -1.614143
v 1.156680 0.381523 -1.630873
v 1.162940 0.202523 -1.599293
v 1.163350 0.124523 -1.585553
v 1.135260 0.029623 -1.568823
v 0.885537 -0.334077 -1.504683
v 1.082640 -0.074877 -1.550383
v 0.942784 -0.260777 -1.517603
v 1.009950 -0.171077 -1.533423
v 1.060280 0.571422 -1.664353
v 0.963893 0.571422 -1.664353
v 1.060280 0.476523 -1.647613
v 1.060290 0.381523 -1.630873
v 1.076810 0.201423 -1.599103
v 1.060320 0.286723 -1.614143
v 1.098460 0.137123 -1.587773
v 1.049540 0.078223 -1.577393
v 0.801544 -0.284377 -1.513453
v 0.980245 -0.017877 -1.560443
v 0.851675 -0.205777 -1.527303
v 0.911539 -0.109977 -1.544193
v 0.963893 0.476423 -1.647613
v 0.867504 0.476423 -1.647603
v 0.867504 0.571422 -1.664353
v 0.963916 0.381523 -1.630863
v 0.963970 0.286723 -1.614143
v 0.969952 0.159323 -1.591693
v 0.712934 -0.242877 -1.520773
v 0.875409 0.033423 -1.569493
v 0.755475 -0.159677 -1.535433
v 0.807825 -0.057977 -1.553363
v 0.851972 0.383723 -1.631263
v 0.742555 0.384023 -1.631303
v 0.761769 0.478722 -1.648013
v 0.771114 0.571422 -1.664353
v 0.836596 0.293023 -1.615263
v 0.810842 0.188722 -1.596883
v 0.620725 -0.210077 -1.526543
v 0.768058 0.082423 -1.578123
v 0.656513 -0.122378 -1.542013
v 0.705256 -0.012277 -1.561423
v 0.723288 0.301423 -1.616743
v 0.638130 0.308323 -1.617963
v 0.651222 0.382522 -1.631033
v 0.665915 0.480223 -1.648263
v 0.674725 0.571422 -1.664353
v 0.525907 -0.186577 -1.530703
v 0.701447 0.215623 -1.601623
v 0.660259 0.126023 -1.585813
v 0.552640 -0.095977 -1.546673
v 0.600421 0.032122 -1.569253
v 0.624349 0.242723 -1.606393
v 0.577217 0.263723 -1.610093
v 0.576925 0.312623 -1.618713
v 0.578571 0.380623 -1.630703
v 0.578336 0.476123 -1.647553
v 0.578336 0.571422 -1.664353
v 0.429066 -0.172177 -1.533233
v 0.446869 -0.069777 -1.551293
v 0.582418 0.176023 -1.594623
v 0.483170 0.083323 -1.578283
v 0.530928 0.236923 -1.605363
v 0.508845 0.305623 -1.617473
v 0.495535 0.381323 -1.630833
v 0.481947 0.475823 -1.647493
v 0.481946 0.571422 -1.664353
v 0.328500 -0.167177 -1.534113
v 0.331165 -0.065077 -1.552123
v 0.329023 0.056423 -1.573543
v 0.425312 0.195722 -1.598103
v 0.317264 0.162523 -1.592253
v 0.400817 0.289323 -1.614613
v 0.386323 0.378023 -1.630253
v 0.385558 0.475323 -1.647403
v 0.385557 0.571422 -1.664353
v 0.219000 -0.167177 -1.534113
v 0.219012 -0.061677 -1.552723
v 0.217731 0.044423 -1.571423
v 0.216288 0.149623 -1.589983
v 0.301086 0.270723 -1.611323
v 0.211936 0.256223 -1.608783
v 0.290563 0.375023 -1.629713
v 0.289172 0.474323 -1.647243
v 0.289168 0.571422 -1.664353
v 0.109500 -0.167177 -1.534113
v 0.108616 -0.061677 -1.552723
v 0.107990 0.043823 -1.571323
v 0.107620 0.149423 -1.589933
v 0.107410 0.254923 -1.608533
v 0.196758 0.369223 -1.628693
v 0.104911 0.360423 -1.627143
v 0.192795 0.472723 -1.646943
v 0.192779 0.571422 -1.664353
v -0.000000 -0.167177 -1.534113
v -0.000000 -0.061677 -1.552723
v -0.000000 0.043823 -1.571323
v -0.000000 0.149423 -1.589933
v -0.000000 0.254923 -1.608533
v -0.000000 0.360423 -1.627143
v 0.096455 0.469923 -1.646443
v -0.000000 0.465923 -1.645743
v 0.096389 0.571422 -1.664353
v -0.000000 0.571422 -1.664353
v -0.000000 -0.150977 -1.440683
v -0.000000 -0.049877 -1.457763
v -0.000000 0.062923 -1.468243
v -0.000000 0.169223 -1.485013
v -0.000000 0.275223 -1.504743
v -0.000000 0.381323 -1.525503
v -0.000000 0.487823 -1.547273
v -0.000000 0.588723 -1.564383
v -0.000000 -0.135477 -1.347123
v -0.000000 -0.037377 -1.363103
v -0.000000 0.068223 -1.374803
v -0.000000 0.181723 -1.390623
v -0.000000 0.298423 -1.405743
v -0.000000 0.404823 -1.431013
v -0.000000 0.505523 -1.448073
v -0.000000 0.605323 -1.464313
v -0.000000 -0.120477 -1.253453
v -0.000000 -0.024078 -1.268513
v -0.000000 0.076123 -1.281073
v -0.000000 0.188423 -1.290173
v -0.000000 0.313723 -1.309323
v -0.000000 0.422223 -1.333073
v -0.000000 0.521423 -1.348573
v -0.000000 0.621323 -1.364163
v -0.000000 -0.106077 -1.159653
v -0.000000 -0.010677 -1.173943
v -0.000000 0.086623 -1.187123
v -0.000000 0.200923 -1.193883
v -0.000000 0.329423 -1.212773
v -0.000000 0.437323 -1.234133
v -0.000000 0.536623 -1.248993
v -0.000000 0.636623 -1.263923
v -0.000000 -0.092377 -1.065753
v -0.000000 0.002523 -1.079343
v -0.000000 0.098623 -1.092633
v -0.000000 0.216623 -1.100573
v -0.000000 0.342423 -1.115733
v -0.000000 0.451823 -1.135113
v -0.000000 0.551223 -1.149323
v -0.000000 0.651223 -1.163593
v -0.000000 -0.079177 -0.971743
v -0.000000 0.015523 -0.984683
v -0.000000 0.111023 -0.997483
v -0.000000 0.229723 -1.006863
v -0.000000 0.355023 -1.019063
v -0.000000 0.465723 -1.035983
v -0.000000 0.565223 -1.049563
v -0.000000 0.665223 -1.063163
v -0.000000 -0.066677 -0.877633
v -0.000000 0.027923 -0.889943
v -0.000000 0.123223 -0.902203
v -0.000000 0.241823 -0.911913
v -0.000000 0.367423 -0.922613
v -0.000000 0.479023 -0.936753
v -0.000000 0.578523 -0.949723
v -0.000000 0.678623 -0.962653
v -0.000000 -0.054677 -0.783443
v -0.000000 0.039923 -0.795123
v -0.000000 0.135123 -0.806813
v -0.000000 0.253823 -0.816243
v -0.000000 0.379923 -0.825993
v -0.000000 0.491823 -0.837413
v -0.000000 0.591223 -0.849793
v -0.000000 0.691223 -0.862053
v -0.000000 -0.043377 -0.689153
v -0.000000 0.051223 -0.700223
v -0.000000 0.146523 -0.711323
v -0.000000 0.265723 -0.720423
v -0.000000 0.393023 -0.728833
v -0.000000 0.504223 -0.737933
v -0.000000 0.603423 -0.749783
v -0.000000 0.703223 -0.761363
v -0.000000 -0.032677 -0.594793
v -0.000000 0.062023 -0.605243
v -0.000000 0.157323 -0.615743
v -0.000000 0.277523 -0.624723
v -0.000000 0.406523 -0.631153
v -0.000000 0.516423 -0.638313
v -0.000000 0.615123 -0.649713
v -0.000000 0.714623 -0.660583
v -0.000000 -0.022577 -0.500353
v -0.000000 0.072223 -0.510193
v -0.000000 0.167523 -0.520083
v -0.000000 0.288623 -0.529533
v -0.000000 0.419923 -0.534053
v -0.000000 0.528623 -0.538613
v -0.000000 0.626523 -0.549583
v -0.000000 0.725323 -0.559713
v -0.000000 -0.013077 -0.405853
v -0.000000 0.081723 -0.415073
v -0.000000 0.177123 -0.424353
v -0.000000 0.298623 -0.434753
v -0.000000 0.431823 -0.438693
v -0.000000 0.540523 -0.439503
v -0.000000 0.637623 -0.449363
v -0.000000 -0.004177 -0.311283
v -0.000000 0.090723 -0.319893
v -0.000000 0.186223 -0.328553
v -0.000000 0.307123 -0.339543
v -0.000000 0.440423 -0.342583
v -0.000000 0.549423 -0.343293
v -0.000000 0.646623 -0.351983
v -0.000000 0.004123 -0.216653
v -0.000000 0.099023 -0.224653
v -0.000000 0.194523 -0.232703
v -0.000000 0.315323 -0.243963
v -0.000000 0.448723 -0.246313
v -0.000000 0.557823 -0.246453
v -0.000000 0.655023 -0.254523
v -0.000000 0.011823 -0.121983
v -0.000000 0.106723 -0.129363
v -0.000000 0.202323 -0.136793
v -0.000000 0.323223 -0.147893
v -0.000000 0.456423 -0.149963
v -0.000000 0.565523 -0.149563
v -0.000000 0.662823 -0.157013
v -0.000000 0.018823 -0.027263
v -0.000000 0.113823 -0.034023
v -0.000000 0.209523 -0.040833
v -0.000000 0.330623 -0.051163
v -0.000000 0.463423 -0.053563
v -0.000000 0.572623 -0.052603
v -0.000000 0.669923 -0.059433
v -0.000000 0.025223 0.067499
v -0.000000 0.120323 0.061346
v -0.000000 0.216023 0.055157
v -0.000000 0.337223 0.046299
v -0.000000 0.469823 0.042868
v -0.000000 0.579123 0.044392
v -0.000000 0.676523 0.038189
v -0.000000 0.031123 0.162291
v -0.000000 0.126223 0.156754
v -0.000000 0.221923 0.151186
v -0.000000 0.343023 0.142937
v -0.000000 0.475523 0.139306
v -0.000000 0.584923 0.141430
v -0.000000 0.682423 0.135860
v -0.000000 0.036323 0.257109
v -0.000000 0.131423 0.252188
v -0.000000 0.227123 0.247242
v -0.000000 0.347823 0.239232
v -0.000000 0.480523 0.235711
v -0.000000 0.590023 0.238495
v -0.000000 0.687623 0.233569
v -0.000000 0.040923 0.351949
v -0.000000 0.136023 0.347642
v -0.000000 0.231823 0.343317
v -0.000000 0.351923 0.335427
v -0.000000 0.485123 0.331579
v -0.000000 0.594523 0.335574
v -0.000000 0.692223 0.331312
v -0.000000 0.044923 0.446803
v -0.000000 0.140023 0.443111
v -0.000000 0.235823 0.439408
v -0.000000 0.355123 0.431656
v -0.000000 0.488323 0.426838
v -0.000000 0.598123 0.432647
v -0.000000 0.696223 0.429084
v -0.000000 0.048224 0.541666
v -0.000000 0.143423 0.538591
v -0.000000 0.239224 0.535508
v -0.000000 0.355923 0.529374
v -0.000000 0.489123 0.521684
v -0.000000 0.600823 0.529678
v -0.000000 0.699423 0.526879
v -0.000000 0.051024 0.636532
v -0.000000 0.146223 0.634072
v -0.000000 0.242024 0.631612
v -0.000000 0.356223 0.625809
v -0.000000 0.485323 0.617053
v -0.000000 0.602223 0.626606
v -0.000000 0.701723 0.624690
v -0.000000 0.053124 0.731395
v -0.000000 0.148323 0.729550
v -0.000000 0.244124 0.727711
v -0.000000 0.350523 0.720529
v -0.000000 0.473323 0.715544
v -0.000000 0.601423 0.722529
v -0.000000 0.703123 0.722509
v -0.000000 0.054723 0.826249
v -0.000000 0.149823 0.825019
v -0.000000 0.248923 0.822398
v -0.000000 0.357323 0.816348
v -0.000000 0.472923 0.815116
v -0.000000 0.597223 0.816861
v -0.000000 0.703223 0.820324
v -0.000000 0.055623 0.921088
v -0.000000 0.153524 0.920499
v -0.000000 0.263723 0.914439
v -0.000000 0.373023 0.910729
v -0.000000 0.481524 0.908952
v -0.000000 0.589723 0.910041
v -0.000000 0.701823 0.918096
v -0.000000 0.055924 1.015907
v -0.000000 0.163023 1.015907
v -0.000000 0.270223 1.015907
v -0.000000 0.377323 1.015907
v -0.000000 0.484523 1.015907
v -0.000000 0.591623 1.015907
v -0.000000 0.698823 1.015907
v 4.827900 3.214522 0.536670
v 4.827900 3.216823 0.632503
v 4.827900 3.218623 0.728344
v 4.827900 3.219924 0.824191
v 4.827900 3.220624 0.920046
v 4.827900 3.220923 1.015907
v 4.827900 3.113624 0.518888
v 4.827900 3.112424 0.634715
v 4.827900 3.117223 0.730030
v 4.827900 3.120824 0.825271
v 4.827900 3.122323 0.919166
v 4.827900 3.122323 1.015907
v 4.827900 3.012822 0.501106
v 4.827900 3.012822 0.626969
v 4.827900 3.018523 0.725904
v 4.827900 3.024323 0.823619
v 4.827900 3.023824 0.918412
v 4.827900 3.023824 1.015907
v 4.827900 2.912923 0.518716
v 4.827900 2.924123 0.631544
v 4.827900 2.930524 0.729121
v 4.827900 2.925624 0.821623
v 4.827900 2.925223 0.917950
v 4.827900 2.925223 1.015907
v 4.827900 2.813024 0.536327
v 4.827900 2.830623 0.636193
v 4.827900 2.828624 0.736560
v 4.827900 2.826922 0.820361
v 4.827900 2.826722 0.917686
v 4.827900 2.826722 1.015907
v 4.827900 2.713223 0.553937
v 4.827900 2.730823 0.653799
v 4.827900 2.732823 0.742550
v 4.827900 2.728223 0.819648
v 4.827900 2.728124 0.917537
v 4.827900 2.728124 1.015907
v 4.827900 2.613322 0.571547
v 4.827900 2.630923 0.671403
v 4.827900 2.633323 0.751728
v 4.827900 2.630424 0.828547
v 4.827900 2.629523 0.917453
v 4.827900 2.629523 1.015907
v 4.827900 2.513423 0.589157
v 4.827900 2.529223 0.674926
v 4.827900 2.537824 0.746044
v 4.827900 2.533023 0.823809
v 4.827900 2.531024 0.917407
v 4.827900 2.531024 1.015907
v 4.827900 2.413524 0.606767
v 4.827900 2.433423 0.687141
v 4.827900 2.443624 0.755824
v 4.827900 2.443423 0.829131
v 4.827900 2.432424 0.917381
v 4.827900 2.432424 1.015907
v 4.827900 2.340123 0.704515
v 4.827900 2.313724 0.624377
v 4.827900 2.351323 0.768240
v 4.827900 2.347423 0.833804
v 4.827900 2.333922 0.917367
v 4.827900 2.333922 1.015907
v 4.827900 2.265224 0.729336
v 4.827900 2.296924 0.773023
v 4.827900 2.213822 0.641987
v 4.827900 2.275323 0.825845
v 4.827900 2.254823 0.916432
v 4.827900 2.235324 1.015907
v 4.827900 2.113923 0.659597
v 4.827900 2.187423 0.780521
v 4.827900 2.153623 0.916110
v 4.827900 2.136823 1.015907
v 4.827900 2.014123 0.677207
v 4.827900 2.034923 0.797674
v 4.827900 2.038222 0.917352
v 4.827900 2.038222 1.015907
v 4.827900 1.914224 0.694817
v 4.827900 1.935622 0.806266
v 4.827900 1.939624 0.917349
v 4.827900 1.939624 1.015907
v 4.827900 1.814322 0.712428
v 4.827900 1.831622 0.810598
v 4.827900 1.841123 0.917348
v 4.827900 1.841123 1.015907
v 4.827900 1.714423 0.730038
v 4.827900 1.731523 0.826860
v 4.827900 1.742522 0.917348
v 4.827900 1.742522 1.015907
v 4.827900 1.614623 0.747648
v 4.827900 1.631223 0.842003
v 4.827900 1.644023 0.917348
v 4.827900 1.644023 1.015907
v 4.827900 1.514724 0.765258
v 4.827900 1.530423 0.845867
v 4.827900 1.539724 0.924399
v 4.827900 1.545423 1.015907
v 4.827900 1.414823 0.782868
v 4.827900 1.432923 0.856334
v 4.827900 1.440923 0.929876
v 4.827900 1.446822 1.015907
v 4.827900 1.376424 0.869542
v 4.827900 1.314923 0.800478
v 4.827900 1.354023 0.934456
v 4.827900 1.348323 1.015907
v 4.827900 1.215123 0.818088
v 4.827900 1.249724 1.015907
v 4.827900 1.151223 1.015907
v 4.827900 1.052623 1.015907
v 4.827900 1.115223 0.835698
v 4.827900 1.033823 0.939215
v 4.827900 0.941123 0.432303
v 4.827900 0.954023 1.015907
v 4.827900 0.980824 0.931508
v 4.827900 0.959724 0.537554
v 4.827900 1.015323 0.853308
v 4.827900 0.978223 0.642806
v 4.827900 0.996823 0.748057
v 4.827900 0.839323 0.450247
v 4.827900 0.855523 1.015907
v 4.827900 0.857323 0.551798
v 4.827900 0.864323 0.920242
v 4.827900 0.880823 0.835308
v 4.827900 0.864723 0.651423
v 4.827900 0.872823 0.740445
v 4.827900 0.755223 0.567879
v 4.827900 0.737623 0.468190
v 4.827900 0.756923 1.015907
v 4.827900 0.756923 0.917348
v 4.827900 0.551223 0.006037
v 4.827900 0.762323 0.651655
v 4.827900 0.759923 0.833521
v 4.827900 0.760923 0.728380
v 4.827900 0.691823 0.641309
v 4.827900 0.568123 0.102059
v 4.827900 0.671023 0.582305
v 4.827900 0.585023 0.198078
v 4.827900 0.635823 0.486134
v 4.827900 0.601923 0.294096
v 4.827900 0.618923 0.390115
v 4.827900 0.658423 0.917348
v 4.827900 0.658423 1.015907
v 4.827900 0.449623 0.023948
v 4.827900 0.645623 0.826689
v 4.827900 0.468623 0.119617
v 4.827900 0.646623 0.697044
v 4.827900 0.592723 0.600850
v 4.827900 0.487023 0.215364
v 4.827900 0.549923 0.508793
v 4.827900 0.504823 0.311226
v 4.827900 0.522224 0.407157
v 4.827900 0.530523 0.822644
v 4.827900 0.550023 0.921753
v 4.827900 0.559823 1.015907
v 4.827900 0.348023 0.041855
v 4.827900 0.365823 0.142229
v 4.827900 0.516723 0.727031
v 4.827900 0.386823 0.234684
v 4.827900 0.494023 0.626462
v 4.827900 0.458923 0.529182
v 4.827900 0.406523 0.329278
v 4.827900 0.425023 0.424692
v 4.827900 0.427023 0.735739
v 4.827900 0.440023 0.820412
v 4.827900 0.451723 0.919432
v 4.827900 0.461223 1.015907
v 4.827900 0.246523 0.059763
v 4.827900 0.264423 0.161392
v 4.827900 0.282323 0.259540
v 4.827900 0.418723 0.648965
v 4.827900 0.305523 0.351010
v 4.827900 0.373823 0.561803
v 4.827900 0.326623 0.443549
v 4.827900 0.144923 0.077670
v 4.827900 0.043423 0.095578
v 4.827900 -0.058177 0.113485
v 4.827900 -0.159777 0.131392
v 4.827900 -0.261277 0.149300
v 4.827900 0.361223 0.670015
v 4.827900 0.357423 0.736732
v 4.827900 0.362723 0.818331
v 4.827900 0.362723 0.917348
v 4.827900 0.362723 1.015907
v 4.827900 0.162923 0.179293
v 4.827900 0.179923 0.277018
v 4.827900 0.196323 0.362179
v 4.827900 0.286223 0.617063
v 4.827900 0.225323 0.464211
v 4.827900 0.061223 0.196844
v 4.827900 -0.051377 0.213344
v 4.827900 -0.147977 0.227492
v 4.827900 -0.244477 0.244531
v 4.827900 0.261923 0.724750
v 4.827900 0.264123 0.818532
v 4.827900 0.264123 0.917348
v 4.827900 0.264123 1.015907
v 4.827900 0.064123 0.291033
v 4.827900 0.079323 0.384787
v 4.827900 0.099523 0.479807
v 4.827900 0.141823 0.715019
v 4.827900 0.122223 0.603880
v 4.827900 -0.037777 0.307111
v 4.827900 -0.132677 0.323001
v 4.827900 -0.227677 0.339762
v 4.827900 0.153223 0.813656
v 4.827900 0.165623 0.917348
v 4.827900 0.165623 1.015907
v 4.827900 -0.021577 0.401812
v 4.827900 0.048523 0.807920
v 4.827900 -0.005677 0.497335
v 4.827900 0.028023 0.712863
v 4.827900 0.006423 0.601447
v 4.827900 -0.115977 0.418257
v 4.827900 -0.210877 0.434993
v 4.827900 0.067023 0.917348
v 4.827900 0.067023 1.015907
v 4.827900 -0.031477 0.917348
v 4.827900 -0.048277 0.812403
v 4.827900 -0.099477 0.513531
v 4.827900 -0.068177 0.712392
v 4.827900 -0.083077 0.608835
v 4.827900 -0.194076 0.530224
v 4.827900 -0.031477 1.015907
v 4.827900 -0.130077 1.015907
v 4.827900 -0.130077 0.917348
v 4.827900 -0.146077 0.818597
v 4.827900 -0.160777 0.719219
v 4.827900 -0.177377 0.625454
v 4.827900 -0.228677 1.015907
v 4.827900 -0.228677 0.917348
v 4.827900 -0.232377 0.826004
v 4.827900 -0.254277 0.735870
v 4.827900 -0.270877 0.641950
v 4.827900 -0.327177 1.015907
v 4.827900 -0.327177 0.917348
v 4.827900 -0.333677 0.840352
v 4.827900 -0.347777 0.752658
v 4.827900 -0.364377 0.658445
v 4.827900 -0.425776 1.015907
v 4.827900 -0.424777 0.926641
v 4.827900 -0.429877 0.848851
v 4.827900 -0.441276 0.769676
v 4.827900 -0.457977 0.674941
v 4.827900 -0.524377 1.015907
v 4.827900 -0.525277 0.930764
v 4.827900 -0.526777 0.850033
v 4.827900 -0.537277 0.776559
v 4.827900 -0.551577 0.691436
v 4.827900 -0.622877 1.015907
v 4.827900 -0.620277 0.930659
v 4.827900 -0.620977 0.860139
v 4.827900 -0.631077 0.792148
v 4.827900 -0.645077 0.707931
v 4.827900 -0.715577 0.939061
v 4.827900 -0.721476 1.015907
v 4.827900 -0.711577 0.873373
v 4.827900 -0.722677 0.812104
v 4.827900 -0.738577 0.724426
v 4.827900 -0.789177 0.930024
v 4.827900 -0.762876 0.876740
v 4.827900 -0.819977 1.015907
v 4.827900 -0.795077 0.828615
v 4.827900 -0.832177 0.740922
v 4.827900 -0.918577 1.015907
v 4.827900 -0.876177 0.887181
v 4.827900 -0.925677 0.757417
v 4.827900 -1.017076 1.015907
v 4.827900 -1.017677 0.894905
v 4.827900 -1.019277 0.773912
v 4.727480 -1.017477 1.015907
v 4.734290 -1.018077 0.888660
v 4.730680 -1.019677 0.771715
v 4.627050 -1.018577 1.015907
v 4.627500 -1.019176 0.885313
v 4.632750 -1.020877 0.765064
v 4.526610 -1.020477 1.015907
v 4.481550 -1.022277 0.877795
v 4.535240 -1.022777 0.753965
v 4.426150 -1.023077 1.015907
v 4.392720 -1.024377 0.921969
v 4.438350 -1.025577 0.738443
v 4.366130 -1.025777 0.867315
v 4.399110 -1.025277 0.818603
v 4.325700 -1.026377 1.015907
v 4.317490 -1.026976 0.929752
v 4.313380 -1.027676 0.862359
v 4.342290 -1.029077 0.718530
v 4.321310 -1.028277 0.798715
v 4.225250 -1.030476 1.015907
v 4.220720 -1.030977 0.923045
v 4.223670 -1.031577 0.850628
v 4.233840 -1.032277 0.772362
v 4.247270 -1.033277 0.694269
v 4.124820 -1.035277 1.015907
v 4.124830 -1.035677 0.914991
v 4.129670 -1.036277 0.833486
v 4.140540 -1.037177 0.747042
v 4.153490 -1.038377 0.665713
v 4.024420 -1.040877 1.015907
v 4.024430 -1.041277 0.915151
v 4.027230 -1.042177 0.817675
v 4.044100 -1.042977 0.716864
v 4.060720 -1.044177 0.632758
v 3.924040 -1.047177 1.015907
v 3.924060 -1.047577 0.915236
v 3.929770 -1.048577 0.795350
v 3.948780 -1.049677 0.681878
v 3.970020 -1.050677 0.595782
v 3.823710 -1.054177 1.015907
v 3.813040 -1.055377 0.912027
v 3.784710 -1.059577 0.762120
v 3.837050 -1.058277 0.644723
v 3.881150 -1.057877 0.554720
v 3.723420 -1.061977 1.015907
v 3.712520 -1.063277 0.913533
v 3.693250 -1.066177 0.803262
v 3.668180 -1.069477 0.734648
v 3.705240 -1.067577 0.683754
v 3.746170 -1.066577 0.597559
v 3.794300 -1.065877 0.509660
v 3.623190 -1.070577 1.015907
v 3.523030 -1.079777 1.015907
v 3.623220 -1.070877 0.915309
v 3.623310 -1.071977 0.816014
v 3.613300 -1.074477 0.726307
v 3.639690 -1.074177 0.643271
v 3.673910 -1.074077 0.551256
v 3.709660 -1.074477 0.460698
v 3.523070 -1.080177 0.915314
v 3.422940 -1.089777 1.015907
v 3.422980 -1.090176 0.915317
v 3.505250 -1.082977 0.814749
v 3.477600 -1.088277 0.687600
v 3.532540 -1.086077 0.574785
v 3.581520 -1.084577 0.488991
v 3.627400 -1.083777 0.407939
v 3.404970 -1.093177 0.815203
v 3.322940 -1.100577 1.015907
v 3.322980 -1.100977 0.915320
v 3.323100 -1.102076 0.814966
v 3.223020 -1.112077 1.015907
v 3.123200 -1.124277 1.015907
v 3.023490 -1.137277 1.015907
v 2.923890 -1.150977 1.015907
v 2.824420 -1.165377 1.015907
v 2.725080 -1.180477 1.015907
v 2.625870 -1.196377 1.015907
v 2.526820 -1.213076 1.015907
v 2.427920 -1.230377 1.015907
v 3.386310 -1.096877 0.719721
v 3.362520 -1.100977 0.658521
v 3.401310 -1.098277 0.607630
v 3.446540 -1.096677 0.513425
v 3.498290 -1.094877 0.431133
v 3.547710 -1.093777 0.351495
v 3.318850 -1.104077 0.728755
v 3.223060 -1.112377 0.915325
v 3.223190 -1.113577 0.814875
v 3.217650 -1.115877 0.724345
v 3.123250 -1.124677 0.915331
v 3.023540 -1.137577 0.915341
v 2.923950 -1.151276 0.915354
v 2.824480 -1.165777 0.915370
v 2.725140 -1.180877 0.915388
v 2.625950 -1.196777 0.915408
v 2.526890 -1.213377 0.915215
v 2.427900 -1.230777 0.914477
v 3.310800 -1.106777 0.651684
v 3.333530 -1.106877 0.566444
v 3.379820 -1.105677 0.463496
v 3.424130 -1.104977 0.372672
v 3.470750 -1.104377 0.291486
v 3.215430 -1.118177 0.641551
v 3.123380 -1.125777 0.814832
v 3.111610 -1.128977 0.720620
v 3.101200 -1.132277 0.640433
v 3.023680 -1.138677 0.814820
v 2.924100 -1.152377 0.814828
v 2.824640 -1.166877 0.814848
v 2.725310 -1.181977 0.814879
v 2.626220 -1.197877 0.814482
v 2.527390 -1.214476 0.812788
v 2.427900 -1.231877 0.813069
v 2.427900 -1.233777 0.711672
v 3.205600 -1.123377 0.517183
v 3.280060 -1.120177 0.384977
v 3.330060 -1.118577 0.302811
v 3.396680 -1.115477 0.228042
v 3.083290 -1.137277 0.553830
v 3.023930 -1.140577 0.714961
v 3.024600 -1.142277 0.641905
v 3.028530 -1.143577 0.580848
v 2.924350 -1.154277 0.714674
v 2.824890 -1.168677 0.714540
v 2.725780 -1.183777 0.714493
v 2.627570 -1.199477 0.713939
v 2.527600 -1.216377 0.711260
v 2.427900 -1.236477 0.610293
v 2.527710 -1.218977 0.609750
v 3.107020 -1.140676 0.394626
v 3.182720 -1.135477 0.307926
v 3.024870 -1.148077 0.469529
v 3.255740 -1.130877 0.232956
v 3.325670 -1.127277 0.161296
v 2.965720 -1.153377 0.542948
v 2.939890 -1.154277 0.628043
v 2.825350 -1.171177 0.616577
v 2.726470 -1.186277 0.614298
v 2.628240 -1.202177 0.609310
v 2.427900 -1.239977 0.508938
v 2.527770 -1.222477 0.508263
v 2.628220 -1.205677 0.507659
v 3.029680 -1.155177 0.305258
v 3.108520 -1.148977 0.231320
v 2.941530 -1.163277 0.383267
v 3.184790 -1.143777 0.159797
v 2.838030 -1.174177 0.476238
v 3.257860 -1.139577 0.091392
v 2.704020 -1.193677 0.501477
v 2.427900 -1.244177 0.407611
v 2.527800 -1.226677 0.406805
v 2.614200 -1.211877 0.413396
v 2.672840 -1.202077 0.419548
v 2.956810 -1.169777 0.220844
v 3.038030 -1.162977 0.151389
v 2.866390 -1.179777 0.270987
v 3.117330 -1.157277 0.083490
v 2.728970 -1.197277 0.333367
v 3.193410 -1.152477 0.018478
v 2.427900 -1.249177 0.306319
v 2.527820 -1.231677 0.305381
v 2.631900 -1.213677 0.315354
v 2.887870 -1.185777 0.121476
v 2.971450 -1.177677 0.068284
v 2.803340 -1.195177 0.168614
v 3.053520 -1.171277 0.004197
v 2.715720 -1.206676 0.201657
v 3.132440 -1.165777 -0.057293
v 2.628080 -1.220677 0.202924
v 2.427900 -1.254877 0.205068
v 2.527830 -1.237477 0.203999
v 2.826490 -1.200477 0.040280
v 2.908980 -1.192777 -0.017853
v 2.757490 -1.207477 0.088661
v 2.993500 -1.185677 -0.077913
v 2.704220 -1.212577 0.136922
v 3.075090 -1.179677 -0.135743
v 2.633150 -1.225377 0.116420
v 2.527720 -1.243977 0.102977
v 2.427900 -1.261377 0.104174
v 2.772850 -1.216177 -0.059463
v 2.850880 -1.208377 -0.106883
v 2.671070 -1.226677 0.011827
v 2.937390 -1.200677 -0.162663
v 3.021480 -1.193977 -0.216733
v 2.527760 -1.251277 0.001697
v 2.427900 -1.268677 0.003017
v 2.729620 -1.230277 -0.147933
v 2.797480 -1.224277 -0.198693
v 2.634840 -1.243377 -0.123543
v 2.885310 -1.216077 -0.249863
v 2.528390 -1.260077 -0.109743
v 2.971720 -1.208677 -0.300063
v 2.427900 -1.276777 -0.098073
v 2.707550 -1.238577 -0.201983
v 2.753780 -1.236477 -0.257583
v 2.633510 -1.251077 -0.208303
v 2.838240 -1.230977 -0.332023
v 2.533760 -1.267776 -0.207603
v 2.925930 -1.223677 -0.385573
v 2.427900 -1.285577 -0.199103
v 2.671160 -1.255877 -0.322093
v 2.785150 -1.247077 -0.410963
v 2.533560 -1.278177 -0.316823
v 2.884190 -1.239177 -0.473073
v 2.427900 -1.295177 -0.300063
v 2.638410 -1.273777 -0.443103
v 2.741590 -1.263877 -0.502463
v 2.537050 -1.288477 -0.421623
v 2.846600 -1.254877 -0.562383
v 2.427900 -1.305477 -0.400953
v 2.612810 -1.285677 -0.511573
v 2.540060 -1.298277 -0.514283
v 2.668360 -1.286277 -0.594163
v 2.813090 -1.270977 -0.653743
v 2.427900 -1.316577 -0.501753
v 2.543000 -1.308777 -0.607283
v 2.427910 -1.328477 -0.602473
v 2.784050 -1.287277 -0.746083
v 2.670900 -1.302377 -0.725433
v 2.538600 -1.322477 -0.709793
v 2.427910 -1.341077 -0.703093
v 2.759370 -1.303777 -0.839653
v 2.653740 -1.318177 -0.821833
v 2.527850 -1.337077 -0.806003
v 2.427900 -1.354477 -0.803623
v 2.739100 -1.320477 -0.934243
v 2.642700 -1.332977 -0.913743
v 2.527850 -1.351277 -0.906553
v 2.427900 -1.368677 -0.904043
v 2.723290 -1.337278 -1.029653
v 2.626840 -1.350477 -1.013673
v 2.527850 -1.366277 -1.006993
v 2.427900 -1.383577 -1.004363
v 2.711980 -1.354177 -1.125693
v 2.616240 -1.367977 -1.114263
v 2.526110 -1.382177 -1.107293
v 2.427900 -1.399277 -1.104553
v 2.705170 -1.371277 -1.222143
v 2.611290 -1.386077 -1.219183
v 2.519730 -1.400677 -1.212893
v 2.427900 -1.415677 -1.204633
v 2.701230 0.588423 -1.566293
v 2.701190 0.488023 -1.549313
v 2.701330 0.383922 -1.528123
v 2.701320 0.283823 -1.510543
v 2.708210 0.604723 -1.468223
v 2.708090 0.505223 -1.452073
v 2.708550 0.401023 -1.428693
v 2.708540 0.301323 -1.411193
v 2.719840 0.620323 -1.370543
v 2.719550 0.521323 -1.355153
v 2.720570 0.418523 -1.329733
v 2.720560 0.318723 -1.312233
v 2.736070 0.635223 -1.273413
v 2.735590 0.536523 -1.258593
v 2.737320 0.435923 -1.231613
v 2.737300 0.336023 -1.214093
v 2.756860 0.649323 -1.177083
v 2.756130 0.550723 -1.162833
v 2.758840 0.453123 -1.134143
v 2.758820 0.353223 -1.116613
v 2.782190 0.662723 -1.081693
v 2.781160 0.564123 -1.067953
v 2.785080 0.470123 -1.037643
v 2.785050 0.370223 -1.020113
v 2.811980 0.675323 -0.987493
v 2.813650 0.581223 -0.965923
v 2.815890 0.486923 -0.942693
v 2.815860 0.387023 -0.925153
v 2.846490 0.687323 -0.893893
v 2.848250 0.591823 -0.872513
v 2.851290 0.503423 -0.849173
v 2.851260 0.403523 -0.831623
v 2.885040 0.698423 -0.802723
v 2.882910 0.599523 -0.790123
v 2.887360 0.515623 -0.765253
v 2.891240 0.419723 -0.739663
v 2.927810 0.708723 -0.713373
v 2.925290 0.609923 -0.701043
v 2.931360 0.529423 -0.674663
v 2.935520 0.435523 -0.649873
v 2.974730 0.718323 -0.626043
v 2.975770 0.626123 -0.607913
v 2.979260 0.543023 -0.587023
v 2.984130 0.451023 -0.562203
v 3.025680 0.727223 -0.540923
v 3.026740 0.636223 -0.523173
v 3.031000 0.555523 -0.502103
v 3.036880 0.466023 -0.476963
v 3.082240 0.646923 -0.440123
v 3.087120 0.566723 -0.418923
v 3.093710 0.480623 -0.394283
v 3.147460 0.658723 -0.352383
v 3.153480 0.575223 -0.329843
v 3.154420 0.494723 -0.314413
v 3.215360 0.675623 -0.271183
v 3.218770 0.590723 -0.252213
v 3.219110 0.508323 -0.237283
v 3.288610 0.698623 -0.193303
v 3.291410 0.614523 -0.175503
v 3.287300 0.521323 -0.163433
v 3.364580 0.723023 -0.120833
v 3.365280 0.628723 -0.103543
v 3.359220 0.533823 -0.092633
v 3.437770 0.851423 -0.076343
v 3.436360 0.742923 -0.058433
v 3.434060 0.645123 -0.043223
v 3.434000 0.545623 -0.025723
v 3.515760 0.862523 -0.013243
v 3.518300 0.762723 0.006387
v 3.511880 0.656323 0.020022
v 3.511820 0.556723 0.037546
v 3.596690 0.873023 0.046147
v 3.597300 0.774023 0.064044
v 3.592740 0.667023 0.079629
v 3.592690 0.567223 0.097173
v 3.680630 0.882823 0.101838
v 3.680570 0.783723 0.119277
v 3.676370 0.676923 0.135371
v 3.676320 0.577123 0.152942
v 3.766950 0.891923 0.153421
v 3.766900 0.792723 0.170886
v 3.762900 0.686123 0.187343
v 3.762840 0.586223 0.204919
v 3.855600 0.900323 0.200882
v 3.855540 0.801023 0.218363
v 3.851840 0.694623 0.235199
v 3.851790 0.594723 0.252781
v 3.945770 0.907923 0.243862
v 3.945720 0.808823 0.261308
v 3.943000 0.702323 0.278833
v 3.942950 0.602423 0.296422
v 4.038630 0.914823 0.282903
v 4.038580 0.815523 0.300373
v 4.036230 0.709223 0.318176
v 4.036180 0.609324 0.335767
v 4.133260 0.920923 0.317563
v 4.133200 0.821623 0.335055
v 4.131180 0.715423 0.353070
v 4.131130 0.615423 0.370669
v 4.229450 0.926223 0.347767
v 4.229400 0.826823 0.365274
v 4.227760 0.720823 0.383488
v 4.227710 0.620823 0.401095
v 4.326970 0.930723 0.373440
v 4.326910 0.831323 0.390954
v 4.325700 0.725423 0.409340
v 4.325660 0.625423 0.426958
v 4.425630 0.934423 0.394536
v 4.425580 0.835023 0.412057
v 4.424730 0.729223 0.430550
v 4.424690 0.629123 0.448189
v 4.525170 0.937423 0.410998
v 4.525120 0.837923 0.428523
v 4.524740 0.732323 0.447093
v 4.524710 0.632123 0.464764
v 4.624940 0.939423 0.422754
v 4.624900 0.840223 0.440251
v 4.625290 0.734723 0.458879
v 4.625260 0.634123 0.476615
v 4.725600 0.940723 0.429881
v 4.725560 0.840823 0.447482
v 4.726590 0.736523 0.465940
v 4.726510 0.635423 0.483755
v 1.481950 -1.809677 1.015907
v 1.578500 -1.829077 1.015907
v 1.597700 -1.737877 1.015907
v 1.522860 -1.719277 1.015907
v 1.460640 -1.699777 1.015907
v 1.401430 -1.755577 1.015907
v 1.678400 -1.829077 1.015907
v 1.685210 -1.743377 1.015907
v 1.694270 -1.656377 1.015907
v 1.618890 -1.652676 1.015907
v 1.535510 -1.648877 1.015907
v 1.445360 -1.641777 1.015907
v 1.347480 -1.674577 1.015907
v 1.778300 -1.829077 1.015907
v 1.782690 -1.743177 1.015907
v 1.789940 -1.652676 1.015907
v 1.795510 -1.570977 1.015907
v 1.706960 -1.575477 1.015907
v 1.626150 -1.568977 1.015907
v 1.536610 -1.565277 1.015907
v 1.434280 -1.568677 1.015907
v 1.328500 -1.579077 1.015907
v 0.105421 0.709623 1.015907
v 0.109500 0.055924 1.015907
v 0.104195 0.602823 1.015907
v 0.109503 0.163923 1.015907
v 0.108137 0.270223 1.015907
v 0.108713 0.484523 1.015907
v 0.108108 0.377323 1.015907
v 0.202452 0.718523 1.015907
v 1.878200 -1.829077 1.015907
v 1.883140 -1.739477 1.015907
v 1.879450 -1.643977 1.015907
v 1.882470 -1.565977 1.015907
v 1.882990 -1.500777 1.015907
v 1.803450 -1.492277 1.015907
v 1.717800 -1.485777 1.015907
v 1.637870 -1.477076 1.015907
v 1.540970 -1.473177 1.015907
v 1.434240 -1.473277 1.015907
v 1.328500 -1.473277 1.015907
v 1.328500 -1.367377 1.015907
v 1.328500 -1.261577 1.015907
v 1.328500 -1.155777 1.015907
v 0.219000 0.055924 1.015907
v 0.212102 0.615624 1.015907
v 0.219001 0.164523 1.015907
v 0.213531 0.504523 1.015907
v 0.218521 0.272023 1.015907
v 0.221127 0.377923 1.015907
v 0.299237 0.727923 1.015907
v 0.310673 0.629723 1.015907
v 1.978100 -1.829077 1.015907
v 1.978180 -1.736077 1.015907
v 1.975110 -1.640777 1.015907
v 1.976610 -1.549577 1.015907
v 1.967160 -1.477776 1.015907
v 1.943160 -1.406176 1.015907
v 1.880260 -1.446477 1.015907
v 1.817830 -1.414977 1.015907
v 1.738050 -1.385677 1.015907
v 1.654050 -1.368177 1.015907
v 1.541580 -1.367277 1.015907
v 1.434170 -1.367377 1.015907
v 1.434030 -1.261577 1.015907
v 1.433760 -1.155777 1.015907
v 1.328500 -1.049877 1.015907
v 1.433150 -1.049877 1.015907
v 0.328500 0.055924 1.015907
v 0.331178 0.164923 1.015907
v 0.325410 0.523423 1.015907
v 0.334941 0.274324 1.015907
v 0.330658 0.399023 1.015907
v 0.410724 0.643323 1.015907
v 0.395613 0.741023 1.015907
v 0.440569 0.542723 1.015907
v 0.491438 0.757623 1.015907
v 2.078000 -1.829077 1.015907
v 2.078020 -1.733177 1.015907
v 2.075700 -1.636077 1.015907
v 2.073590 -1.542376 1.015907
v 2.066430 -1.459477 1.015907
v 0.426529 0.051123 1.015907
v 0.523606 0.036723 1.015907
v 0.618800 0.012823 1.015907
v 2.055650 -1.372777 1.015907
v 1.328500 -0.944076 1.015907
v 0.711558 -0.020377 1.015907
v 1.323760 -0.846777 1.015907
v 0.800255 -0.062377 1.015907
v 1.309440 -0.749777 1.015907
v 0.884408 -0.112877 1.015907
v 1.285670 -0.654577 1.015907
v 0.963208 -0.171277 1.015907
v 1.252530 -0.561777 1.015907
v 1.035890 -0.237277 1.015907
v 1.210610 -0.473077 1.015907
v 1.101770 -0.309976 1.015907
v 1.160190 -0.388877 1.015907
v 2.044210 -1.273377 1.015907
v 1.896450 -1.315576 1.015907
v 1.766950 -1.280577 1.015907
v 1.659890 -1.263077 1.015907
v 1.542610 -1.261377 1.015907
v 1.544260 -1.155277 1.015907
v 1.546250 -1.048477 1.015907
v 1.431070 -0.941577 1.015907
v 1.540170 -0.925177 1.015907
v 0.436898 0.156523 1.015907
v 0.586286 0.777623 1.015907
v 0.454790 0.274123 1.015907
v 0.482705 0.435723 1.015907
v 0.529448 0.559723 1.015907
v 0.510115 0.660523 1.015907
v 0.547142 0.499024 1.015907
v 0.608602 0.681223 1.015907
v 2.177900 -1.829077 1.015907
v 2.170350 -1.731477 1.015907
v 2.166680 -1.635977 1.015907
v 2.158810 -1.549277 1.015907
v 2.151220 -1.454877 1.015907
v 2.141900 -1.364477 1.015907
v 0.543949 0.139323 1.015907
v 0.648890 0.112323 1.015907
v 0.751171 0.075423 1.015907
v 2.125710 -1.257976 1.015907
v 1.426330 -0.836677 1.015907
v 0.838847 0.024923 1.015907
v 1.402380 -0.722477 1.015907
v 0.931118 -0.029277 1.015907
v 1.374760 -0.619077 1.015907
v 1.017720 -0.092477 1.015907
v 1.337690 -0.517977 1.015907
v 1.097700 -0.164177 1.015907
v 1.291030 -0.421277 1.015907
v 1.170340 -0.243277 1.015907
v 1.235140 -0.329377 1.015907
v 2.120340 -1.151477 1.015907
v 2.046880 -1.160877 1.015907
v 1.944780 -1.158177 1.015907
v 1.784410 -1.150877 1.015907
v 1.667130 -1.150077 1.015907
v 1.673070 -1.030077 1.015907
v 1.673540 -0.904077 1.015907
v 1.530960 -0.811777 1.015907
v 1.653550 -0.780877 1.015907
v 0.680654 0.801423 1.015907
v 0.565439 0.248223 1.015907
v 0.706634 0.705923 1.015907
v 0.597038 0.378224 1.015907
v 0.622804 0.483823 1.015907
v 0.617657 0.579223 1.015907
v 0.733605 0.606723 1.015907
v 0.774054 0.828723 1.015907
v 2.272980 -1.810277 1.015907
v 2.242770 -1.719577 1.015907
v 2.242590 -1.636077 1.015907
v 2.238530 -1.557477 1.015907
v 2.059490 -1.096177 1.015907
v 2.229420 -1.456177 1.015907
v 2.222520 -1.353476 1.015907
v 2.214630 -1.242977 1.015907
v 0.672528 0.210723 1.015907
v 0.783345 0.165823 1.015907
v 0.876668 0.116324 1.015907
v 2.216740 -1.142277 1.015907
v 1.500510 -0.691077 1.015907
v 0.971985 0.051724 1.015907
v 1.462280 -0.581177 1.015907
v 1.063530 -0.017776 1.015907
v 1.418240 -0.475477 1.015907
v 1.149110 -0.094777 1.015907
v 1.366190 -0.372577 1.015907
v 1.228470 -0.179277 1.015907
v 1.300500 -0.271577 1.015907
v 2.121270 -1.080777 1.015907
v 2.222270 -1.059477 1.015907
v 1.991480 -1.037476 1.015907
v 1.801770 -1.021877 1.015907
v 1.798350 -0.879577 1.015907
v 1.778470 -0.741677 1.015907
v 1.614860 -0.642877 1.015907
v 1.731620 -0.591177 1.015907
v 0.803584 0.734223 1.015907
v 0.706791 0.324323 1.015907
v 0.834230 0.636123 1.015907
v 0.773630 0.476923 1.015907
v 0.886871 0.549023 1.015907
v 0.866346 0.859423 1.015907
v 0.899389 0.766123 1.015907
v 0.957420 0.893523 1.015907
v 1.047180 0.931123 1.015907
v 1.135460 0.972023 1.015907
v 1.222320 1.016423 1.015907
v 2.301050 -1.703677 1.015907
v 2.353580 -1.756977 1.015907
v 2.318270 -1.642577 1.015907
v 2.336000 -1.567676 1.015907
v 2.335540 -1.459477 1.015907
v 2.114900 -0.993077 1.015907
v 2.329990 -1.346077 1.015907
v 2.323100 -1.236377 1.015907
v 2.316780 -1.129977 1.015907
v 0.826461 0.284923 1.015907
v 0.918962 0.221623 1.015907
v 1.019890 0.149223 1.015907
v 2.320680 -1.040377 1.015907
v 1.569000 -0.521377 1.015907
v 1.117100 0.071923 1.015907
v 1.517010 -0.409977 1.015907
v 1.207930 -0.013077 1.015907
v 1.455560 -0.301377 1.015907
v 1.297420 -0.100477 1.015907
v 1.381900 -0.197077 1.015907
v 2.229820 -0.961477 1.015907
v 2.326680 -0.937177 1.015907
v 2.111180 -0.833477 1.015907
v 1.941760 -0.857077 1.015907
v 1.916710 -0.696477 1.015907
v 1.855980 -0.522977 1.015907
v 1.677630 -0.458477 1.015907
v 1.800570 -0.377877 1.015907
v 0.933672 0.669123 1.015907
v 0.882168 0.397623 1.015907
v 0.957840 0.586023 1.015907
v 0.944274 0.484923 1.015907
v 0.980532 0.533823 1.015907
v 0.993941 0.801523 1.015907
v 1.012150 0.699924 1.015907
v 1.087130 0.840423 1.015907
v 1.178850 0.882923 1.015907
v 1.269000 0.929023 1.015907
v 1.357200 0.978323 1.015907
v 1.307280 1.063823 1.015907
v 2.408120 -1.676576 1.015907
v 2.427900 -1.579077 1.015907
v 2.427900 -1.462877 1.015907
v 2.427900 -1.346577 1.015907
v 2.242780 -0.825777 1.015907
v 2.415980 -1.127577 1.015907
v 2.407590 -1.024677 1.015907
v 0.969070 0.338323 1.015907
v 1.069640 0.263623 1.015907
v 1.173560 0.178124 1.015907
v 2.404490 -0.921077 1.015907
v 1.625020 -0.337377 1.015907
v 1.277280 0.091223 1.015907
v 1.555900 -0.224477 1.015907
v 1.378000 -0.003577 1.015907
v 1.472130 -0.110777 1.015907
v 2.335560 -0.822377 1.015907
v 2.413560 -0.819277 1.015907
v 2.272900 -0.686077 1.015907
v 2.131460 -0.630777 1.015907
v 2.018760 -0.428977 1.015907
v 1.948740 -0.276477 1.015907
v 1.745410 -0.253977 1.015907
v 1.883350 -0.153477 1.015907
v 1.029530 0.608823 1.015907
v 1.013630 0.443423 1.015907
v 1.041460 0.527923 1.015907
v 1.128610 0.746224 1.015907
v 1.152370 0.646524 1.015907
v 1.223930 0.790423 1.015907
v 1.317510 0.838423 1.015907
v 1.409080 0.889623 1.015907
v 1.498680 0.944523 1.015907
v 1.443560 1.031123 1.015907
v 1.390510 1.114623 1.015907
v 2.353870 -0.714277 1.015907
v 2.509850 -1.114377 1.015907
v 2.498700 -1.017076 1.015907
v 2.494130 -0.920377 1.015907
v 1.122260 0.387123 1.015907
v 1.246730 0.315024 1.015907
v 1.365810 0.227423 1.015907
v 2.489100 -0.814777 1.015907
v 1.682950 -0.124077 1.015907
v 1.479600 0.123923 1.015907
v 1.586090 0.005423 1.015907
v 2.419250 -0.729677 1.015907
v 2.482890 -0.728476 1.015907
v 2.389730 -0.647477 1.015907
v 2.336150 -0.591777 1.015907
v 2.251150 -0.493677 1.015907
v 2.146180 -0.336677 1.015907
v 2.061140 -0.190477 1.015907
v 1.995300 -0.071677 1.015907
v 1.819590 -0.024477 1.015907
v 1.932480 0.046723 1.015907
v 1.181170 0.522723 1.015907
v 1.270790 0.694423 1.015907
v 1.316800 0.605623 1.015907
v 1.471650 1.168224 1.015907
v 1.367950 0.744323 1.015907
v 1.463020 0.797623 1.015907
v 1.556010 0.854623 1.015907
v 1.646500 0.914523 1.015907
v 1.585910 1.002323 1.015907
v 1.527690 1.086824 1.015907
v 1.550610 1.224723 1.015907
v 1.627500 1.284423 1.015907
v 1.702090 1.346923 1.015907
v 2.424410 -0.679577 1.015907
v 2.609670 -1.097677 1.015907
v 2.593790 -1.001377 1.015907
v 2.583770 -0.908377 1.015907
v 2.582310 -0.816877 1.015907
v 1.316280 0.433323 1.015907
v 1.443000 0.349223 1.015907
v 1.583210 0.253924 1.015907
v 2.578470 -0.716277 1.015907
v 1.742090 0.164223 1.015907
v 2.556620 -0.629877 1.015907
v 2.471470 -0.662476 1.015907
v 2.445880 -0.605177 1.015907
v 2.407640 -0.530877 1.015907
v 2.340930 -0.411577 1.015907
v 2.240510 -0.249477 1.015907
v 2.154630 -0.108977 1.015907
v 2.085370 0.000023 1.015907
v 2.021870 0.102523 1.015907
v 1.877200 0.186524 1.015907
v 1.964300 0.210823 1.015907
v 1.392260 0.528923 1.015907
v 1.406610 0.669223 1.015907
v 1.441670 0.601323 1.015907
v 1.609660 1.145523 1.015907
v 1.508110 0.706224 1.015907
v 1.615690 0.761123 1.015907
v 1.709730 0.822923 1.015907
v 1.801970 0.889423 1.015907
v 1.734970 0.978123 1.015907
v 1.671010 1.063423 1.015907
v 1.689420 1.207624 1.015907
v 1.766660 1.272823 1.015907
v 1.774210 1.412223 1.015907
v 1.841170 1.341024 1.015907
v 2.709560 -1.081377 1.015907
v 2.694050 -0.983577 1.015907
v 2.678090 -0.889877 1.015907
v 2.669760 -0.800877 1.015907
v 2.664510 -0.709677 1.015907
v 1.496680 0.463224 1.015907
v 1.640180 0.372123 1.015907
v 1.773580 0.312523 1.015907
v 2.651640 -0.615677 1.015907
v 1.878150 0.291023 1.015907
v 2.623810 -0.515277 1.015907
v 2.528280 -0.555377 1.015907
v 2.496970 -0.473576 1.015907
v 2.440510 -0.330077 1.015907
v 2.360190 -0.114677 1.015907
v 2.256530 -0.006077 1.015907
v 2.178850 0.082423 1.015907
v 2.095120 0.164523 1.015907
v 2.026710 0.241923 1.015907
v 1.954300 0.283323 1.015907
v 2.001410 0.283223 1.015907
v 1.546590 0.594223 1.015907
v 1.753770 1.128224 1.015907
v 1.688100 0.671223 1.015907
v 1.789650 0.740323 1.015907
v 1.883070 0.813623 1.015907
v 1.974090 0.892023 1.015907
v 1.891510 0.961523 1.015907
v 1.820940 1.046223 1.015907
v 1.833710 1.196623 1.015907
v 1.910490 1.268523 1.015907
v 1.912700 1.412324 1.015907
v 1.843740 1.480123 1.015907
v 1.983630 1.344223 1.015907
v 2.809610 -1.065877 1.015907
v 2.794720 -0.966977 1.015907
v 2.779320 -0.870177 1.015907
v 2.762780 -0.778977 1.015907
v 2.756880 -0.690677 1.015907
v 2.739850 -0.598977 1.015907
v 1.696890 0.481023 1.015907
v 1.813660 0.403623 1.015907
v 1.898560 0.363023 1.015907
v 2.724030 -0.487877 1.015907
v 1.968630 0.340823 1.015907
v 2.711380 -0.378577 1.015907
v 2.596690 -0.420677 1.015907
v 2.553240 -0.274477 1.015907
v 2.497050 -0.108777 1.015907
v 2.476440 0.000123 1.015907
v 2.403020 0.029823 1.015907
v 2.326970 0.083823 1.015907
v 2.236500 0.158923 1.015907
v 2.153680 0.226223 1.015907
v 2.073120 0.284824 1.015907
v 2.022920 0.321023 1.015907
v 1.781220 0.564823 1.015907
v 1.910600 1.550822 1.015907
v 1.903670 1.118523 1.015907
v 1.869650 0.652323 1.015907
v 1.966810 0.729523 1.015907
v 2.058450 0.814523 1.015907
v 2.148190 0.898723 1.015907
v 2.061080 0.965324 1.015907
v 1.977280 1.039024 1.015907
v 1.982570 1.195323 1.015907
v 2.056590 1.277124 1.015907
v 2.052380 1.422923 1.015907
v 1.980960 1.486524 1.015907
v 2.124490 1.361523 1.015907
v 1.974420 1.623223 1.015907
v 2.909800 -1.051277 1.015907
v 2.895600 -0.951477 1.015907
v 2.881010 -0.852577 1.015907
v 2.865390 -0.756576 1.015907
v 2.847690 -0.666177 1.015907
v 2.828630 -0.576477 1.015907
v 2.821980 -0.465377 1.015907
v 1.864870 0.497823 1.015907
v 1.937420 0.452623 1.015907
v 2.001960 0.413823 1.015907
v 2.815790 -0.346977 1.015907
v 2.054850 0.380823 1.015907
v 2.816420 -0.225577 1.015907
v 2.701930 -0.201877 1.015907
v 2.596780 -0.060377 1.015907
v 2.527430 0.042723 1.015907
v 2.450450 0.098723 1.015907
v 2.372300 0.155423 1.015907
v 2.289700 0.223223 1.015907
v 2.206440 0.290723 1.015907
v 2.115530 0.345323 1.015907
v 1.939790 0.590324 1.015907
v 2.045480 1.561423 1.015907
v 2.057840 1.122923 1.015907
v 2.037510 0.664823 1.015907
v 2.137970 0.750923 1.015907
v 2.224270 0.842123 1.015907
v 2.285770 0.946223 1.015907
v 2.208360 1.002323 1.015907
v 2.138810 1.057523 1.015907
v 2.131210 1.213123 1.015907
v 2.195480 1.302823 1.015907
v 2.185430 1.439424 1.015907
v 2.116460 1.500524 1.015907
v 2.251370 1.376523 1.015907
v 2.107320 1.633823 1.015907
v 2.036080 1.695123 1.015907
v 1.964140 1.756423 1.015907
v 3.010120 -1.037377 1.015907
v 2.996650 -0.937177 1.015907
v 2.982880 -0.836977 1.015907
v 2.968400 -0.737877 1.015907
v 2.952260 -0.641376 1.015907
v 2.932310 -0.546077 1.015907
v 2.916710 -0.442577 1.015907
v 2.900040 -0.327177 1.015907
v 2.001740 0.534423 1.015907
v 2.049570 0.475923 1.015907
v 2.079440 0.420523 1.015907
v 2.893280 -0.233376 1.015907
v 2.143280 0.415623 1.015907
v 2.892860 -0.174477 1.015907
v 2.842440 -0.144377 1.015907
v 2.772960 -0.092276 1.015907
v 2.673750 0.022423 1.015907
v 2.593870 0.117724 1.015907
v 2.524630 0.189223 1.015907
v 2.440240 0.251923 1.015907
v 2.355960 0.313023 1.015907
v 2.257280 0.363723 1.015907
v 2.103120 0.598623 1.015907
v 2.177080 1.572423 1.015907
v 2.206110 1.155223 1.015907
v 2.208570 0.689023 1.015907
v 2.295030 0.785423 1.015907
v 2.358140 0.893223 1.015907
v 2.410290 0.985123 1.015907
v 2.343970 1.041124 1.015907
v 2.275850 1.099623 1.015907
v 2.262230 1.232023 1.015907
v 2.318150 1.303723 1.015907
v 2.308660 1.445523 1.015907
v 2.244480 1.509923 1.015907
v 2.370990 1.370723 1.015907
v 2.237730 1.642722 1.015907
v 2.168530 1.704623 1.015907
v 2.097340 1.766223 1.015907
v 2.025010 1.827823 1.015907
v 3.110570 -1.024277 1.015907
v 3.097830 -0.923676 1.015907
v 3.084870 -0.822777 1.015907
v 3.071450 -0.721977 1.015907
v 3.056970 -0.621877 1.015907
v 3.039990 -0.521177 1.015907
v 3.018530 -0.415877 1.015907
v 2.992690 -0.305777 1.015907
v 2.971010 -0.220577 1.015907
v 2.163240 0.508523 1.015907
v 2.947140 -0.147477 1.015907
v 2.317330 0.447323 1.015907
v 2.903650 -0.082977 1.015907
v 2.841750 -0.006977 1.015907
v 2.745510 0.106623 1.015907
v 2.664910 0.195123 1.015907
v 2.587170 0.264524 1.015907
v 2.500470 0.329124 1.015907
v 2.412110 0.392023 1.015907
v 2.288440 0.622423 1.015907
v 2.303900 1.579423 1.015907
v 2.327610 1.169223 1.015907
v 2.370740 0.727623 1.015907
v 2.468200 0.938223 1.015907
v 2.434910 0.848923 1.015907
v 2.519060 0.912023 1.015907
v 2.555880 0.938623 1.015907
v 2.505380 0.984623 1.015907
v 2.449570 1.044423 1.015907
v 2.389120 1.106524 1.015907
v 2.377340 1.237023 1.015907
v 2.428380 1.301823 1.015907
v 2.424830 1.438224 1.015907
v 2.366400 1.514024 1.015907
v 2.481270 1.367223 1.015907
v 2.363050 1.648723 1.015907
v 2.298540 1.712724 1.015907
v 2.230040 1.774823 1.015907
v 2.158890 1.837024 1.015907
v 2.085880 1.899222 1.015907
v 3.211120 -1.011877 1.015907
v 3.199130 -0.911177 1.015907
v 3.186960 -0.809777 1.015907
v 3.174490 -0.708077 1.015907
v 3.161400 -0.606077 1.015907
v 3.146930 -0.502677 1.015907
v 3.130210 -0.394777 1.015907
v 3.100310 -0.289677 1.015907
v 3.073010 -0.191777 1.015907
v 3.042690 -0.099276 1.015907
v 2.392540 0.544423 1.015907
v 2.993450 -0.011476 1.015907
v 2.478310 0.485024 1.015907
v 2.926620 0.085623 1.015907
v 2.827360 0.208623 1.015907
v 2.742850 0.293423 1.015907
v 2.651040 0.357423 1.015907
v 2.564840 0.419823 1.015907
v 2.455220 0.660723 1.015907
v 2.423470 1.582023 1.015907
v 2.434360 1.170723 1.015907
v 2.530600 0.824623 1.015907
v 2.601290 0.869623 1.015907
v 2.657740 0.919823 1.015907
v 2.597650 0.976823 1.015907
v 2.546900 1.037223 1.015907
v 2.491780 1.103723 1.015907
v 2.480100 1.237423 1.015907
v 2.532360 1.301223 1.015907
v 2.539250 1.442723 1.015907
v 2.480080 1.512523 1.015907
v 2.593610 1.377223 1.015907
v 2.479300 1.649524 1.015907
v 2.421290 1.717723 1.015907
v 2.359090 1.782924 1.015907
v 2.292090 1.845122 1.015907
v 2.220630 1.907323 1.015907
v 2.146740 1.970723 1.015907
v 3.311780 -1.000276 1.015907
v 3.300530 -0.899377 1.015907
v 3.289140 -0.797777 1.015907
v 3.277550 -0.695577 1.015907
v 3.265590 -0.592677 1.015907
v 3.252920 -0.488177 1.015907
v 3.239300 -0.379877 1.015907
v 3.224110 -0.266277 1.015907
v 3.199480 -0.169777 1.015907
v 3.167600 -0.045977 1.015907
v 3.129240 0.058223 1.015907
v 2.541320 0.581723 1.015907
v 3.071930 0.207023 1.015907
v 2.626640 0.503523 1.015907
v 2.913690 0.300723 1.015907
v 2.806370 0.373523 1.015907
v 2.710210 0.441424 1.015907
v 2.623560 0.712524 1.015907
v 2.533610 1.578424 1.015907
v 2.536560 1.167323 1.015907
v 2.678890 0.791223 1.015907
v 2.722130 0.852523 1.015907
v 2.767820 0.915023 1.015907
v 2.703300 0.978923 1.015907
v 2.647470 1.040223 1.015907
v 2.594400 1.098123 1.015907
v 2.589710 1.232423 1.015907
v 2.652440 1.312723 1.015907
v 2.643940 1.441024 1.015907
v 2.591060 1.506923 1.015907
v 2.701270 1.375623 1.015907
v 2.586580 1.642823 1.015907
v 2.534400 1.715623 1.015907
v 2.478530 1.785623 1.015907
v 2.418560 1.852924 1.015907
v 2.354110 1.917623 1.015907
v 2.283940 1.980724 1.015907
v 2.211190 2.045323 1.015907
v 3.412530 -0.989477 1.015907
v 3.402020 -0.888377 1.015907
v 3.391410 -0.786577 1.015907
v 3.380650 -0.684177 1.015907
v 3.369660 -0.580877 1.015907
v 3.358310 -0.476077 1.015907
v 3.346630 -0.368277 1.015907
v 3.335340 -0.256077 1.015907
v 3.313390 -0.151177 1.015907
v 3.279210 -0.026877 1.015907
v 3.252200 0.098323 1.015907
v 3.226010 0.222323 1.015907
v 3.222030 0.336023 1.015907
v 3.112220 0.350923 1.015907
v 2.699990 0.631523 1.015907
v 2.973820 0.403923 1.015907
v 2.775270 0.560023 1.015907
v 2.872580 0.483423 1.015907
v 2.755300 0.730824 1.015907
v 2.643230 1.567323 1.015907
v 2.648000 1.163823 1.015907
v 2.795130 0.795623 1.015907
v 2.836950 0.867423 1.015907
v 2.876370 0.939123 1.015907
v 2.818840 0.983723 1.015907
v 2.755360 1.050723 1.015907
v 2.699840 1.108323 1.015907
v 2.709480 1.246224 1.015907
v 2.756830 1.307623 1.015907
v 2.747960 1.436923 1.015907
v 2.692980 1.503223 1.015907
v 2.804980 1.362824 1.015907
v 2.696870 1.627223 1.015907
v 2.641370 1.705123 1.015907
v 2.591290 1.779323 1.015907
v 2.537460 1.850824 1.015907
v 2.479480 1.919824 1.015907
v 2.416950 1.986323 1.015907
v 2.348500 2.051324 1.015907
v 2.277560 2.117923 1.015907
v 3.513360 -0.979377 1.015907
v 3.503600 -0.878177 1.015907
v 3.493760 -0.776277 1.015907
v 3.483800 -0.673676 1.015907
v 3.473690 -0.570177 1.015907
v 3.463390 -0.465377 1.015907
v 3.453000 -0.358376 1.015907
v 3.443130 -0.248077 1.015907
v 3.435160 -0.137176 1.015907
v 3.407690 -0.017477 1.015907
v 3.378580 0.107523 1.015907
v 3.349060 0.231524 1.015907
v 3.223440 0.427223 1.015907
v 3.147380 0.442323 1.015907
v 3.227780 0.481723 1.015907
v 3.320520 0.349323 1.015907
v 3.296420 0.437723 1.015907
v 3.275220 0.506323 1.015907
v 3.028910 0.499923 1.015907
v 2.833450 0.666623 1.015907
v 2.929830 0.582723 1.015907
v 2.874400 0.755723 1.015907
v 2.743760 1.562223 1.015907
v 2.759380 1.182123 1.015907
v 2.904260 0.844023 1.015907
v 2.925730 0.918023 1.015907
v 2.937060 0.960023 1.015907
v 2.910280 0.988223 1.015907
v 2.864020 1.052123 1.015907
v 2.808820 1.121023 1.015907
v 2.806440 1.240723 1.015907
v 2.854600 1.299123 1.015907
v 2.854270 1.419923 1.015907
v 2.796920 1.493724 1.015907
v 2.903880 1.357323 1.015907
v 2.796200 1.620423 1.015907
v 2.751690 1.686322 1.015907
v 2.697830 1.765924 1.015907
v 2.649890 1.841523 1.015907
v 2.598130 1.914523 1.015907
v 2.542180 1.985223 1.015907
v 2.481640 2.053424 1.015907
v 2.415060 2.120124 1.015907
v 2.346020 2.188823 1.015907
v 3.614260 -0.969977 1.015907
v 3.605260 -0.868777 1.015907
v 3.596180 -0.766777 1.015907
v 3.587010 -0.663977 1.015907
v 3.577730 -0.560377 1.015907
v 3.568340 -0.455677 1.015907
v 3.558950 -0.349276 1.015907
v 3.549970 -0.240577 1.015907
v 3.542370 -0.131177 1.015907
v 3.527380 -0.008277 1.015907
v 3.500870 0.122823 1.015907
v 3.465070 0.247624 1.015907
v 3.430050 0.367923 1.015907
v 3.181540 0.514423 1.015907
v 3.088600 0.585424 1.015907
v 3.233840 0.566623 1.015907
v 3.304740 0.622723 1.015907
v 3.400010 0.464023 1.015907
v 3.364800 0.555423 1.015907
v 2.996810 0.705023 1.015907
v 2.989780 0.833623 1.015907
v 2.847450 1.550822 1.015907
v 2.853550 1.176123 1.015907
v 2.984010 0.915523 1.015907
v 2.976740 0.972323 1.015907
v 2.949220 1.026823 1.015907
v 2.903150 1.101223 1.015907
v 2.905860 1.236023 1.015907
v 2.955350 1.292023 1.015907
v 2.952170 1.413724 1.015907
v 2.903600 1.477023 1.015907
v 3.002030 1.348823 1.015907
v 2.899400 1.606023 1.015907
v 2.850260 1.677024 1.015907
v 2.807860 1.743823 1.015907
v 2.756000 1.825023 1.015907
v 2.710190 1.901923 1.015907
v 2.660490 1.976524 1.015907
v 2.606550 2.048722 1.015907
v 2.548030 2.118724 1.015907
v 2.483650 2.187423 1.015907
v 2.416700 2.257823 1.015907
v 3.715230 -0.961377 1.015907
v 3.706980 -0.860077 1.015907
v 3.698660 -0.757976 1.015907
v 3.690270 -0.655177 1.015907
v 3.681800 -0.551477 1.015907
v 3.673250 -0.446777 1.015907
v 3.664720 -0.340876 1.015907
v 3.656470 -0.233277 1.015907
v 3.649100 -0.125077 1.015907
v 3.654600 -0.010977 1.015907
v 3.681850 0.165323 1.015907
v 3.612500 0.291123 1.015907
v 3.566810 0.396823 1.015907
v 3.532030 0.491823 1.015907
v 3.160830 0.644323 1.015907
v 3.106000 0.742123 1.015907
v 3.230640 0.696623 1.015907
v 3.305780 0.767223 1.015907
v 3.372060 0.713924 1.015907
v 3.486190 0.640023 1.015907
v 3.078930 0.842623 1.015907
v 3.060910 0.922223 1.015907
v 2.952990 1.533723 1.015907
v 2.956720 1.174123 1.015907
v 3.044900 0.994223 1.015907
v 3.022440 1.095123 1.015907
v 3.004040 1.241324 1.015907
v 3.046940 1.303623 1.015907
v 3.050770 1.408124 1.015907
v 3.001030 1.471023 1.015907
v 3.091380 1.366223 1.015907
v 2.998070 1.583722 1.015907
v 2.953300 1.659324 1.015907
v 2.906220 1.731824 1.015907
v 2.865670 1.799724 1.015907
v 2.816060 1.882423 1.015907
v 2.772400 1.960523 1.015907
v 2.724750 2.036424 1.015907
v 2.672800 2.110124 1.015907
v 2.616240 2.181823 1.015907
v 2.553960 2.252522 1.015907
v 2.489030 2.324723 1.015907
v 3.816270 -0.953577 1.015907
v 3.808760 -0.852177 1.015907
v 3.801210 -0.749977 1.015907
v 3.793590 -0.647077 1.015907
v 3.785910 -0.543377 1.015907
v 3.778170 -0.438777 1.015907
v 3.770440 -0.333077 1.015907
v 3.762880 -0.226077 1.015907
v 3.773520 -0.122477 1.015907
v 3.785150 -0.016777 1.015907
v 3.813720 0.110323 1.015907
v 3.839660 0.221423 1.015907
v 3.763750 0.255423 1.015907
v 3.714490 0.327323 1.015907
v 3.679370 0.425023 1.015907
v 3.661540 0.532023 1.015907
v 3.642050 0.644523 1.015907
v 3.182010 0.774123 1.015907
v 3.162610 0.854523 1.015907
v 3.262720 0.816023 1.015907
v 3.300800 0.840823 1.015907
v 3.337410 0.822023 1.015907
v 3.411570 0.797923 1.015907
v 3.534940 0.771623 1.015907
v 3.640150 0.755123 1.015907
v 3.145090 0.930323 1.015907
v 3.137210 1.013124 1.015907
v 3.041000 1.520124 1.015907
v 3.061160 1.195723 1.015907
v 3.126800 1.097223 1.015907
v 3.116520 1.173224 1.015907
v 3.105270 1.267423 1.015907
v 3.137420 1.340423 1.015907
v 3.125370 1.408523 1.015907
v 3.089770 1.454324 1.015907
v 3.150000 1.381623 1.015907
v 3.089340 1.570823 1.015907
v 3.052940 1.638324 1.015907
v 3.008940 1.711223 1.015907
v 2.963970 1.785123 1.015907
v 2.925160 1.854222 1.015907
v 2.877860 1.938024 1.015907
v 2.836410 2.017423 1.015907
v 2.790880 2.094523 1.015907
v 2.740970 2.169623 1.015907
v 2.686380 2.242824 1.015907
v 2.625860 2.315124 1.015907
v 2.562930 2.389222 1.015907
v 3.917340 -0.946477 1.015907
v 3.910600 -0.845077 1.015907
v 3.903800 -0.742877 1.015907
v 3.896960 -0.639877 1.015907
v 3.890060 -0.536076 1.015907
v 3.883120 -0.431477 1.015907
v 3.876170 -0.325877 1.015907
v 3.880640 -0.220776 1.015907
v 3.894360 -0.120177 1.015907
v 3.908350 -0.018777 1.015907
v 3.927000 0.080623 1.015907
v 3.935740 0.197123 1.015907
v 3.800250 0.294823 1.015907
v 3.851430 0.286123 1.015907
v 3.940850 0.275623 1.015907
v 3.783470 0.348923 1.015907
v 3.762850 0.443623 1.015907
v 3.753410 0.549323 1.015907
v 3.747870 0.657923 1.015907
v 3.746020 0.756623 1.015907
v 3.244700 0.872323 1.015907
v 3.237220 0.944223 1.015907
v 3.299020 0.879423 1.015907
v 3.352410 0.879023 1.015907
v 3.432130 0.879323 1.015907
v 3.558680 0.879523 1.015907
v 3.652130 0.867923 1.015907
v 3.744960 0.855323 1.015907
v 3.235320 1.027623 1.015907
v 3.210650 1.113423 1.015907
v 3.132820 1.494823 1.015907
v 3.174980 1.222023 1.015907
v 3.194310 1.326223 1.015907
v 3.187700 1.390622 1.015907
v 3.163920 1.437823 1.015907
v 3.179260 1.536023 1.015907
v 3.138150 1.612424 1.015907
v 3.105110 1.683023 1.015907
v 3.066160 1.761323 1.015907
v 3.023360 1.836824 1.015907
v 2.986580 1.906623 1.015907
v 2.941200 1.991923 1.015907
v 2.901990 2.072423 1.015907
v 2.858600 2.150823 1.015907
v 2.810750 2.227323 1.015907
v 2.758160 2.302024 1.015907
v 2.699740 2.376122 1.015907
v 2.638930 2.451922 1.015907
v 4.018460 -0.940077 1.015907
v 4.012470 -0.838577 1.015907
v 4.006430 -0.736377 1.015907
v 4.000360 -0.633377 1.015907
v 3.994250 -0.529577 1.015907
v 3.988100 -0.424977 1.015907
v 3.992680 -0.322576 1.015907
v 4.000760 -0.219977 1.015907
v 4.018430 -0.122577 1.015907
v 4.035310 -0.024777 1.015907
v 4.039060 0.068523 1.015907
v 4.038630 0.180123 1.015907
v 4.040010 0.264323 1.015907
v 3.854340 0.359123 1.015907
v 3.942390 0.362523 1.015907
v 4.039870 0.362723 1.015907
v 3.843310 0.460623 1.015907
v 3.842900 0.559424 1.015907
v 3.842600 0.658123 1.015907
v 3.842430 0.756823 1.015907
v 3.842350 0.855423 1.015907
v 3.303900 0.952323 1.015907
v 3.307510 1.037523 1.015907
v 3.366160 0.957223 1.015907
v 3.443690 0.962923 1.015907
v 3.559970 0.972723 1.015907
v 3.650800 0.967623 1.015907
v 3.842310 0.954023 1.015907
v 3.744380 0.953923 1.015907
v 3.299300 1.127123 1.015907
v 3.289410 1.225023 1.015907
v 3.210770 1.472123 1.015907
v 3.266390 1.329223 1.015907
v 3.244120 1.410323 1.015907
v 3.276250 1.518224 1.015907
v 3.237320 1.584823 1.015907
v 3.199500 1.655923 1.015907
v 3.164390 1.729724 1.015907
v 3.125160 1.810723 1.015907
v 3.084430 1.886924 1.015907
v 3.048450 1.958524 1.015907
v 3.006070 2.044023 1.015907
v 2.969170 2.125623 1.015907
v 2.927990 2.205123 1.015907
v 2.882240 2.282924 1.015907
v 2.831660 2.359023 1.015907
v 2.775160 2.434724 1.015907
v 2.716440 2.512322 1.015907
v 2.795540 2.570422 1.015907
v 4.119620 -0.934477 1.015907
v 4.114370 -0.832977 1.015907
v 4.109100 -0.730677 1.015907
v 4.103800 -0.627677 1.015907
v 4.098460 -0.523877 1.015907
v 4.103530 -0.423377 1.015907
v 4.111930 -0.322877 1.015907
v 4.125580 -0.220177 1.015907
v 4.133020 -0.126977 1.015907
v 4.136220 -0.030177 1.015907
v 4.137480 0.067623 1.015907
v 4.137930 0.165823 1.015907
v 4.138060 0.264223 1.015907
v 4.138070 0.362723 1.015907
v 3.941800 0.461124 1.015907
v 4.039710 0.461223 1.015907
v 4.138050 0.461323 1.015907
v 3.941400 0.559723 1.015907
v 3.941160 0.658323 1.015907
v 3.941030 0.756923 1.015907
v 3.940950 0.855423 1.015907
v 3.940910 0.954023 1.015907
v 3.374070 1.045623 1.015907
v 3.377700 1.138824 1.015907
v 3.451170 1.053223 1.015907
v 3.560240 1.065423 1.015907
v 3.940880 1.052623 1.015907
v 3.653450 1.067223 1.015907
v 3.842290 1.052623 1.015907
v 3.744060 1.052623 1.015907
v 3.377690 1.236623 1.015907
v 3.366260 1.335123 1.015907
v 3.337930 1.458423 1.015907
v 3.363550 1.517022 1.015907
v 3.333110 1.560823 1.015907
v 3.287560 1.622422 1.015907
v 3.251030 1.692823 1.015907
v 3.216980 1.769923 1.015907
v 3.181140 1.849023 1.015907
v 3.145460 1.929523 1.015907
v 3.111630 2.005923 1.015907
v 3.072240 2.094323 1.015907
v 3.037740 2.176923 1.015907
v 2.998860 2.257623 1.015907
v 2.955340 2.336623 1.015907
v 2.906870 2.413922 1.015907
v 2.852140 2.491023 1.015907
v 2.931150 2.545922 1.015907
v 2.876900 2.626723 1.015907
v 4.220790 -0.929677 1.015907
v 4.216300 -0.828077 1.015907
v 4.211790 -0.725777 1.015907
v 4.207260 -0.622777 1.015907
v 4.203050 -0.519277 1.015907
v 4.216100 -0.415477 1.015907
v 4.226410 -0.322277 1.015907
v 4.232010 -0.226277 1.015907
v 4.234660 -0.128977 1.015907
v 4.235820 -0.030977 1.015907
v 4.236310 0.067223 1.015907
v 4.236500 0.165723 1.015907
v 4.236560 0.264223 1.015907
v 4.236570 0.362723 1.015907
v 4.236570 0.461323 1.015907
v 4.039600 0.559823 1.015907
v 4.138030 0.559823 1.015907
v 4.236560 0.559823 1.015907
v 4.039530 0.658323 1.015907
v 4.039480 0.756923 1.015907
v 4.039460 0.855523 1.015907
v 4.039440 0.954023 1.015907
v 4.039430 1.052623 1.015907
v 4.039430 1.151223 1.015907
v 3.457820 1.148223 1.015907
v 3.462300 1.248023 1.015907
v 3.560330 1.160823 1.015907
v 3.940870 1.151223 1.015907
v 3.649500 1.164623 1.015907
v 3.842290 1.151223 1.015907
v 3.743900 1.151223 1.015907
v 3.459900 1.346624 1.015907
v 3.434220 1.455123 1.015907
v 3.422600 1.525523 1.015907
v 3.404390 1.594924 1.015907
v 3.379760 1.673823 1.015907
v 3.327920 1.740823 1.015907
v 3.275800 1.811624 1.015907
v 3.242260 1.888324 1.015907
v 3.207590 1.972823 1.015907
v 3.175770 2.051623 1.015907
v 3.139650 2.142823 1.015907
v 3.107560 2.226422 1.015907
v 3.070990 2.308223 1.015907
v 3.029700 2.388423 1.015907
v 2.983450 2.467223 1.015907
v 3.061480 2.518023 1.015907
v 3.011480 2.598224 1.015907
v 2.959530 2.680524 1.015907
v 4.321990 -0.925577 1.015907
v 4.318250 -0.823976 1.015907
v 4.314500 -0.721677 1.015907
v 4.311110 -0.619277 1.015907
v 4.320100 -0.518077 1.015907
v 4.327370 -0.422577 1.015907
v 4.331430 -0.325577 1.015907
v 4.333430 -0.227877 1.015907
v 4.334380 -0.129677 1.015907
v 4.334810 -0.031377 1.015907
v 4.334990 0.067123 1.015907
v 4.335070 0.165623 1.015907
v 4.335100 0.264223 1.015907
v 4.335110 0.362723 1.015907
v 4.335110 0.461323 1.015907
v 4.335110 0.559823 1.015907
v 4.138010 0.658423 1.015907
v 4.236560 0.658423 1.015907
v 4.335110 0.658423 1.015907
v 4.138000 0.756923 1.015907
v 4.138000 0.855523 1.015907
v 4.137990 0.954023 1.015907
v 4.137990 1.052623 1.015907
v 4.137990 1.151223 1.015907
v 3.940880 1.249724 1.015907
v 4.039430 1.249724 1.015907
v 4.137990 1.249724 1.015907
v 3.564110 1.259223 1.015907
v 3.552110 1.370923 1.015907
v 3.653350 1.270923 1.015907
v 3.848270 1.267023 1.015907
v 3.752520 1.281523 1.015907
v 3.534970 1.461623 1.015907
v 3.517550 1.538324 1.015907
v 3.507020 1.618423 1.015907
v 3.500040 1.730924 1.015907
v 3.421190 1.806823 1.015907
v 3.361740 1.871623 1.015907
v 3.315590 1.938623 1.015907
v 3.276390 2.022822 1.015907
v 3.245060 2.097524 1.015907
v 3.208540 2.189223 1.015907
v 3.178890 2.273723 1.015907
v 3.144640 2.356523 1.015907
v 3.105570 2.437823 1.015907
v 3.183000 2.485023 1.015907
v 3.141060 2.566323 1.015907
v 3.093050 2.647923 1.015907
v 3.043350 2.731824 1.015907
v 4.423190 -0.922177 1.015907
v 4.420210 -0.820677 1.015907
v 4.417530 -0.718977 1.015907
v 4.423360 -0.619477 1.015907
v 4.428150 -0.522477 1.015907
v 4.430890 -0.424777 1.015907
v 4.432310 -0.326677 1.015907
v 4.433020 -0.228377 1.015907
v 4.433360 -0.129977 1.015907
v 4.433530 -0.031477 1.015907
v 4.433600 0.067023 1.015907
v 4.433640 0.165623 1.015907
v 4.433650 0.264123 1.015907
v 4.433660 0.362723 1.015907
v 4.433660 0.461323 1.015907
v 4.433660 0.559823 1.015907
v 4.433660 0.658423 1.015907
v 4.236550 0.756923 1.015907
v 4.335110 0.756923 1.015907
v 4.433660 0.756923 1.015907
v 4.236550 0.855523 1.015907
v 4.236550 0.954023 1.015907
v 4.236550 1.052623 1.015907
v 4.236550 1.151223 1.015907
v 4.236550 1.249724 1.015907
v 3.861970 1.397723 1.015907
v 3.944060 1.379024 1.015907
v 4.039030 1.363123 1.015907
v 4.137990 1.348323 1.015907
v 4.236550 1.348323 1.015907
v 3.645810 1.394822 1.015907
v 3.635970 1.480924 1.015907
v 3.771020 1.431123 1.015907
v 3.615340 1.556623 1.015907
v 3.590420 1.635022 1.015907
v 3.580400 1.722724 1.015907
v 3.580390 1.772924 1.015907
v 3.541010 1.799623 1.015907
v 3.485620 1.854024 1.015907
v 3.430220 1.916022 1.015907
v 3.389330 1.993724 1.015907
v 3.349610 2.076324 1.015907
v 3.320880 2.146623 1.015907
v 3.287250 2.234323 1.015907
v 3.251610 2.318923 1.015907
v 3.219790 2.402623 1.015907
v 3.296090 2.446923 1.015907
v 3.261730 2.530324 1.015907
v 3.222050 2.612622 1.015907
v 3.176100 2.695422 1.015907
v 3.128710 2.780824 1.015907
v 4.524390 -0.919677 1.015907
v 4.522340 -0.818677 1.015907
v 4.525790 -0.719877 1.015907
v 4.528660 -0.621977 1.015907
v 4.530340 -0.523877 1.015907
v 4.531250 -0.425477 1.015907
v 4.531720 -0.327077 1.015907
v 4.531970 -0.228577 1.015907
v 4.532090 -0.130077 1.015907
v 4.532160 -0.031477 1.015907
v 4.532190 0.067023 1.015907
v 4.532210 0.165623 1.015907
v 4.532220 0.264123 1.015907
v 4.532220 0.362723 1.015907
v 4.532220 0.461323 1.015907
v 4.532220 0.559823 1.015907
v 4.532220 0.658423 1.015907
v 4.532220 0.756923 1.015907
v 4.335100 0.855523 1.015907
v 4.433660 0.855523 1.015907
v 4.532220 0.855523 1.015907
v 4.335100 0.954023 1.015907
v 4.335100 1.052623 1.015907
v 4.335100 1.151223 1.015907
v 4.335100 1.249724 1.015907
v 4.335100 1.348323 1.015907
v 3.820320 1.487023 1.015907
v 3.871360 1.476123 1.015907
v 3.942490 1.464124 1.015907
v 4.039420 1.446822 1.015907
v 4.137980 1.446822 1.015907
v 4.236540 1.446822 1.015907
v 4.335100 1.446822 1.015907
v 3.730480 1.507024 1.015907
v 3.702260 1.583623 1.015907
v 3.802200 1.540723 1.015907
v 3.674610 1.664924 1.015907
v 3.640890 1.740024 1.015907
v 3.615260 1.790624 1.015907
v 3.583410 1.830623 1.015907
v 3.535840 1.888923 1.015907
v 3.490500 1.954824 1.015907
v 3.452580 2.032224 1.015907
v 3.416290 2.116822 1.015907
v 3.389410 2.188323 1.015907
v 3.358170 2.274222 1.015907
v 3.325370 2.362323 1.015907
v 3.400020 2.403823 1.015907
v 3.373350 2.489223 1.015907
v 3.341520 2.573524 1.015907
v 3.304290 2.656922 1.015907
v 3.260730 2.740924 1.015907
v 3.215790 2.827523 1.015907
v 4.625590 -0.918076 1.015907
v 4.627310 -0.819577 1.015907
v 4.628790 -0.721177 1.015907
v 4.629680 -0.622777 1.015907
v 4.630190 -0.524277 1.015907
v 4.630460 -0.425677 1.015907
v 4.630610 -0.327177 1.015907
v 4.630690 -0.228677 1.015907
v 4.630730 -0.130077 1.015907
v 4.630750 -0.031477 1.015907
v 4.630770 0.067023 1.015907
v 4.630770 0.165623 1.015907
v 4.630780 0.264123 1.015907
v 4.630780 0.362723 1.015907
v 4.630780 0.461323 1.015907
v 4.630780 0.559823 1.015907
v 4.630780 0.658423 1.015907
v 4.630780 0.756923 1.015907
v 4.630780 0.855523 1.015907
v 4.433660 0.954023 1.015907
v 4.532220 0.954023 1.015907
v 4.630780 0.954023 1.015907
v 4.433660 1.052623 1.015907
v 4.433660 1.151223 1.015907
v 4.433660 1.249724 1.015907
v 4.433660 1.348323 1.015907
v 4.433660 1.446822 1.015907
v 3.869350 1.546622 1.015907
v 3.940860 1.545423 1.015907
v 4.039420 1.545423 1.015907
v 4.137990 1.545423 1.015907
v 4.236550 1.545423 1.015907
v 4.335100 1.545423 1.015907
v 4.433660 1.545423 1.015907
v 3.784840 1.621022 1.015907
v 3.757690 1.703122 1.015907
v 3.861340 1.641124 1.015907
v 3.712390 1.772323 1.015907
v 3.675960 1.822522 1.015907
v 3.641000 1.866424 1.015907
v 3.592730 1.922223 1.015907
v 3.552780 1.991723 1.015907
v 3.516740 2.073123 1.015907
v 3.483630 2.155923 1.015907
v 3.458770 2.228023 1.015907
v 3.430330 2.313422 1.015907
v 3.503400 2.351323 1.015907
v 3.475610 2.443023 1.015907
v 3.451610 2.529323 1.015907
v 3.422340 2.614423 1.015907
v 3.387620 2.698922 1.015907
v 3.346640 2.784123 1.015907
v 3.304200 2.871823 1.015907
v 4.728000 -0.918577 1.015907
v 4.728550 -0.819977 1.015907
v 4.728890 -0.721476 1.015907
v 4.729090 -0.622877 1.015907
v 4.729200 -0.524377 1.015907
v 4.729260 -0.425776 1.015907
v 4.729300 -0.327177 1.015907
v 4.729320 -0.228677 1.015907
v 4.729330 -0.130077 1.015907
v 4.729330 -0.031477 1.015907
v 4.729340 0.067023 1.015907
v 4.729340 0.165623 1.015907
v 4.729340 0.264123 1.015907
v 4.729340 0.362723 1.015907
v 4.729340 0.461323 1.015907
v 4.729340 0.559823 1.015907
v 4.729340 0.658423 1.015907
v 4.729340 0.756923 1.015907
v 4.729340 0.855523 1.015907
v 4.729340 0.954023 1.015907
v 4.532220 1.052623 1.015907
v 4.630780 1.052623 1.015907
v 4.729340 1.052623 1.015907
v 4.532220 1.151223 1.015907
v 4.532220 1.249724 1.015907
v 4.532220 1.348323 1.015907
v 4.532220 1.446822 1.015907
v 4.532220 1.545423 1.015907
v 3.940870 1.644023 1.015907
v 4.039430 1.644023 1.015907
v 4.137990 1.644023 1.015907
v 4.236550 1.644023 1.015907
v 4.335100 1.644023 1.015907
v 4.433660 1.644023 1.015907
v 4.532220 1.644023 1.015907
v 3.790060 1.816724 1.015907
v 3.848770 1.754823 1.015907
v 3.878700 1.814323 1.015907
v 3.850890 1.854623 1.015907
v 3.932230 1.747823 1.015907
v 3.745300 1.865924 1.015907
v 3.702310 1.911924 1.015907
v 3.655040 1.964624 1.015907
v 3.612980 2.034324 1.015907
v 3.578190 2.112023 1.015907
v 3.551710 2.192822 1.015907
v 3.529030 2.265523 1.015907
v 3.600270 2.301023 1.015907
v 3.577670 2.386024 1.015907
v 3.552210 2.480123 1.015907
v 3.530900 2.567023 1.015907
v 3.504230 2.653024 1.015907
v 3.472020 2.738423 1.015907
v 3.433680 2.824723 1.015907
v 3.393760 2.913623 1.015907
v 4.630780 1.151223 1.015907
v 4.729340 1.151223 1.015907
v 4.630780 1.249724 1.015907
v 4.630780 1.348323 1.015907
v 4.630780 1.446822 1.015907
v 4.630780 1.545423 1.015907
v 4.630780 1.644023 1.015907
v 4.022930 1.744523 1.015907
v 4.137980 1.742522 1.015907
v 4.236540 1.742522 1.015907
v 4.335100 1.742522 1.015907
v 4.433660 1.742522 1.015907
v 4.532220 1.742522 1.015907
v 4.630780 1.742522 1.015907
v 3.814980 1.911023 1.015907
v 3.926290 1.817323 1.015907
v 3.908130 1.880323 1.015907
v 3.861940 1.958022 1.015907
v 4.008380 1.824924 1.015907
v 3.769420 1.962724 1.015907
v 3.726360 2.015822 1.015907
v 3.688170 2.085624 1.015907
v 3.651680 2.155923 1.015907
v 3.620820 2.227624 1.015907
v 3.697670 2.267722 1.015907
v 3.670900 2.335723 1.015907
v 3.652920 2.419723 1.015907
v 3.634780 2.507724 1.015907
v 3.611220 2.602424 1.015907
v 3.587190 2.689223 1.015907
v 3.557480 2.775523 1.015907
v 3.521700 2.862823 1.015907
v 3.484310 2.952724 1.015907
v 4.729340 1.249724 1.015907
v 4.729340 1.348323 1.015907
v 4.729340 1.446822 1.015907
v 4.729340 1.545423 1.015907
v 4.729340 1.644023 1.015907
v 4.729340 1.742522 1.015907
v 4.130180 1.833623 1.015907
v 4.236550 1.841123 1.015907
v 4.335110 1.841123 1.015907
v 4.433660 1.841123 1.015907
v 4.532220 1.841123 1.015907
v 4.630780 1.841123 1.015907
v 4.729340 1.841123 1.015907
v 3.825810 2.011924 1.015907
v 3.863890 2.044923 1.015907
v 3.921860 2.021323 1.015907
v 3.985950 1.907323 1.015907
v 4.116810 1.933623 1.015907
v 3.793630 2.063523 1.015907
v 3.763500 2.134624 1.015907
v 3.724720 2.200124 1.015907
v 3.809120 2.250222 1.015907
v 3.773770 2.305524 1.015907
v 3.747890 2.369723 1.015907
v 3.731100 2.452724 1.015907
v 3.712570 2.539123 1.015907
v 3.692430 2.635524 1.015907
v 3.671170 2.722922 1.015907
v 3.643990 2.810023 1.015907
v 3.610550 2.898223 1.015907
v 3.575680 2.989223 1.015907
v 4.236550 1.939624 1.015907
v 4.335100 1.939624 1.015907
v 4.433660 1.939624 1.015907
v 4.532220 1.939624 1.015907
v 4.630780 1.939624 1.015907
v 4.729340 1.939624 1.015907
v 3.858290 2.092223 1.015907
v 3.920400 2.115924 1.015907
v 4.016310 2.161223 1.015907
v 4.088100 2.079022 1.015907
v 4.236090 2.052024 1.015907
v 3.857640 2.198323 1.015907
v 3.882070 2.251822 1.015907
v 3.862200 2.287723 1.015907
v 3.839620 2.338122 1.015907
v 3.821930 2.403123 1.015907
v 3.807730 2.481824 1.015907
v 3.792080 2.569222 1.015907
v 3.774250 2.666623 1.015907
v 3.755940 2.754523 1.015907
v 3.731460 2.842223 1.015907
v 3.700500 2.931224 1.015907
v 3.668210 3.023223 1.015907
v 4.335100 2.038222 1.015907
v 4.433660 2.038222 1.015907
v 4.532220 2.038222 1.015907
v 4.630780 2.038222 1.015907
v 4.729340 2.038222 1.015907
v 3.918870 2.204022 1.015907
v 3.986970 2.218623 1.015907
v 4.029220 2.237323 1.015907
v 4.068270 2.213323 1.015907
v 4.139170 2.182023 1.015907
v 4.240780 2.157823 1.015907
v 4.337250 2.146422 1.015907
v 3.916230 2.254823 1.015907
v 3.907560 2.303523 1.015907
v 3.898700 2.358224 1.015907
v 3.888310 2.428023 1.015907
v 3.879580 2.506923 1.015907
v 3.868890 2.596023 1.015907
v 3.856510 2.695422 1.015907
v 3.841280 2.783923 1.015907
v 3.819660 2.872323 1.015907
v 3.791690 2.962024 1.015907
v 3.762050 3.054624 1.015907
v 4.433660 2.136823 1.015907
v 4.532220 2.136823 1.015907
v 4.630780 2.136823 1.015907
v 4.729340 2.136823 1.015907
v 3.977080 2.268823 1.015907
v 4.031290 2.276423 1.015907
v 4.086490 2.270223 1.015907
v 4.160340 2.257323 1.015907
v 4.246470 2.243922 1.015907
v 4.335100 2.235324 1.015907
v 4.433660 2.235324 1.015907
v 3.972930 2.320422 1.015907
v 3.968030 2.376822 1.015907
v 3.961120 2.451623 1.015907
v 3.955700 2.531922 1.015907
v 3.948030 2.621623 1.015907
v 3.939250 2.721824 1.015907
v 3.927240 2.810622 1.015907
v 3.908540 2.899524 1.015907
v 3.883290 2.989923 1.015907
v 3.856270 3.083323 1.015907
v 4.532220 2.235324 1.015907
v 4.630780 2.235324 1.015907
v 4.729340 2.235324 1.015907
v 4.033980 2.328923 1.015907
v 4.093680 2.334323 1.015907
v 4.169560 2.341323 1.015907
v 4.252350 2.348622 1.015907
v 4.335100 2.333922 1.015907
v 4.433660 2.333922 1.015907
v 4.532220 2.333922 1.015907
v 4.032640 2.390622 1.015907
v 4.030760 2.468823 1.015907
v 4.029780 2.553323 1.015907
v 4.026570 2.645022 1.015907
v 4.022330 2.745923 1.015907
v 4.013720 2.835122 1.015907
v 3.998090 2.924422 1.015907
v 3.975680 3.015224 1.015907
v 3.951330 3.109323 1.015907
v 4.630780 2.333922 1.015907
v 4.729340 2.333922 1.015907
v 4.097050 2.403623 1.015907
v 4.173440 2.418923 1.015907
v 4.259080 2.436322 1.015907
v 4.335100 2.432424 1.015907
v 4.433660 2.432424 1.015907
v 4.532220 2.432424 1.015907
v 4.630780 2.432424 1.015907
v 4.100680 2.484822 1.015907
v 4.102650 2.570724 1.015907
v 4.103910 2.664924 1.015907
v 4.105530 2.767722 1.015907
v 4.100560 2.857123 1.015907
v 4.088180 2.946723 1.015907
v 4.068740 3.037923 1.015907
v 4.047050 3.132724 1.015907
v 4.729340 2.432424 1.015907
v 4.177670 2.503222 1.015907
v 4.263220 2.519322 1.015907
v 4.335100 2.531024 1.015907
v 4.433660 2.531024 1.015907
v 4.532220 2.531024 1.015907
v 4.630780 2.531024 1.015907
v 4.729340 2.531024 1.015907
v 4.181180 2.588323 1.015907
v 4.185580 2.684222 1.015907
v 4.188670 2.787423 1.015907
v 4.187620 2.876723 1.015907
v 4.178730 2.966424 1.015907
v 4.162120 3.057923 1.015907
v 4.143110 3.153323 1.015907
v 4.265040 2.602624 1.015907
v 4.341640 2.614423 1.015907
v 4.433660 2.629523 1.015907
v 4.532220 2.629523 1.015907
v 4.630780 2.629523 1.015907
v 4.729340 2.629523 1.015907
v 4.268540 2.700223 1.015907
v 4.271460 2.805123 1.015907
v 4.270070 2.890323 1.015907
v 4.269660 2.983823 1.015907
v 4.256290 3.075322 1.015907
v 4.239990 3.171123 1.015907
v 4.347830 2.713822 1.015907
v 4.433660 2.728124 1.015907
v 4.532220 2.728124 1.015907
v 4.630780 2.728124 1.015907
v 4.729340 2.728124 1.015907
v 4.353870 2.819722 1.015907
v 4.353090 2.906024 1.015907
v 4.351610 2.997523 1.015907
v 4.350950 3.090222 1.015907
v 4.337330 3.186322 1.015907
v 4.436360 2.827622 1.015907
v 4.532220 2.826722 1.015907
v 4.630780 2.826722 1.015907
v 4.729340 2.826722 1.015907
v 4.441630 2.914023 1.015907
v 4.442530 3.009522 1.015907
v 4.445980 3.102523 1.015907
v 4.435060 3.198823 1.015907
v 4.534130 2.925822 1.015907
v 4.630780 2.925223 1.015907
v 4.729340 2.925223 1.015907
v 4.542110 3.019122 1.015907
v 4.540870 3.112023 1.015907
v 4.532690 3.208423 1.015907
v 4.631960 3.023824 1.015907
v 4.729340 3.023824 1.015907
v 4.636170 3.118922 1.015907
v 4.630960 3.215423 1.015907
v 4.729350 3.122323 1.015907
v 4.729390 3.219523 1.015907
v 1.692520 1.390023 0.214972
v 1.760260 1.416923 0.219705
v 1.867690 1.463822 0.227986
v 1.935140 1.557523 0.244504
v 1.994890 1.448323 0.225257
v 2.015090 1.524222 0.238635
v 1.978590 1.618823 0.255316
v 2.048440 1.580123 0.248488
v 2.077990 1.450923 0.225701
v 2.064920 1.508424 0.235848
v 2.106280 1.545823 0.242437
v 1.964130 1.739722 0.276622
v 2.033630 1.683223 0.266660
v 2.098330 1.639922 0.259033
v 2.158580 1.603623 0.252637
v 2.167310 1.486024 0.231887
v 2.290610 1.466924 0.228533
v 2.213000 1.570924 0.246862
v 2.024860 1.811624 0.289302
v 2.095650 1.753623 0.279080
v 2.155440 1.700923 0.269786
v 2.200400 1.649823 0.260771
v 2.230790 1.612823 0.254253
v 2.285450 1.558423 0.244659
v 2.388360 1.452823 0.226050
v 2.381520 1.549422 0.243066
v 2.279010 1.619622 0.255444
v 2.085870 1.883822 0.302036
v 2.149960 1.819823 0.290759
v 2.205120 1.753722 0.279093
v 2.258430 1.685622 0.267095
v 2.374390 1.619323 0.255390
v 2.492520 1.452823 0.226050
v 2.485090 1.549623 0.243112
v 2.473490 1.625823 0.256547
v 2.146740 1.955823 0.314740
v 2.365220 1.730424 0.274985
v 2.218990 1.896323 0.304238
v 2.279970 1.832623 0.293016
v 2.471430 1.703523 0.270247
v 2.592650 1.450923 0.225709
v 2.567740 1.559524 0.244856
v 2.540380 1.640023 0.259058
v 2.520900 1.692023 0.268222
v 2.208470 2.028024 0.327467
v 2.280150 1.966924 0.316693
v 2.710430 1.458022 0.226950
v 2.812370 1.460822 0.227459
v 2.350080 1.906922 0.306115
v 2.428950 1.836423 0.293670
v 2.503030 1.772622 0.282437
v 2.553950 1.731223 0.275130
v 2.690300 1.582923 0.248986
v 2.610390 1.675923 0.265375
v 2.272160 2.098523 0.339900
v 2.342140 2.035523 0.328790
v 2.410570 1.973924 0.317929
v 2.823090 1.544223 0.242148
v 2.897070 1.462024 0.227657
v 2.882250 1.525023 0.238776
v 2.478380 1.916623 0.307823
v 2.546610 1.851724 0.296371
v 2.601090 1.804223 0.287997
v 2.672250 1.739722 0.276626
v 2.869180 1.620824 0.255661
v 2.765330 1.671323 0.264574
v 2.337770 2.167323 0.352028
v 2.405960 2.102523 0.340597
v 2.472530 2.039224 0.329442
v 2.539080 1.980523 0.319093
v 2.931930 1.570724 0.246821
v 2.999670 1.496823 0.233792
v 3.150560 1.465524 0.228280
v 3.250180 1.443824 0.224450
v 2.591730 1.934323 0.310944
v 2.645660 1.891223 0.303349
v 2.723550 1.825923 0.291820
v 2.818560 1.760524 0.280304
v 2.916480 1.699424 0.269523
v 2.997050 1.663623 0.263202
v 2.405300 2.234424 0.363850
v 2.471670 2.167724 0.352103
v 2.536380 2.102822 0.340653
v 2.586970 2.029323 0.327690
v 2.618340 1.986123 0.320071
v 3.092290 1.618524 0.255255
v 3.199810 1.572623 0.247158
v 3.290120 1.532123 0.240032
v 2.684320 1.989722 0.320711
v 2.780940 1.927922 0.309814
v 2.872060 1.866923 0.299061
v 2.964900 1.809024 0.288844
v 3.057260 1.754224 0.279191
v 3.149670 1.704923 0.270491
v 2.474600 2.299523 0.375342
v 2.539090 2.231223 0.363288
v 2.590390 2.151723 0.349283
v 2.638140 2.074424 0.335643
v 3.241800 1.661923 0.262909
v 3.331500 1.620023 0.255525
v 2.776910 2.087222 0.337895
v 2.845500 2.028924 0.327618
v 2.722480 2.155023 0.349852
v 2.919840 1.966023 0.316532
v 3.010590 1.904723 0.305730
v 3.101990 1.847423 0.295626
v 3.193750 1.796023 0.286550
v 3.285310 1.750623 0.278554
v 2.545680 2.362823 0.386501
v 2.608250 2.292823 0.374150
v 2.669170 2.224624 0.362125
v 3.374370 1.707223 0.270897
v 2.839500 2.162623 0.351190
v 2.896970 2.117423 0.343223
v 2.790220 2.216023 0.360617
v 2.969910 2.063224 0.333675
v 2.738140 2.282823 0.372385
v 3.058850 2.000724 0.322642
v 3.148950 1.940824 0.312090
v 3.239580 1.886622 0.302526
v 3.330390 1.838723 0.294077
v 3.418750 1.793624 0.286128
v 2.618480 2.424224 0.397321
v 2.679080 2.352523 0.384679
v 2.874580 2.201524 0.358050
v 2.932090 2.185122 0.355160
v 2.855040 2.254823 0.367452
v 3.024760 2.145022 0.348089
v 2.808140 2.339023 0.382307
v 3.109460 2.095822 0.339426
v 2.751040 2.410123 0.394838
v 3.198050 2.033723 0.328463
v 3.287460 1.976623 0.318394
v 3.377420 1.926124 0.309501
v 3.464920 1.879323 0.301251
v 2.692570 2.483323 0.407736
v 2.768670 2.540624 0.417849
v 2.947490 2.278623 0.371643
v 3.076660 2.229823 0.363039
v 2.885040 2.390924 0.391447
v 3.162660 2.190022 0.356023
v 2.825110 2.465922 0.404671
v 3.249330 2.126023 0.344736
v 3.337260 2.065923 0.334148
v 3.426090 2.012723 0.324758
v 3.512710 1.964023 0.316177
v 2.846330 2.595923 0.427596
v 2.907790 2.525622 0.415199
v 2.970140 2.456323 0.402978
v 3.045980 2.386224 0.390617
v 3.142160 2.327523 0.380279
v 3.219050 2.282323 0.372306
v 3.303160 2.217423 0.360865
v 3.389400 2.154523 0.349768
v 3.476730 2.098323 0.339855
v 3.562380 2.047624 0.330918
v 2.925510 2.649022 0.436969
v 2.985260 2.576823 0.424223
v 3.043850 2.509522 0.412357
v 3.006140 2.700023 0.445961
v 3.088160 2.748822 0.454565
v 3.100200 2.455024 0.402759
v 3.183750 2.409022 0.394637
v 3.278950 2.361222 0.386209
v 3.359690 2.307822 0.376796
v 3.443990 2.242223 0.365229
v 3.529820 2.183124 0.354812
v 3.614220 2.130424 0.345511
v 3.056190 2.620923 0.432007
v 3.101430 2.556823 0.420706
v 3.131890 2.508023 0.412105
v 3.135990 2.668323 0.440375
v 3.171090 2.795123 0.462731
v 3.216560 2.713523 0.448344
v 3.218620 2.508323 0.412160
v 3.342030 2.440623 0.400212
v 3.419370 2.396623 0.392449
v 3.500910 2.328822 0.380504
v 3.584990 2.266623 0.369541
v 3.668070 2.211623 0.359841
v 3.182590 2.590123 0.426578
v 3.273610 2.646024 0.436440
v 3.255710 2.839423 0.470537
v 3.298910 2.756623 0.455930
v 3.343460 2.688024 0.443841
v 3.331560 2.582723 0.425265
v 3.408520 2.520324 0.414266
v 3.483510 2.472323 0.405804
v 3.560530 2.414224 0.395566
v 3.642390 2.348823 0.384022
v 3.724060 2.291223 0.373879
v 3.389030 2.637523 0.434935
v 3.341550 2.881423 0.477934
v 3.382430 2.797322 0.463117
v 3.406760 2.726024 0.450544
v 3.424510 2.680623 0.442542
v 3.451660 2.597222 0.427828
v 3.541970 2.557523 0.420824
v 3.623460 2.498023 0.410336
v 3.702380 2.429523 0.398260
v 3.782310 2.369023 0.387582
v 3.479430 2.673823 0.441330
v 3.428530 2.921023 0.484916
v 3.451680 2.827622 0.468456
v 3.468780 2.748322 0.454471
v 3.516590 2.958222 0.491476
v 3.594630 2.664023 0.439616
v 3.690460 2.579223 0.424646
v 3.765830 2.508924 0.412255
v 3.843290 2.444922 0.400979
v 3.574050 2.784524 0.460857
v 3.552700 2.872024 0.476280
v 3.605670 2.992923 0.497609
v 3.639340 2.905824 0.482243
v 3.672070 2.821023 0.467299
v 3.712920 2.733724 0.451901
v 3.776110 2.654923 0.437993
v 3.832540 2.586123 0.425864
v 3.906970 2.518622 0.413964
v 3.695700 3.025323 0.503311
v 3.726890 2.937222 0.487788
v 3.766330 2.855622 0.473391
v 3.800070 2.793323 0.462407
v 3.847460 2.732223 0.451638
v 3.903000 2.660523 0.438988
v 3.973880 2.589923 0.426542
v 3.786550 3.055123 0.508572
v 3.815240 2.966323 0.492908
v 3.835470 2.885022 0.478583
v 3.848710 2.832023 0.469229
v 3.912680 2.813924 0.466039
v 3.977210 2.731624 0.451523
v 4.043760 2.658023 0.438542
v 3.878250 3.082522 0.513398
v 3.895200 2.991624 0.497374
v 3.909280 2.903024 0.481755
v 4.013820 2.853423 0.472995
v 4.051500 2.790223 0.461856
v 3.997970 2.923223 0.485310
v 4.116810 2.722323 0.449886
v 3.970700 3.107324 0.517778
v 3.985220 3.015122 0.501518
v 4.074010 2.879422 0.477591
v 4.126510 2.841924 0.470984
v 4.080660 2.941323 0.488499
v 4.193460 2.782523 0.460502
v 4.075870 3.036323 0.505262
v 4.063810 3.129622 0.521709
v 4.186940 2.926023 0.485812
v 4.274390 2.838223 0.470319
v 4.176000 3.057923 0.509062
v 4.157520 3.149323 0.525186
v 4.358650 2.887723 0.479054
v 4.307640 2.996123 0.498166
v 4.272330 3.083323 0.513548
v 4.251750 3.166524 0.528207
v 4.446590 2.930423 0.486586
v 4.412700 3.072022 0.511544
v 4.342290 3.115623 0.519239
v 4.346710 3.181123 0.530779
v 4.538280 2.965323 0.492741
v 4.537110 3.091523 0.514979
v 4.441760 3.193023 0.532883
v 4.537120 3.202323 0.534526
v 4.633070 2.991424 0.497330
v 4.633940 3.106723 0.517670
v 4.632700 3.209023 0.535705
v 4.729670 3.007323 0.500148
v 4.731220 3.118524 0.519741
v 4.728440 3.213023 0.536419
v 4.728420 2.912623 0.516802
v 4.737450 2.812123 0.534874
v 4.647370 2.894322 0.515513
v 4.657390 2.803323 0.532266
v 4.736780 2.714322 0.552080
v 4.658690 2.721522 0.546778
v 4.567330 2.877824 0.511393
v 4.584900 2.789123 0.528800
v 4.591930 2.721223 0.541432
v 4.727000 2.612924 0.569585
v 4.645390 2.627723 0.562390
v 4.572940 2.643023 0.553370
v 4.482170 2.844724 0.506891
v 4.519780 2.772622 0.524533
v 4.542700 2.723023 0.535997
v 4.502380 2.679723 0.538702
v 4.726790 2.513124 0.587187
v 4.635030 2.524423 0.579824
v 4.554910 2.535422 0.570434
v 4.447560 2.580623 0.548423
v 4.408470 2.806323 0.502342
v 4.455760 2.737723 0.521955
v 4.381600 2.681924 0.519582
v 4.726660 2.413222 0.604792
v 4.626310 2.414323 0.598541
v 4.531920 2.428224 0.586733
v 4.444510 2.445924 0.571716
v 4.345910 2.538123 0.538256
v 4.298640 2.625623 0.513141
v 4.359790 2.441724 0.557918
v 4.319960 2.757222 0.494415
v 4.243730 2.704423 0.486805
v 4.726590 2.313323 0.622399
v 4.625330 2.313024 0.616340
v 4.523080 2.316222 0.605415
v 4.431080 2.330823 0.589889
v 4.352130 2.342223 0.573992
v 4.264150 2.499423 0.527723
v 4.225830 2.570024 0.506163
v 4.281550 2.434222 0.543148
v 4.170460 2.646823 0.478339
v 4.272500 2.358523 0.554482
v 4.726550 2.213523 0.640008
v 4.625120 2.212422 0.634049
v 4.522020 2.213723 0.623366
v 4.422050 2.228223 0.606530
v 4.325750 2.238124 0.587130
v 4.239070 2.255923 0.564773
v 4.230430 2.427323 0.532454
v 4.202400 2.465823 0.518660
v 4.161010 2.521422 0.497863
v 4.100230 2.585122 0.469144
v 4.207470 2.379224 0.535230
v 4.164640 2.297023 0.538419
v 4.726530 2.113624 0.657618
v 4.726520 2.013722 0.675227
v 4.726520 1.913823 0.692837
v 4.726510 1.814023 0.710447
v 4.726510 1.714124 0.728057
v 4.726510 1.614223 0.745667
v 4.726510 1.514323 0.763277
v 4.726510 1.414523 0.780887
v 4.726500 1.314623 0.798497
v 4.726500 1.214723 0.816107
v 4.728020 1.114924 0.833779
v 4.733340 1.015023 0.851586
v 4.625150 2.112523 0.651665
v 4.522260 2.112023 0.641325
v 4.418050 2.114623 0.625901
v 4.311490 2.126822 0.603810
v 4.191360 2.132024 0.574662
v 4.107860 2.216224 0.536474
v 4.154470 2.415023 0.514842
v 4.095260 2.457923 0.490067
v 4.032570 2.519723 0.459234
v 4.098480 2.335122 0.512685
v 4.038510 2.267022 0.505750
v 4.625200 2.012723 0.669280
v 4.625230 1.912824 0.686893
v 4.625250 1.812922 0.704505
v 4.625260 1.713023 0.722116
v 4.625270 1.613223 0.739726
v 4.625270 1.513324 0.757337
v 4.625270 1.413423 0.774947
v 4.626880 1.313624 0.792685
v 4.632720 1.207624 0.811826
v 4.635870 1.110523 0.829199
v 4.639130 1.014123 0.846436
v 4.545470 1.012623 0.837897
v 4.451990 1.010523 0.825942
v 4.358960 1.007823 0.810590
v 4.522850 2.010922 0.659219
v 4.419180 2.011622 0.644246
v 4.312260 2.019523 0.622900
v 4.209930 2.015622 0.599952
v 4.104290 2.070323 0.561134
v 4.042660 2.138722 0.529736
v 4.134950 1.999824 0.582555
v 3.980400 2.196624 0.498222
v 4.032150 2.391023 0.481774
v 3.967850 2.451222 0.448815
v 3.971410 2.321424 0.473000
v 3.912680 2.249423 0.463666
v 4.523460 1.911023 0.676906
v 4.523850 1.811223 0.694560
v 4.524070 1.711324 0.712196
v 4.524200 1.611423 0.729820
v 4.524270 1.511622 0.747438
v 4.526080 1.410924 0.765401
v 4.534460 1.302123 0.785589
v 4.540060 1.201223 0.804022
v 4.543360 1.106723 0.821064
v 4.450760 1.103624 0.809343
v 4.358360 1.100523 0.794126
v 4.266730 1.004523 0.791905
v 4.266440 1.097123 0.775511
v 4.420590 1.909722 0.662443
v 4.314810 1.914023 0.642029
v 4.208910 1.919522 0.616642
v 4.130870 1.922824 0.594941
v 4.088290 1.987924 0.570802
v 4.055260 2.025023 0.553891
v 3.994800 2.077224 0.524366
v 3.924230 2.124324 0.490177
v 4.071730 1.936923 0.574661
v 3.855910 2.175424 0.453811
v 3.905930 2.380122 0.437974
v 3.846270 2.306523 0.426646
v 3.788650 2.230723 0.414841
v 4.421720 1.808623 0.680462
v 4.422630 1.708623 0.698233
v 4.423210 1.608924 0.715921
v 4.423530 1.508224 0.733729
v 4.426860 1.406123 0.752258
v 4.443020 1.292623 0.774834
v 4.447950 1.196423 0.792550
v 4.356220 1.192523 0.777497
v 4.264910 1.189023 0.758955
v 4.175160 1.000623 0.769861
v 4.175140 1.093323 0.753522
v 4.174130 1.185323 0.737021
v 4.317420 1.810122 0.660891
v 4.213850 1.822124 0.635072
v 4.111760 1.835624 0.604737
v 4.035290 1.860023 0.576459
v 4.014800 1.966023 0.550877
v 3.941180 2.005122 0.517629
v 3.870100 2.050223 0.481762
v 3.801330 2.099723 0.443627
v 3.963790 1.893723 0.545639
v 3.733390 2.153123 0.402742
v 4.319670 1.707623 0.679424
v 4.321300 1.606223 0.697653
v 4.324860 1.504622 0.716286
v 4.339970 1.387822 0.739910
v 4.352140 1.285823 0.760275
v 4.261710 1.280723 0.742051
v 4.164040 1.271623 0.719065
v 4.084670 0.996224 0.744564
v 4.084690 1.088823 0.728238
v 4.075320 1.178523 0.709506
v 4.061560 1.264223 0.690061
v 4.218680 1.719024 0.654448
v 4.100010 1.733224 0.619285
v 3.998540 1.776122 0.578758
v 3.914650 1.821822 0.539815
v 3.889440 1.931623 0.510520
v 3.817880 1.974423 0.473018
v 3.748710 2.022424 0.433101
v 3.680110 2.074023 0.390301
v 3.839610 1.856824 0.503114
v 4.219830 1.605323 0.674790
v 4.238530 1.479423 0.701550
v 4.252620 1.375422 0.723240
v 4.151390 1.362023 0.699644
v 4.047440 1.345223 0.671211
v 3.994870 0.991123 0.715902
v 3.994900 1.083923 0.699555
v 3.994760 1.176323 0.683216
v 3.982190 1.258723 0.664243
v 3.970270 1.333423 0.646791
v 4.068000 1.607823 0.631529
v 3.944850 1.690324 0.574519
v 3.863330 1.741624 0.533393
v 3.791500 1.781323 0.495353
v 3.767640 1.897023 0.464076
v 3.698230 1.943723 0.422431
v 3.629070 1.993524 0.377703
v 3.718980 1.818223 0.454813
v 4.124000 1.458222 0.674901
v 4.023380 1.428323 0.648614
v 3.952310 1.395722 0.629244
v 3.906340 0.985523 0.684042
v 3.906370 1.078323 0.667690
v 3.906420 1.170823 0.651389
v 3.906040 1.253523 0.636668
v 3.900450 1.315323 0.623570
v 3.900960 1.364923 0.615019
v 3.964200 1.529023 0.610102
v 3.877190 1.617923 0.560880
v 3.815480 1.668923 0.525821
v 3.745210 1.705523 0.487317
v 3.672390 1.738223 0.445539
v 3.649150 1.863322 0.411385
v 3.579600 1.911723 0.364761
v 3.601980 1.781724 0.400242
v 3.892800 1.469623 0.593311
v 3.821190 1.407323 0.574441
v 3.819130 0.979323 0.649018
v 3.819160 1.072123 0.632669
v 3.819200 1.164823 0.616348
v 3.818910 1.257123 0.599943
v 3.819370 1.325923 0.588005
v 3.815240 1.543523 0.547849
v 3.753460 1.588023 0.511942
v 3.694650 1.622924 0.477203
v 3.628090 1.656823 0.436554
v 3.557130 1.699023 0.389342
v 3.531880 1.828624 0.351610
v 3.486180 1.744723 0.338450
v 3.762470 1.484023 0.534483
v 3.721350 1.446923 0.521438
v 3.731110 1.329923 0.546798
v 3.730810 1.393622 0.535436
v 3.733220 0.972623 0.610825
v 3.733250 1.065423 0.594475
v 3.733300 1.158123 0.578146
v 3.733290 1.250623 0.561834
v 3.707380 1.517722 0.502104
v 3.646230 1.546023 0.465787
v 3.585790 1.573922 0.427819
v 3.514200 1.614722 0.378661
v 3.442020 1.659623 0.325163
v 3.679620 1.461223 0.498092
v 3.663230 1.400123 0.500431
v 3.648950 1.243523 0.520558
v 3.656660 1.326023 0.510070
v 3.648800 0.965324 0.569539
v 3.648830 1.058123 0.553188
v 3.648880 1.150923 0.536850
v 3.616440 1.479724 0.461456
v 3.551560 1.502223 0.420791
v 3.473480 1.529223 0.368453
v 3.399400 1.573524 0.311821
v 3.594860 1.407323 0.462282
v 3.579030 1.319123 0.468918
v 3.566070 1.143123 0.492531
v 3.573030 1.231524 0.480948
v 3.565990 0.957523 0.525216
v 3.566020 1.050323 0.508865
v 3.524420 1.418723 0.419409
v 3.440250 1.441724 0.362430
v 3.358480 1.486423 0.298585
v 3.506250 1.316523 0.426393
v 3.493900 1.220823 0.435645
v 3.484830 1.042023 0.461508
v 3.484880 1.134923 0.445164
v 3.484800 0.949123 0.477864
v 3.393050 1.307423 0.354388
v 3.307780 1.391322 0.278259
v 3.409740 1.210323 0.382899
v 3.405580 1.126023 0.394939
v 3.405530 0.940323 0.427650
v 3.405560 1.033123 0.411297
v 3.357050 1.189623 0.349903
v 3.314410 1.235523 0.310695
v 3.256730 1.298323 0.255292
v 3.341330 1.124023 0.350151
v 3.328220 1.023823 0.358244
v 3.328190 0.930923 0.374594
v 3.265260 1.133623 0.291056
v 3.211860 1.212123 0.234168
v 3.262890 1.022023 0.308867
v 3.252960 0.921124 0.318822
v 3.203630 1.096823 0.247655
v 3.161960 1.135823 0.205198
v 3.192880 1.017023 0.252694
v 3.179810 0.910823 0.260310
v 3.111940 1.035823 0.178027
v 3.108790 0.900023 0.199083
v 3.040210 0.888723 0.135410
v 3.029240 0.974723 0.109292
v 2.974070 0.877123 0.069303
v 2.969350 0.934923 0.054052
v 2.910580 0.865123 0.000987
v 2.918410 0.904823 0.002957
v 2.849550 0.852623 -0.069753
v 2.868720 0.876723 -0.050493
v 2.146740 1.970424 0.928236
v 2.146740 1.969724 0.840566
v 2.146740 1.968623 0.752902
v 2.146740 1.967023 0.665245
v 2.146740 1.964923 0.577599
v 2.146740 1.962323 0.489964
v 2.146740 1.959323 0.402344
v 2.085880 1.899022 0.926634
v 2.085870 1.898322 0.837368
v 2.085870 1.897023 0.748109
v 2.085870 1.895423 0.658862
v 2.085870 1.893224 0.569628
v 2.085870 1.890523 0.480411
v 2.085870 1.887424 0.391213
v 2.025010 1.827523 0.925040
v 2.025010 1.826823 0.834181
v 2.025000 1.825522 0.743331
v 2.025000 1.823823 0.652495
v 2.025000 1.821523 0.561673
v 2.025000 1.818723 0.470870
v 2.025000 1.815522 0.380088
v 1.964140 1.756124 0.923454
v 1.964140 1.755323 0.831007
v 1.964140 1.754024 0.738570
v 1.964140 1.752223 0.646144
v 1.964140 1.749824 0.553734
v 1.964140 1.747024 0.461341
v 1.964130 1.743623 0.368970
v 2.427900 -1.760477 -1.152693
v 2.427900 -1.645877 -1.172023
v 2.427900 -1.531277 -1.191403
v 2.427900 -1.744477 -1.055063
v 2.427900 -1.629677 -1.073543
v 2.427900 -1.514977 -1.092103
v 2.427900 -1.729077 -0.957303
v 2.427900 -1.614277 -0.974933
v 2.427900 -1.499377 -0.992683
v 2.427900 -1.714577 -0.859443
v 2.427900 -1.599477 -0.876223
v 2.427900 -1.484477 -0.893153
v 2.427900 -1.700677 -0.761463
v 2.427900 -1.585577 -0.777393
v 2.427900 -1.470377 -0.793513
v 2.427900 -1.687577 -0.663393
v 2.427900 -1.572277 -0.678463
v 2.427900 -1.457077 -0.693773
v 2.427900 -1.444477 -0.593933
v 2.427900 -1.559877 -0.579443
v 2.427900 -1.675177 -0.565213
v 2.427900 -1.432677 -0.494003
v 2.427900 -1.548177 -0.480323
v 2.427900 -1.663577 -0.466953
v 2.427900 -1.652677 -0.368363
v 2.427900 -1.537177 -0.381523
v 2.427900 -1.421677 -0.394453
v 2.427900 -1.642577 -0.269933
v 2.427900 -1.526977 -0.282193
v 2.427900 -1.411377 -0.294313
v 2.427900 -1.633177 -0.171423
v 2.427900 -1.517477 -0.182793
v 2.427900 -1.401777 -0.194093
v 2.427900 -1.624577 -0.072853
v 2.427900 -1.508777 -0.083323
v 2.427900 -1.393077 -0.093803
v 2.427900 -1.616677 0.025777
v 2.427900 -1.500877 0.016208
v 2.427900 -1.384977 0.006547
v 2.427900 -1.609577 0.124467
v 2.427900 -1.493677 0.115793
v 2.427900 -1.377777 0.106949
v 2.427900 -1.603177 0.223209
v 2.427900 -1.487177 0.215267
v 2.427900 -1.371277 0.207089
v 2.427900 -1.597477 0.321996
v 2.427900 -1.481577 0.314547
v 2.427900 -1.365477 0.307375
v 2.427900 -1.592677 0.420824
v 2.427900 -1.476577 0.414247
v 2.427900 -1.360577 0.407896
v 2.427900 -1.588477 0.519685
v 2.427900 -1.472377 0.513979
v 2.427900 -1.356277 0.508450
v 2.427900 -1.585077 0.618576
v 2.427900 -1.468977 0.613738
v 2.427900 -1.352877 0.609031
v 2.427900 -1.582477 0.717489
v 2.427900 -1.466277 0.713520
v 2.427900 -1.350177 0.709634
v 2.427900 -1.580577 0.816419
v 2.427900 -1.464377 0.813318
v 2.427900 -1.348177 0.810255
v 2.427900 -1.579477 0.915360
v 2.427900 -1.463277 0.913127
v 2.427900 -1.346977 0.910887
v 2.177900 -2.007077 -1.111073
v 2.273230 -1.988377 -1.114213
v 2.353880 -1.935578 -1.123103
v 2.408060 -1.856777 -1.136393
v 2.177900 -1.991277 -1.015233
v 2.273220 -1.972577 -1.018223
v 2.353870 -1.919777 -1.026723
v 2.408060 -1.840778 -1.039413
v 2.177900 -1.976177 -0.919273
v 2.273200 -1.957577 -0.922123
v 2.353860 -1.904577 -0.930223
v 2.408060 -1.825577 -0.942313
v 2.177900 -1.961877 -0.823203
v 2.273190 -1.943177 -0.825913
v 2.353850 -1.890277 -0.833603
v 2.408070 -1.811077 -0.845103
v 2.177900 -1.948277 -0.727023
v 2.273180 -1.929577 -0.729593
v 2.353840 -1.876577 -0.736883
v 2.408070 -1.797276 -0.747783
v 2.177900 -1.935477 -0.630753
v 2.273170 -1.916777 -0.633173
v 2.353830 -1.863677 -0.640063
v 2.408070 -1.784277 -0.650363
v 2.177900 -1.923277 -0.534383
v 2.273150 -1.904577 -0.536663
v 2.353820 -1.851477 -0.543143
v 2.408080 -1.771977 -0.552843
v 2.177900 -1.911877 -0.437923
v 2.273140 -1.893177 -0.440063
v 2.353810 -1.839977 -0.446133
v 2.408080 -1.760477 -0.455233
v 2.177900 -1.901277 -0.341373
v 2.273130 -1.882477 -0.343373
v 2.353800 -1.829277 -0.349043
v 2.408080 -1.749677 -0.357543
v 2.177900 -1.891277 -0.244753
v 2.273120 -1.872577 -0.246613
v 2.353790 -1.819277 -0.251883
v 2.408080 -1.739577 -0.259773
v 2.177900 -1.882077 -0.148063
v 2.273110 -1.863377 -0.149773
v 2.353780 -1.810077 -0.154633
v 2.408090 -1.730277 -0.161923
v 2.177900 -1.873677 -0.051293
v 2.273090 -1.854877 -0.052873
v 2.353770 -1.801577 -0.057323
v 2.408090 -1.721677 -0.064013
v 2.177900 -1.865877 0.045525
v 2.273080 -1.847177 0.044098
v 2.353760 -1.793777 0.040043
v 2.408090 -1.713877 0.033966
v 2.177900 -1.858877 0.142404
v 2.273070 -1.840177 0.141120
v 2.353750 -1.786777 0.137470
v 2.408100 -1.706777 0.131998
v 2.177900 -1.852677 0.239333
v 2.273060 -1.833877 0.238192
v 2.353730 -1.780477 0.234948
v 2.408100 -1.700477 0.230082
v 2.177900 -1.847177 0.336307
v 2.273050 -1.828377 0.335308
v 2.353720 -1.774977 0.332470
v 2.408100 -1.694877 0.328211
v 2.177900 -1.842377 0.433320
v 2.273030 -1.823577 0.432464
v 2.353710 -1.770177 0.430031
v 2.408100 -1.689977 0.426379
v 2.177900 -1.838277 0.530367
v 2.273020 -1.819477 0.529653
v 2.353700 -1.766077 0.527626
v 2.408110 -1.685877 0.524582
v 2.177900 -1.834977 0.627441
v 2.273010 -1.816177 0.626871
v 2.353690 -1.762777 0.625249
v 2.408110 -1.682477 0.622812
v 2.177900 -1.832377 0.724538
v 2.273000 -1.813577 0.724110
v 2.353670 -1.760177 0.722894
v 2.408110 -1.679877 0.721066
v 2.177900 -1.830577 0.821652
v 2.272990 -1.811777 0.821367
v 2.353660 -1.758377 0.820556
v 2.408120 -1.678077 0.819337
v 2.177900 -1.829477 0.918777
v 2.272970 -1.810676 0.918634
v 2.353650 -1.757276 0.918229
v 2.408120 -1.676877 0.917619
v 1.578500 -2.007077 -1.111073
v 1.678400 -2.007077 -1.111073
v 1.778300 -2.007077 -1.111073
v 1.878200 -2.007077 -1.111073
v 1.978100 -2.007077 -1.111073
v 2.078000 -2.007077 -1.111073
v 1.578500 -1.991277 -1.015233
v 1.678400 -1.991277 -1.015233
v 1.778300 -1.991277 -1.015233
v 1.878200 -1.991277 -1.015233
v 1.978100 -1.991277 -1.015233
v 2.078000 -1.991277 -1.015233
v 1.578500 -1.976177 -0.919273
v 1.678400 -1.976177 -0.919273
v 1.778300 -1.976177 -0.919273
v 1.878200 -1.976177 -0.919273
v 1.978100 -1.976177 -0.919273
v 2.078000 -1.976177 -0.919273
v 1.578500 -1.961877 -0.823203
v 1.678400 -1.961877 -0.823203
v 1.778300 -1.961877 -0.823203
v 1.878200 -1.961877 -0.823203
v 1.978100 -1.961877 -0.823203
v 2.078000 -1.961877 -0.823203
v 1.578500 -1.948277 -0.727023
v 1.678400 -1.948277 -0.727023
v 1.778300 -1.948277 -0.727023
v 1.878200 -1.948277 -0.727023
v 1.978100 -1.948277 -0.727023
v 2.078000 -1.948277 -0.727023
v 1.578500 -1.935477 -0.630753
v 1.678400 -1.935477 -0.630753
v 1.778300 -1.935477 -0.630753
v 1.878200 -1.935477 -0.630753
v 1.978100 -1.935477 -0.630753
v 2.078000 -1.935477 -0.630753
v 1.578500 -1.923277 -0.534383
v 1.678400 -1.923277 -0.534383
v 1.778300 -1.923277 -0.534383
v 1.878200 -1.923277 -0.534383
v 1.978100 -1.923277 -0.534383
v 2.078000 -1.923277 -0.534383
v 1.578500 -1.911877 -0.437923
v 1.678400 -1.911877 -0.437923
v 1.778300 -1.911877 -0.437923
v 1.878200 -1.911877 -0.437923
v 1.978100 -1.911877 -0.437923
v 2.078000 -1.911877 -0.437923
v 1.578500 -1.901277 -0.341373
v 1.678400 -1.901277 -0.341373
v 1.778300 -1.901277 -0.341373
v 1.878200 -1.901277 -0.341373
v 1.978100 -1.901277 -0.341373
v 2.078000 -1.901277 -0.341373
v 1.578500 -1.891277 -0.244753
v 1.678400 -1.891277 -0.244753
v 1.778300 -1.891277 -0.244753
v 1.878200 -1.891277 -0.244753
v 1.978100 -1.891277 -0.244753
v 2.078000 -1.891277 -0.244753
v 1.578500 -1.882077 -0.148063
v 1.678400 -1.882077 -0.148063
v 1.778300 -1.882077 -0.148063
v 1.878200 -1.882077 -0.148063
v 1.978100 -1.882077 -0.148063
v 2.078000 -1.882077 -0.148063
v 1.578500 -1.873677 -0.051293
v 1.678400 -1.873677 -0.051293
v 1.778300 -1.873677 -0.051293
v 1.878200 -1.873677 -0.051293
v 1.978100 -1.873677 -0.051293
v 2.078000 -1.873677 -0.051293
v 1.578500 -1.865877 0.045525
v 1.678400 -1.865877 0.045525
v 1.778300 -1.865877 0.045525
v 1.878200 -1.865877 0.045525
v 1.978100 -1.865877 0.045525
v 2.078000 -1.865877 0.045525
v 1.578500 -1.858877 0.142404
v 1.678400 -1.858877 0.142404
v 1.778300 -1.858877 0.142404
v 1.878200 -1.858877 0.142404
v 1.978100 -1.858877 0.142404
v 2.078000 -1.858877 0.142404
v 1.578500 -1.852677 0.239333
v 1.678400 -1.852677 0.239334
v 1.778300 -1.852677 0.239333
v 1.878200 -1.852677 0.239334
v 1.978100 -1.852677 0.239333
v 2.078000 -1.852677 0.239333
v 1.578500 -1.847177 0.336307
v 1.678400 -1.847177 0.336307
v 1.778300 -1.847177 0.336307
v 1.878200 -1.847177 0.336307
v 1.978100 -1.847177 0.336307
v 2.078000 -1.847177 0.336307
v 1.578500 -1.842377 0.433320
v 1.678400 -1.842377 0.433320
v 1.778300 -1.842377 0.433320
v 1.878200 -1.842377 0.433320
v 1.978100 -1.842377 0.433320
v 2.078000 -1.842377 0.433320
v 1.578500 -1.838277 0.530367
v 1.678400 -1.838277 0.530367
v 1.778300 -1.838277 0.530367
v 1.878200 -1.838277 0.530367
v 1.978100 -1.838277 0.530367
v 2.078000 -1.838277 0.530367
v 1.578500 -1.834977 0.627441
v 1.678400 -1.834977 0.627441
v 1.778300 -1.834977 0.627441
v 1.878200 -1.834977 0.627441
v 1.978100 -1.834977 0.627441
v 2.078000 -1.834977 0.627441
v 1.578500 -1.832377 0.724538
v 1.678400 -1.832377 0.724538
v 1.778300 -1.832377 0.724538
v 1.878200 -1.832377 0.724538
v 1.978100 -1.832377 0.724538
v 2.078000 -1.832377 0.724538
v 1.578500 -1.830577 0.821652
v 1.678400 -1.830577 0.821652
v 1.778300 -1.830577 0.821652
v 1.878200 -1.830577 0.821652
v 1.978100 -1.830577 0.821652
v 2.078000 -1.830577 0.821652
v 1.578500 -1.829477 0.918777
v 1.678400 -1.829477 0.918777
v 1.778300 -1.829477 0.918777
v 1.878200 -1.829477 0.918777
v 1.978100 -1.829477 0.918777
v 2.078000 -1.829477 0.918777
v 1.328500 -1.760477 -1.152613
v 1.347440 -1.854677 -1.136753
v 1.401390 -1.934477 -1.123293
v 1.481890 -1.987877 -1.114293
v 1.328500 -1.744377 -1.054903
v 1.347440 -1.838678 -1.039753
v 1.401380 -1.918577 -1.026903
v 1.481890 -1.972077 -1.018313
v 1.328500 -1.729077 -0.957073
v 1.347450 -1.823477 -0.942633
v 1.401380 -1.903477 -0.930393
v 1.481880 -1.956977 -0.922213
v 1.328500 -1.714477 -0.859123
v 1.347450 -1.808977 -0.845403
v 1.401380 -1.889077 -0.833773
v 1.481880 -1.942677 -0.825993
v 1.328500 -1.700677 -0.761073
v 1.347450 -1.795177 -0.748063
v 1.401370 -1.875377 -0.737043
v 1.481870 -1.929077 -0.729673
v 1.328500 -1.687477 -0.662913
v 1.347460 -1.782177 -0.650623
v 1.401370 -1.862477 -0.640213
v 1.481870 -1.916177 -0.633253
v 1.328500 -1.675177 -0.564653
v 1.347460 -1.769977 -0.553093
v 1.401370 -1.850277 -0.543293
v 1.481860 -1.903977 -0.536733
v 1.328500 -1.663477 -0.466313
v 1.347460 -1.758377 -0.455463
v 1.401370 -1.838777 -0.446273
v 1.481860 -1.892577 -0.440123
v 1.328500 -1.652677 -0.367883
v 1.347460 -1.747677 -0.357753
v 1.401360 -1.828077 -0.349183
v 1.481850 -1.881877 -0.343433
v 1.328500 -1.642477 -0.269373
v 1.347470 -1.737576 -0.259973
v 1.401360 -1.818077 -0.252003
v 1.481850 -1.871977 -0.246673
v 1.328500 -1.633177 -0.170793
v 1.347470 -1.728277 -0.162103
v 1.401360 -1.808877 -0.154753
v 1.481840 -1.862777 -0.149823
v 1.328500 -1.624477 -0.072143
v 1.347470 -1.719677 -0.064173
v 1.401360 -1.800277 -0.057433
v 1.481840 -1.854277 -0.052923
v 1.328500 -1.616677 0.026572
v 1.347470 -1.711877 0.033815
v 1.401350 -1.792577 0.039946
v 1.481840 -1.846577 0.044051
v 1.328500 -1.609477 0.125344
v 1.347480 -1.704777 0.131864
v 1.401350 -1.785477 0.137382
v 1.481830 -1.839477 0.141077
v 1.328500 -1.603077 0.224166
v 1.347480 -1.698477 0.229963
v 1.401350 -1.779177 0.234868
v 1.481830 -1.833277 0.238154
v 1.328500 -1.597477 0.323034
v 1.347480 -1.692877 0.328107
v 1.401350 -1.773677 0.332399
v 1.481820 -1.827677 0.335275
v 1.328500 -1.592577 0.421942
v 1.347480 -1.688077 0.426291
v 1.401350 -1.768777 0.429970
v 1.481820 -1.822877 0.432435
v 1.328500 -1.588477 0.520884
v 1.347490 -1.683977 0.524509
v 1.401340 -1.764777 0.527575
v 1.481810 -1.818877 0.529629
v 1.328500 -1.585077 0.619854
v 1.347490 -1.680577 0.622755
v 1.401340 -1.761377 0.625207
v 1.481810 -1.815577 0.626851
v 1.328500 -1.582477 0.718847
v 1.347490 -1.677977 0.721023
v 1.401340 -1.758777 0.722862
v 1.481800 -1.812977 0.724095
v 1.328500 -1.580577 0.817858
v 1.347500 -1.676177 0.819308
v 1.401340 -1.756977 0.820535
v 1.481800 -1.811077 0.821357
v 1.328500 -1.579477 0.916880
v 1.347500 -1.675076 0.917605
v 1.401340 -1.755876 0.918218
v 1.481790 -1.809976 0.918629
v 1.328500 -0.944477 0.912081
v 1.328500 -0.945677 0.808262
v 1.328500 -0.947576 0.704454
v 1.328500 -0.950376 0.600665
v 1.328500 -0.953876 0.496899
v 1.328500 -0.958277 0.393163
v 1.328500 -0.963377 0.289463
v 1.328500 -0.969277 0.185805
v 1.328500 -0.975977 0.082194
v 1.328500 -0.983477 -0.021363
v 1.328500 -0.991677 -0.124863
v 1.328500 -1.000777 -0.228293
v 1.328500 -1.010577 -0.331653
v 1.328500 -1.021177 -0.434933
v 1.328500 -1.032577 -0.538313
v 1.328500 -1.044777 -0.641423
v 1.328500 -1.057777 -0.744433
v 1.328500 -1.071477 -0.847353
v 1.328500 -1.086077 -0.950153
v 1.328500 -1.101377 -1.052843
v 1.328500 -1.117377 -1.155423
v 1.328500 -1.134277 -1.257863
v 1.328500 -1.050277 0.912871
v 1.328500 -1.051477 0.809841
v 1.328500 -1.053377 0.706823
v 1.328500 -1.056177 0.603822
v 1.328500 -1.059677 0.500846
v 1.328500 -1.063977 0.397899
v 1.328500 -1.069077 0.294988
v 1.328500 -1.074877 0.192118
v 1.328500 -1.081577 0.089295
v 1.328500 -1.088977 -0.013473
v 1.328500 -1.097177 -0.116183
v 1.328500 -1.106177 -0.218863
v 1.328500 -1.115877 -0.321483
v 1.328500 -1.126477 -0.424043
v 1.328500 -1.137777 -0.526613
v 1.328500 -1.149877 -0.628933
v 1.328500 -1.162777 -0.731163
v 1.328500 -1.176377 -0.833293
v 1.328500 -1.190877 -0.935313
v 1.328500 -1.205977 -1.037223
v 1.328500 -1.221977 -1.139023
v 1.328500 -1.238677 -1.240683
v 1.328500 -1.156176 0.913659
v 1.328500 -1.157277 0.811417
v 1.328500 -1.159277 0.709187
v 1.328500 -1.161977 0.606974
v 1.328500 -1.165477 0.504785
v 1.328500 -1.169677 0.402626
v 1.328500 -1.174777 0.300502
v 1.328500 -1.180577 0.198419
v 1.328500 -1.187177 0.096384
v 1.328500 -1.194477 -0.005603
v 1.328500 -1.202677 -0.107523
v 1.328500 -1.211577 -0.209453
v 1.328500 -1.221277 -0.311333
v 1.328500 -1.231777 -0.413133
v 1.328500 -1.242977 -0.514883
v 1.328500 -1.254977 -0.616433
v 1.328500 -1.267776 -0.717873
v 1.328500 -1.281277 -0.819223
v 1.328500 -1.295577 -0.920463
v 1.328500 -1.310677 -1.021593
v 1.328500 -1.326577 -1.122613
v 1.328500 -1.343177 -1.223503
v 1.328500 -1.261977 0.914446
v 1.328500 -1.263077 0.812990
v 1.328500 -1.265077 0.711547
v 1.328500 -1.267677 0.610121
v 1.328500 -1.271177 0.508718
v 1.328500 -1.275377 0.407345
v 1.328500 -1.280477 0.306006
v 1.328500 -1.286177 0.204710
v 1.328500 -1.292777 0.103459
v 1.328500 -1.300076 0.002257
v 1.328500 -1.308177 -0.098883
v 1.328500 -1.316977 -0.200063
v 1.328500 -1.326577 -0.301173
v 1.328500 -1.336977 -0.402203
v 1.328500 -1.348177 -0.503143
v 1.328500 -1.360077 -0.603903
v 1.328500 -1.372777 -0.704573
v 1.328500 -1.386177 -0.805143
v 1.328500 -1.400377 -0.905603
v 1.328500 -1.415377 -1.005953
v 1.328500 -1.431077 -1.106193
v 1.328500 -1.447577 -1.206303
v 1.328500 -1.367777 0.915231
v 1.328500 -1.368976 0.814561
v 1.328500 -1.370877 0.713902
v 1.328500 -1.373477 0.613261
v 1.328500 -1.376977 0.512644
v 1.328500 -1.381177 0.412055
v 1.328500 -1.386077 0.311501
v 1.328500 -1.391877 0.210988
v 1.328500 -1.398377 0.110521
v 1.328500 -1.405577 0.010107
v 1.328500 -1.413577 -0.090253
v 1.328500 -1.422377 -0.190703
v 1.328500 -1.431977 -0.291023
v 1.328500 -1.442277 -0.391263
v 1.328500 -1.453377 -0.491393
v 1.328500 -1.465177 -0.591373
v 1.328500 -1.477777 -0.691263
v 1.328500 -1.491078 -0.791043
v 1.328500 -1.505177 -0.890733
v 1.328500 -1.520077 -0.990303
v 1.328500 -1.535677 -1.089763
v 1.328500 -1.551977 -1.189103
v 1.328500 -1.473677 0.916015
v 1.328500 -1.474777 0.816129
v 1.328500 -1.476677 0.716254
v 1.328500 -1.479277 0.616396
v 1.328500 -1.482677 0.516562
v 1.328500 -1.486876 0.416756
v 1.328500 -1.491777 0.316985
v 1.328500 -1.497477 0.217254
v 1.328500 -1.503977 0.117570
v 1.328500 -1.511177 0.017936
v 1.328500 -1.519077 -0.081643
v 1.328500 -1.527877 -0.181373
v 1.328500 -1.537277 -0.280873
v 1.328500 -1.547577 -0.380293
v 1.328500 -1.558477 -0.479613
v 1.328500 -1.570277 -0.578823
v 1.328500 -1.582777 -0.677933
v 1.328500 -1.595977 -0.776943
v 1.328500 -1.609977 -0.875853
v 1.328500 -1.624677 -0.974653
v 1.328500 -1.640177 -1.073333
v 1.328500 -1.656477 -1.171893
v 0.328500 0.055523 0.904473
v 0.328500 0.054223 0.793045
v 0.328500 0.052123 0.681629
v 0.328500 0.049123 0.570234
v 0.328500 0.045323 0.458863
v 0.328500 0.040723 0.347525
v 0.328500 0.035223 0.236225
v 0.328500 0.028923 0.124971
v 0.328500 0.021723 0.013767
v 0.328500 0.013623 -0.097383
v 0.328500 0.004823 -0.208463
v 0.328500 -0.004877 -0.319473
v 0.328500 -0.015477 -0.430403
v 0.328500 -0.026877 -0.541253
v 0.328500 -0.039077 -0.652023
v 0.328500 -0.052177 -0.762683
v 0.328500 -0.066077 -0.873243
v 0.328500 -0.080877 -0.983703
v 0.328500 -0.096477 -1.094043
v 0.328500 -0.112877 -1.204253
v 0.328500 -0.130177 -1.314343
v 0.328500 -0.148277 -1.424303
v 0.426517 0.050723 0.904509
v 0.426517 0.049423 0.793118
v 0.426517 0.047323 0.681739
v 0.426517 0.044323 0.570380
v 0.426517 0.040523 0.459046
v 0.426517 0.035923 0.347744
v 0.426517 0.030423 0.236481
v 0.426517 0.024023 0.125263
v 0.426517 0.016923 0.014097
v 0.426517 0.008823 -0.097013
v 0.426517 0.000023 -0.208063
v 0.426517 -0.009677 -0.319033
v 0.426517 -0.020277 -0.429933
v 0.426517 -0.031677 -0.540743
v 0.426517 -0.043877 -0.651473
v 0.426517 -0.056977 -0.762103
v 0.426517 -0.070877 -0.872623
v 0.426517 -0.085577 -0.983043
v 0.426517 -0.101177 -1.093343
v 0.426517 -0.117677 -1.203523
v 0.426517 -0.134877 -1.313583
v 0.426517 -0.152977 -1.423503
v 0.523590 0.036323 0.904618
v 0.523591 0.035023 0.793336
v 0.523590 0.032923 0.682067
v 0.523590 0.029923 0.570817
v 0.523590 0.026123 0.459592
v 0.523590 0.021524 0.348400
v 0.523590 0.016023 0.237246
v 0.523590 0.009723 0.126136
v 0.523590 0.002523 0.015077
v 0.523590 -0.005477 -0.095923
v 0.523590 -0.014377 -0.206853
v 0.523590 -0.024077 -0.317723
v 0.523590 -0.034577 -0.428513
v 0.523590 -0.045977 -0.539223
v 0.523590 -0.058177 -0.649833
v 0.523590 -0.071277 -0.760353
v 0.523590 -0.085177 -0.870773
v 0.523590 -0.099877 -0.981083
v 0.523590 -0.115477 -1.091273
v 0.523590 -0.131877 -1.201353
v 0.523590 -0.149078 -1.311293
v 0.523590 -0.167177 -1.421113
v 0.618785 0.012424 0.904799
v 0.618785 0.011223 0.793698
v 0.618785 0.009123 0.682610
v 0.618785 0.006123 0.571540
v 0.618785 0.002323 0.460497
v 0.618785 -0.002277 0.349485
v 0.618785 -0.007777 0.238512
v 0.618785 -0.014077 0.127583
v 0.618785 -0.021277 0.016706
v 0.618784 -0.029277 -0.094113
v 0.618785 -0.038077 -0.204873
v 0.618784 -0.047777 -0.315553
v 0.618785 -0.058277 -0.426163
v 0.618784 -0.069677 -0.536693
v 0.618785 -0.081877 -0.647123
v 0.618785 -0.094877 -0.757473
v 0.618785 -0.108777 -0.867703
v 0.618784 -0.123477 -0.977833
v 0.618784 -0.139077 -1.087853
v 0.618784 -0.155477 -1.197743
v 0.618785 -0.172677 -1.307513
v 0.618785 -0.190677 -1.417143
v 0.711183 -0.020577 0.905050
v 0.711183 -0.021877 0.794200
v 0.711183 -0.023977 0.683362
v 0.711183 -0.026977 0.572544
v 0.711183 -0.030677 0.461751
v 0.711183 -0.035377 0.350990
v 0.711183 -0.040777 0.240267
v 0.711183 -0.047077 0.129589
v 0.711183 -0.054277 0.018962
v 0.711183 -0.062277 -0.091603
v 0.711183 -0.071077 -0.202113
v 0.711184 -0.080677 -0.312553
v 0.711183 -0.091177 -0.422913
v 0.711183 -0.102577 -0.533183
v 0.711183 -0.114777 -0.643373
v 0.711184 -0.127777 -0.753463
v 0.711183 -0.141577 -0.863453
v 0.711183 -0.156277 -0.973333
v 0.711183 -0.171777 -1.083103
v 0.711183 -0.188077 -1.192753
v 0.711183 -0.205277 -1.302263
v 0.711183 -0.223277 -1.411653
v 0.799897 -0.062577 0.905369
v 0.799897 -0.063877 0.794837
v 0.799897 -0.065877 0.684317
v 0.799897 -0.068877 0.573817
v 0.799896 -0.072677 0.463342
v 0.799897 -0.077277 0.352899
v 0.799897 -0.082677 0.242495
v 0.799897 -0.088977 0.132134
v 0.799897 -0.096077 0.021825
v 0.799897 -0.104077 -0.088423
v 0.799897 -0.112877 -0.198613
v 0.799897 -0.122477 -0.308733
v 0.799897 -0.132977 -0.418773
v 0.799897 -0.144277 -0.528733
v 0.799897 -0.156377 -0.638603
v 0.799897 -0.169377 -0.748383
v 0.799897 -0.183177 -0.858053
v 0.799897 -0.197877 -0.967623
v 0.799897 -0.213277 -1.077073
v 0.799897 -0.229577 -1.186403
v 0.799897 -0.246777 -1.295613
v 0.799897 -0.264677 -1.404683
v 0.884070 -0.112977 0.905751
v 0.884070 -0.114277 0.795602
v 0.884070 -0.116377 0.685466
v 0.884070 -0.119277 0.575348
v 0.884070 -0.123077 0.465256
v 0.884070 -0.127677 0.355196
v 0.884070 -0.133077 0.245173
v 0.884070 -0.139377 0.135195
v 0.884070 -0.146477 0.025268
v 0.884070 -0.154377 -0.084603
v 0.884070 -0.163177 -0.194413
v 0.884070 -0.172777 -0.304143
v 0.884070 -0.183177 -0.413803
v 0.884070 -0.194477 -0.523383
v 0.884070 -0.206577 -0.632873
v 0.884070 -0.219477 -0.742273
v 0.884070 -0.233177 -0.851563
v 0.884070 -0.247777 -0.960753
v 0.884070 -0.263177 -1.069823
v 0.884070 -0.279477 -1.178773
v 0.884070 -0.296577 -1.287603
v 0.884070 -0.314477 -1.396293
v 0.962894 -0.171477 0.906195
v 0.962894 -0.172677 0.796489
v 0.962894 -0.174777 0.686796
v 0.962894 -0.177677 0.577122
v 0.962894 -0.181477 0.467474
v 0.962894 -0.186077 0.357857
v 0.962894 -0.191477 0.248277
v 0.962894 -0.197677 0.138742
v 0.962894 -0.204777 0.029257
v 0.962894 -0.212677 -0.080173
v 0.962894 -0.221377 -0.189533
v 0.962894 -0.230977 -0.298833
v 0.962894 -0.241377 -0.408053
v 0.962894 -0.252577 -0.517183
v 0.962894 -0.264577 -0.626233
v 0.962894 -0.277477 -0.735193
v 0.962894 -0.291177 -0.844043
v 0.962894 -0.305777 -0.952793
v 0.962894 -0.321077 -1.061423
v 0.962894 -0.337278 -1.169943
v 0.962894 -0.354277 -1.278323
v 0.962894 -0.372077 -1.386583
v 1.035610 -0.237377 0.906695
v 1.035610 -0.238677 0.797490
v 1.035610 -0.240677 0.688297
v 1.035610 -0.243577 0.579122
v 1.035610 -0.247277 0.469974
v 1.035610 -0.251877 0.360856
v 1.035610 -0.257277 0.251776
v 1.035610 -0.263477 0.142740
v 1.035610 -0.270477 0.033755
v 1.035610 -0.278377 -0.075173
v 1.035610 -0.287077 -0.184043
v 1.035610 -0.296577 -0.292833
v 1.035610 -0.306977 -0.401563
v 1.035610 -0.318077 -0.510203
v 1.035610 -0.330077 -0.618753
v 1.035610 -0.342877 -0.727213
v 1.035610 -0.356577 -0.835563
v 1.035610 -0.370977 -0.943823
v 1.035610 -0.386277 -1.051953
v 1.035610 -0.402377 -1.159973
v 1.035610 -0.419277 -1.267873
v 1.035610 -0.437077 -1.375633
v 1.101510 -0.310077 0.907247
v 1.101510 -0.311377 0.798593
v 1.101510 -0.313377 0.689952
v 1.101510 -0.316277 0.581329
v 1.101510 -0.319977 0.472732
v 1.101510 -0.324477 0.364165
v 1.101510 -0.329877 0.255637
v 1.101510 -0.336077 0.147152
v 1.101510 -0.343077 0.038717
v 1.101510 -0.350877 -0.069663
v 1.101510 -0.359577 -0.177973
v 1.101510 -0.368977 -0.286223
v 1.101510 -0.379277 -0.394403
v 1.101510 -0.390377 -0.502493
v 1.101510 -0.402377 -0.610493
v 1.101510 -0.415077 -0.718403
v 1.101510 -0.428677 -0.826213
v 1.101510 -0.443077 -0.933913
v 1.101510 -0.458277 -1.041513
v 1.101510 -0.474277 -1.148983
v 1.101510 -0.491078 -1.256333
v 1.101510 -0.508777 -1.363553
v 1.159970 -0.388877 0.907845
v 1.159970 -0.390177 0.799789
v 1.159970 -0.392177 0.691746
v 1.159970 -0.395077 0.583721
v 1.159970 -0.398777 0.475722
v 1.159970 -0.403277 0.367753
v 1.159970 -0.408577 0.259822
v 1.159970 -0.414777 0.151934
v 1.159970 -0.421677 0.044096
v 1.159970 -0.429477 -0.063683
v 1.159970 -0.438077 -0.171403
v 1.159970 -0.447477 -0.279053
v 1.159970 -0.457777 -0.386633
v 1.159970 -0.468777 -0.494133
v 1.159970 -0.480677 -0.601543
v 1.159970 -0.493377 -0.708853
v 1.159970 -0.506877 -0.816073
v 1.159970 -0.521177 -0.923183
v 1.159970 -0.536277 -1.030183
v 1.159970 -0.552177 -1.137063
v 1.159970 -0.568977 -1.243823
v 1.159970 -0.586477 -1.350453
v 1.210420 -0.473077 0.908484
v 1.210420 -0.474276 0.801067
v 1.210420 -0.476376 0.693662
v 1.210420 -0.479176 0.586276
v 1.210420 -0.482877 0.478915
v 1.210420 -0.487377 0.371584
v 1.210420 -0.492677 0.264291
v 1.210420 -0.498777 0.157041
v 1.210420 -0.505677 0.049840
v 1.210420 -0.513377 -0.057303
v 1.210420 -0.521977 -0.164383
v 1.210420 -0.531377 -0.271403
v 1.210420 -0.541477 -0.378343
v 1.210420 -0.552477 -0.485203
v 1.210420 -0.564277 -0.591983
v 1.210420 -0.576877 -0.698663
v 1.210420 -0.590277 -0.805243
v 1.210420 -0.604577 -0.911723
v 1.210420 -0.619577 -1.018093
v 1.210420 -0.635377 -1.124343
v 1.210420 -0.652077 -1.230463
v 1.210420 -0.669477 -1.336463
v 1.252380 -0.561777 0.909157
v 1.252380 -0.562977 0.802413
v 1.252380 -0.565077 0.695681
v 1.252380 -0.567877 0.588968
v 1.252380 -0.571477 0.482280
v 1.252380 -0.575977 0.375622
v 1.252380 -0.581277 0.269001
v 1.252380 -0.587277 0.162423
v 1.252380 -0.594177 0.055894
v 1.252380 -0.601877 -0.050583
v 1.252380 -0.610377 -0.156993
v 1.252380 -0.619677 -0.263333
v 1.252380 -0.629777 -0.369603
v 1.252380 -0.640677 -0.475793
v 1.252380 -0.652377 -0.581903
v 1.252380 -0.664977 -0.687913
v 1.252380 -0.678277 -0.793833
v 1.252380 -0.692377 -0.899643
v 1.252380 -0.707377 -1.005343
v 1.252380 -0.723077 -1.110923
v 1.252380 -0.739678 -1.216393
v 1.252380 -0.756977 -1.321723
v 1.285440 -0.654177 0.909858
v 1.285440 -0.655377 0.803815
v 1.285440 -0.657377 0.697785
v 1.285440 -0.660177 0.591773
v 1.285440 -0.663876 0.485785
v 1.285440 -0.668277 0.379828
v 1.285440 -0.673477 0.273907
v 1.285440 -0.679577 0.168029
v 1.285440 -0.686377 0.062200
v 1.285440 -0.693977 -0.043573
v 1.285440 -0.702477 -0.149283
v 1.285440 -0.711677 -0.254933
v 1.285440 -0.721777 -0.360503
v 1.285440 -0.732577 -0.466003
v 1.285440 -0.744277 -0.571413
v 1.285440 -0.756677 -0.676723
v 1.285440 -0.769877 -0.781943
v 1.285440 -0.783977 -0.887063
v 1.285440 -0.798777 -0.992063
v 1.285440 -0.814477 -1.096953
v 1.285440 -0.830877 -1.201723
v 1.285440 -0.848077 -1.306363
v 1.309290 -0.749377 0.910580
v 1.309290 -0.750577 0.805260
v 1.309290 -0.752577 0.699952
v 1.309290 -0.755377 0.594662
v 1.309290 -0.758977 0.489396
v 1.309290 -0.763377 0.384160
v 1.309290 -0.768577 0.278961
v 1.309290 -0.774577 0.173804
v 1.309290 -0.781377 0.068696
v 1.309290 -0.788977 -0.036363
v 1.309290 -0.797276 -0.141353
v 1.309290 -0.806477 -0.246273
v 1.309290 -0.816477 -0.351133
v 1.309290 -0.827277 -0.455903
v 1.309290 -0.838777 -0.560593
v 1.309290 -0.851177 -0.665193
v 1.309290 -0.864277 -0.769703
v 1.309290 -0.878277 -0.874103
v 1.309290 -0.892977 -0.978393
v 1.309290 -0.908577 -1.082563
v 1.309290 -0.924877 -1.186623
v 1.309290 -0.941977 -1.290553
v 1.323690 -0.846476 0.911317
v 1.323690 -0.847677 0.806733
v 1.323690 -0.849577 0.702161
v 1.323690 -0.852377 0.597608
v 1.323690 -0.855977 0.493078
v 1.323690 -0.860377 0.388578
v 1.323690 -0.865477 0.284115
v 1.323690 -0.871477 0.179694
v 1.323690 -0.878177 0.075320
v 1.323690 -0.885677 -0.029003
v 1.323690 -0.894077 -0.133253
v 1.323690 -0.903177 -0.237453
v 1.323690 -0.913077 -0.341573
v 1.323690 -0.923777 -0.445613
v 1.323690 -0.935277 -0.549573
v 1.323690 -0.947477 -0.653443
v 1.323690 -0.960577 -0.757213
v 1.323690 -0.974477 -0.860883
v 1.323690 -0.989077 -0.964443
v 1.323690 -1.004477 -1.067893
v 1.323690 -1.020677 -1.171213
v 1.323690 -1.037677 -1.274423
v 0.089452 -0.150677 -1.438633
v 0.172405 -0.149877 -1.434033
v 0.237054 -0.146877 -1.416463
v 0.075771 -0.135577 -1.347763
v 0.143892 -0.135977 -1.350203
v 0.191911 -0.136377 -1.353103
v 0.255191 -0.135677 -1.348293
v 0.194664 -0.127077 -1.295373
v 0.135234 -0.123177 -1.270853
v 0.069569 -0.121377 -1.258833
v 0.260494 -0.121277 -1.258753
v 0.196163 -0.114377 -1.213963
v 0.132614 -0.109977 -1.185033
v 0.067124 -0.107477 -1.168373
v 0.262094 -0.106177 -1.160183
v 0.196781 -0.100477 -1.121853
v 0.131807 -0.096377 -1.093733
v 0.066217 -0.093877 -1.075883
v 0.262586 -0.091177 -1.057653
v 0.197004 -0.086577 -1.024723
v 0.131548 -0.082977 -0.999093
v 0.065889 -0.080577 -0.981943
v 0.262738 -0.076677 -0.953303
v 0.197077 -0.072977 -0.925203
v 0.131458 -0.069977 -0.902683
v 0.065770 -0.067877 -0.887123
v 0.262784 -0.062877 -0.848083
v 0.197099 -0.059877 -0.824543
v 0.131425 -0.057477 -0.805343
v 0.065727 -0.055777 -0.791823
v 0.262798 -0.049677 -0.742423
v 0.197104 -0.047477 -0.723323
v 0.131413 -0.045577 -0.707543
v 0.065711 -0.044277 -0.696263
v 0.262803 -0.037377 -0.636523
v 0.197106 -0.035677 -0.621803
v 0.131407 -0.034277 -0.609493
v 0.065705 -0.033277 -0.600533
v 0.262804 -0.025777 -0.530463
v 0.197106 -0.024577 -0.520113
v 0.131405 -0.023677 -0.511293
v 0.065704 -0.022977 -0.504703
v 0.262804 -0.014877 -0.424293
v 0.065704 -0.013377 -0.408793
v 0.197106 -0.014277 -0.418313
v 0.131405 -0.013777 -0.412993
v 0.065704 -0.004277 -0.312803
v 0.131405 -0.004477 -0.314613
v 0.197106 -0.004677 -0.316423
v 0.262804 -0.004777 -0.318043
v 0.065701 0.004123 -0.216843
v 0.131404 0.004123 -0.216193
v 0.197106 0.004323 -0.214473
v 0.262804 0.004523 -0.211723
v 0.065702 0.011923 -0.120703
v 0.131405 0.012123 -0.117683
v 0.197106 0.012523 -0.112453
v 0.262804 0.013023 -0.105323
v 0.065704 0.019023 -0.024553
v 0.131405 0.019423 -0.019133
v 0.197106 0.020023 -0.010373
v 0.262804 0.020823 0.001127
v 0.065704 0.025523 0.071635
v 0.131405 0.026023 0.079464
v 0.197106 0.026823 0.091752
v 0.262804 0.027823 0.107641
v 0.065704 0.031423 0.167861
v 0.131405 0.032023 0.178104
v 0.197106 0.032923 0.193922
v 0.262804 0.034023 0.214198
v 0.065704 0.036623 0.264124
v 0.131405 0.037323 0.276782
v 0.197106 0.038223 0.296133
v 0.262798 0.039423 0.320792
v 0.065708 0.041323 0.360419
v 0.131423 0.041923 0.375493
v 0.197104 0.042923 0.398329
v 0.262774 0.044123 0.427345
v 0.065805 0.045223 0.456742
v 0.131562 0.045923 0.474072
v 0.197116 0.046824 0.500117
v 0.262680 0.048023 0.533495
v 0.066251 0.048623 0.552824
v 0.132021 0.049223 0.571604
v 0.197066 0.050023 0.600096
v 0.067376 0.051323 0.647646
v 0.262274 0.051024 0.638168
v 0.133070 0.051724 0.665877
v 0.196608 0.052424 0.695038
v 0.069942 0.053323 0.739961
v 0.260734 0.053323 0.738928
v 0.135777 0.053623 0.753872
v 0.195135 0.054023 0.778590
v 0.076079 0.054723 0.829883
v 0.144308 0.054823 0.834164
v 0.255399 0.054723 0.830512
v 0.192286 0.054823 0.837333
v 0.237229 0.055423 0.900067
v 0.089588 0.055623 0.920924
v 0.172578 0.055623 0.917560
v 2.883840 0.717923 -0.629823
v 2.931220 0.726923 -0.543683
v 2.839560 0.708223 -0.717563
v 2.798860 0.697923 -0.806993
v 2.761970 0.686823 -0.898063
v 2.729030 0.674923 -0.990733
v 2.700130 0.662323 -1.084633
v 2.675200 0.649023 -1.179643
v 2.654080 0.634923 -1.275593
v 2.636580 0.620023 -1.372273
v 2.622480 0.604523 -1.469453
v 2.611390 0.588323 -1.566903
v 2.748980 0.708023 -0.719843
v 2.790920 0.717723 -0.631723
v 2.710180 0.697623 -0.809393
v 2.835380 0.726823 -0.544833
v 2.674850 0.686523 -0.900403
v 2.643150 0.674623 -0.992833
v 2.615080 0.662023 -1.086513
v 2.590460 0.648723 -1.181263
v 2.568960 0.634723 -1.276923
v 2.550230 0.619923 -1.373283
v 2.533860 0.604422 -1.470123
v 2.519410 0.588223 -1.567223
v 2.656650 0.707823 -0.721263
v 2.619580 0.697423 -0.810933
v 2.696530 0.717623 -0.632853
v 2.585700 0.686323 -0.901943
v 2.738630 0.726723 -0.545473
v 2.555150 0.674423 -0.994263
v 2.527850 0.661923 -1.087793
v 2.503490 0.648623 -1.182383
v 2.481620 0.634523 -1.277853
v 2.461750 0.619823 -1.373993
v 2.443440 0.604323 -1.470603
v 2.426270 0.588223 -1.567463
v 2.563210 0.707723 -0.722143
v 2.527730 0.697323 -0.811923
v 2.601280 0.717523 -0.633533
v 2.495210 0.686223 -0.902953
v 2.465740 0.674323 -0.995223
v 2.641370 0.726723 -0.545843
v 2.439160 0.661723 -1.088673
v 2.415040 0.648423 -1.183153
v 2.392810 0.634423 -1.278483
v 2.371910 0.619723 -1.374493
v 2.351900 0.604223 -1.470943
v 2.332460 0.588123 -1.567633
v 2.469090 0.707723 -0.722713
v 2.435100 0.697223 -0.812563
v 2.505520 0.717523 -0.633953
v 2.403860 0.686123 -0.903623
v 2.375420 0.674223 -0.995873
v 2.543850 0.726723 -0.546073
v 2.349520 0.661723 -1.089273
v 2.325620 0.648423 -1.183683
v 2.303060 0.634323 -1.278933
v 2.281220 0.619623 -1.374843
v 2.259680 0.604223 -1.471193
v 2.238270 0.588123 -1.567763
v 2.374580 0.707623 -0.723093
v 2.341990 0.697223 -0.813003
v 2.311970 0.686023 -0.904083
v 2.409470 0.717423 -0.634233
v 2.284520 0.674223 -0.996333
v 2.446170 0.726723 -0.546223
v 2.259280 0.661623 -1.089703
v 2.235610 0.648323 -1.184073
v 2.212730 0.634323 -1.279263
v 2.190000 0.619623 -1.375103
v 2.167040 0.604223 -1.471363
v 2.143840 0.588123 -1.567853
v 2.279840 0.707623 -0.723363
v 2.248610 0.697123 -0.813323
v 2.219780 0.686023 -0.904433
v 2.313270 0.717423 -0.634433
v 2.193290 0.674123 -0.996673
v 2.348400 0.726623 -0.546333
v 2.168690 0.661623 -1.090023
v 2.145230 0.648323 -1.184353
v 2.122050 0.634323 -1.279513
v 2.098460 0.619523 -1.375293
v 2.074170 0.604123 -1.471503
v 2.049280 0.588123 -1.567923
v 2.184980 0.707623 -0.723583
v 2.155070 0.697123 -0.813583
v 2.216970 0.717423 -0.634593
v 2.127410 0.685923 -0.904703
v 2.250600 0.726623 -0.546413
v 2.101860 0.674123 -0.996943
v 2.077900 0.661523 -1.090283
v 2.054640 0.648223 -1.184593
v 2.031160 0.634223 -1.279713
v 2.006740 0.619523 -1.375453
v 1.981150 0.604123 -1.471613
v 1.954640 0.588123 -1.567983
v 2.090050 0.707523 -0.723773
v 2.061440 0.697123 -0.813803
v 2.120630 0.717423 -0.634733
v 2.034930 0.685923 -0.904933
v 2.152770 0.726623 -0.546493
v 2.010330 0.674123 -0.997173
v 1.986980 0.661523 -1.090503
v 1.963930 0.648223 -1.184793
v 1.940160 0.634223 -1.279883
v 1.914920 0.619523 -1.375583
v 1.888050 0.604123 -1.471703
v 1.995090 0.707523 -0.723943
v 1.967770 0.697023 -0.813993
v 2.024260 0.717423 -0.634863
v 1.942410 0.685923 -0.905143
v 1.859960 0.588123 -1.568033
v 2.054930 0.726623 -0.546553
v 1.918730 0.674023 -0.997383
v 1.896000 0.661523 -1.090703
v 1.873160 0.648223 -1.184973
v 1.849090 0.634223 -1.280033
v 1.823040 0.619523 -1.375703
v 1.794910 0.604123 -1.471793
v 1.900110 0.707523 -0.724103
v 1.874070 0.697023 -0.814183
v 1.927890 0.717423 -0.634983
v 1.849850 0.685923 -0.905343
v 1.957090 0.726623 -0.546623
v 1.827100 0.674023 -0.997583
v 1.765250 0.588123 -1.568073
v 1.804990 0.661423 -1.090893
v 1.782350 0.648223 -1.185143
v 1.757980 0.634223 -1.280183
v 1.731130 0.619523 -1.375823
v 1.701750 0.604123 -1.471873
v 1.805110 0.707523 -0.724263
v 1.780370 0.697023 -0.814363
v 1.831500 0.717323 -0.635103
v 1.757280 0.685823 -0.905533
v 1.859240 0.726623 -0.546693
v 1.735450 0.674023 -0.997783
v 1.713960 0.661423 -1.091073
v 1.670520 0.588123 -1.568113
v 1.691520 0.648123 -1.185303
v 1.666860 0.634123 -1.280323
v 1.639200 0.619523 -1.375933
v 1.608560 0.604123 -1.471943
v 1.710120 0.707523 -0.724413
v 1.735120 0.717323 -0.635213
v 1.686650 0.697023 -0.814543
v 1.664700 0.685823 -0.905723
v 1.761390 0.726623 -0.546753
v 1.643790 0.674023 -0.997973
v 1.622910 0.661423 -1.091253
v 1.600680 0.648123 -1.185473
v 1.575790 0.588123 -1.568153
v 1.575730 0.634123 -1.280463
v 1.547270 0.619423 -1.376043
v 1.515380 0.604123 -1.472023
v 1.615120 0.707523 -0.724573
v 1.638730 0.717323 -0.635333
v 1.592940 0.697023 -0.814723
v 1.663540 0.726623 -0.546813
v 1.572120 0.685823 -0.905913
v 1.552130 0.673923 -0.998153
v 1.531870 0.661423 -1.091433
v 1.509830 0.648123 -1.185633
v 1.481050 0.588023 -1.568193
v 1.484590 0.634123 -1.280593
v 1.455320 0.619423 -1.376153
v 1.520120 0.707423 -0.724723
v 1.542350 0.717323 -0.635453
v 1.499220 0.696923 -0.814903
v 1.565690 0.726623 -0.546883
v 1.422190 0.604123 -1.472093
v 1.479540 0.685823 -0.906093
v 1.460470 0.673923 -0.998343
v 1.440820 0.661323 -1.091613
v 1.418990 0.648123 -1.185793
v 1.386320 0.588023 -1.568233
v 1.393460 0.634123 -1.280733
v 1.363380 0.619423 -1.376253
v 1.445960 0.717323 -0.635563
v 1.425120 0.707423 -0.724883
v 1.405500 0.696923 -0.815073
v 1.467840 0.726623 -0.546943
v 1.386960 0.685723 -0.906283
v 1.368810 0.673923 -0.998533
v 1.328990 0.604023 -1.472163
v 1.349770 0.661323 -1.091783
v 1.328140 0.648023 -1.185943
v 1.302310 0.634123 -1.280863
v 1.291580 0.588023 -1.568263
v 1.271440 0.619423 -1.376363
v 1.349570 0.717323 -0.635683
v 1.330120 0.707423 -0.725033
v 1.369980 0.726623 -0.547003
v 1.311780 0.696923 -0.815253
v 1.294370 0.685723 -0.906473
v 1.277140 0.673923 -0.998713
v 1.235800 0.604023 -1.472243
v 1.258720 0.661323 -1.091963
v 1.237290 0.648023 -1.186103
v 1.211170 0.634023 -1.281003
v 1.196840 0.588023 -1.568303
v 1.179490 0.619423 -1.376463
v 1.253180 0.717323 -0.635793
v 1.235120 0.707423 -0.725183
v 1.272130 0.726623 -0.547073
v 1.218060 0.696923 -0.815433
v 1.201790 0.685723 -0.906653
v 1.185480 0.673823 -0.998903
v 1.167670 0.661323 -1.092143
v 1.142600 0.604023 -1.472313
v 1.146440 0.648023 -1.186263
v 1.120030 0.634023 -1.281133
v 1.102100 0.588023 -1.568343
v 1.087540 0.619423 -1.376573
v 1.156790 0.717323 -0.635913
v 1.174280 0.726523 -0.547133
v 1.140120 0.707423 -0.725343
v 1.124350 0.696823 -0.815603
v 1.109200 0.685723 -0.906843
v 1.093820 0.673823 -0.999093
v 1.076620 0.661223 -1.092313
v 1.049410 0.604023 -1.472383
v 1.055590 0.648023 -1.186423
v 1.028890 0.634023 -1.281273
v 1.007350 0.588023 -1.568373
v 0.995597 0.619323 -1.376683
v 1.060410 0.717223 -0.636033
v 1.076430 0.726523 -0.547193
v 1.045120 0.707323 -0.725493
v 1.030630 0.696823 -0.815783
v 1.016620 0.685623 -0.907033
v 1.002150 0.673823 -0.999273
v 0.985567 0.661223 -1.092493
v 0.956214 0.604023 -1.472453
v 0.964741 0.648023 -1.186583
v 0.937749 0.634023 -1.281413
v 0.912615 0.588023 -1.568413
v 0.903652 0.619323 -1.376783
v 0.978581 0.726523 -0.547263
v 0.964016 0.717223 -0.636153
v 0.950116 0.707323 -0.725653
v 0.936908 0.696823 -0.815973
v 0.924034 0.685623 -0.907233
v 0.910488 0.673823 -0.999473
v 0.894516 0.661223 -1.092683
v 0.873892 0.647923 -1.186763
v 0.863022 0.604023 -1.472533
v 0.846609 0.634023 -1.281563
v 0.817877 0.588023 -1.568453
v 0.811717 0.619323 -1.376903
v 0.880731 0.726523 -0.547333
v 0.867628 0.717223 -0.636283
v 0.855115 0.707323 -0.725833
v 0.843189 0.696823 -0.816193
v 0.831449 0.685623 -0.907483
v 0.818823 0.673723 -0.999743
v 0.803464 0.661223 -1.092953
v 0.783048 0.647923 -1.187023
v 0.769848 0.604023 -1.472603
v 0.755498 0.633922 -1.281783
v 0.723157 0.588023 -1.568483
v 0.782880 0.726523 -0.547423
v 0.771239 0.717223 -0.636473
v 0.760113 0.707323 -0.726123
v 0.719846 0.619323 -1.377063
v 0.749469 0.696723 -0.816553
v 0.738863 0.685523 -0.907913
v 0.727158 0.673723 -1.000223
v 0.712422 0.661123 -1.093473
v 0.692254 0.647823 -1.187513
v 0.676763 0.604023 -1.472683
v 0.664525 0.633922 -1.282183
v 0.685028 0.726523 -0.547603
v 0.674849 0.717223 -0.636843
v 0.665109 0.707223 -0.726683
v 0.655747 0.696723 -0.817293
v 0.646275 0.685423 -0.908813
v 0.628507 0.588023 -1.568513
v 0.628218 0.619223 -1.377293
v 0.635501 0.673523 -1.001263
v 0.621442 0.660923 -1.094563
v 0.601667 0.647723 -1.188533
v 0.583973 0.604023 -1.472763
v 0.573994 0.633723 -1.282953
v 0.587176 0.726523 -0.547973
v 0.578457 0.717123 -0.637603
v 0.570104 0.707123 -0.727843
v 0.562023 0.696523 -0.818843
v 0.553693 0.685223 -0.910693
v 0.537283 0.619223 -1.377673
v 0.543901 0.673223 -1.003393
v 0.534072 0.588023 -1.568493
v 0.530682 0.660623 -1.096773
v 0.511634 0.647423 -1.190533
v 0.491968 0.604023 -1.472763
v 0.484523 0.633523 -1.284363
v 0.489322 0.726423 -0.548683
v 0.482064 0.716923 -0.639063
v 0.475096 0.706823 -0.730033
v 0.468300 0.696123 -0.821713
v 0.461147 0.684823 -0.914173
v 0.447933 0.619123 -1.378223
v 0.452466 0.672723 -1.007283
v 0.440189 0.588023 -1.568363
v 0.440410 0.660123 -1.100753
v 0.422706 0.646923 -1.194083
v 0.401757 0.604023 -1.472503
v 0.397089 0.633222 -1.286833
v 0.391467 0.726323 -0.549903
v 0.385668 0.716723 -0.641503
v 0.380086 0.706423 -0.733643
v 0.374591 0.695623 -0.826413
v 0.368687 0.684023 -0.919793
v 0.361686 0.619023 -1.378983
v 0.361332 0.671923 -1.013543
v 0.350925 0.659223 -1.107183
v 0.347584 0.588123 -1.567843
v 0.335487 0.646023 -1.199953
v 0.315264 0.604223 -1.471443
v 0.312878 0.632522 -1.291043
v 0.293611 0.726123 -0.551723
v 0.289268 0.716323 -0.645073
v 0.280776 0.618823 -1.380083
v 0.285076 0.705823 -0.738873
v 0.280908 0.694723 -0.833163
v 0.276350 0.683023 -0.927833
v 0.270578 0.670723 -1.022553
v 0.262376 0.657923 -1.116683
v 0.257798 0.588423 -1.566173
v 0.250289 0.644723 -1.209133
v 0.236078 0.604723 -1.468403
v 0.232746 0.631423 -1.298363
v 0.207756 0.618423 -1.382553
v 0.195749 0.725823 -0.554083
v 0.192861 0.715823 -0.649673
v 0.190062 0.705123 -0.745573
v 0.187252 0.693723 -0.841763
v 0.184147 0.681723 -0.938093
v 0.180170 0.669123 -1.034283
v 0.174601 0.656023 -1.129613
v 0.174338 0.589323 -1.561093
v 0.170829 0.605823 -1.461303
v 0.166682 0.642723 -1.222833
v 0.155983 0.629423 -1.311603
v 0.143051 0.617123 -1.391043
v 0.130965 0.607823 -1.449093
v 0.097880 0.725623 -0.556813
v 0.096439 0.715223 -0.654983
v 0.106062 0.591923 -1.545453
v 0.095035 0.704223 -0.753273
v 0.093607 0.692523 -0.851663
v 0.092007 0.680223 -0.950043
v 0.089964 0.667323 -1.048213
v 0.087160 0.653823 -1.145733
v 0.083369 0.639923 -1.241763
v 0.078807 0.625923 -1.334693
v 0.078214 0.600323 -1.495043
v 0.075019 0.612323 -1.421313
v 2.705170 -0.529277 -1.370613
v 2.711970 -0.512277 -1.274173
v 2.723280 -0.495377 -1.178143
v 2.739080 -0.478577 -1.082723
v 2.759340 -0.461877 -0.988133
v 2.784020 -0.445377 -0.894563
v 2.813060 -0.429077 -0.802213
v 2.846400 -0.412977 -0.711283
v 2.883960 -0.397277 -0.621973
v 2.925680 -0.381877 -0.534453
v 2.971450 -0.366777 -0.448933
v 3.021190 -0.352077 -0.365593
v 3.074780 -0.337777 -0.284593
v 3.132110 -0.323977 -0.206123
v 3.193060 -0.310577 -0.130333
v 3.257510 -0.297677 -0.057413
v 3.325300 -0.285377 0.012517
v 3.396300 -0.273677 0.079274
v 3.470350 -0.262477 0.142736
v 3.547300 -0.251877 0.202762
v 3.626990 -0.241877 0.259224
v 3.709230 -0.232577 0.312002
v 3.793860 -0.223977 0.360982
v 3.880710 -0.215977 0.406061
v 3.969570 -0.208777 0.447142
v 4.060260 -0.202277 0.484138
v 4.152590 -0.196477 0.516970
v 4.246370 -0.191377 0.545567
v 4.341380 -0.187177 0.569868
v 4.437430 -0.183577 0.589822
v 4.534320 -0.180877 0.605386
v 4.631830 -0.178877 0.616527
v 4.729760 -0.177677 0.623222
v 2.705170 -0.622877 -1.354113
v 2.711970 -0.605877 -1.257673
v 2.723280 -0.588877 -1.161643
v 2.739080 -0.572077 -1.066233
v 2.759340 -0.555377 -0.971643
v 2.784020 -0.538877 -0.878073
v 2.813060 -0.522577 -0.785723
v 2.846400 -0.506577 -0.694793
v 2.883960 -0.490777 -0.605473
v 2.925680 -0.475377 -0.517963
v 2.971450 -0.460277 -0.432443
v 3.021190 -0.445577 -0.349093
v 3.074780 -0.431377 -0.268093
v 3.132110 -0.417477 -0.189623
v 3.193060 -0.404177 -0.113843
v 3.257510 -0.391277 -0.040913
v 3.325300 -0.378977 0.029007
v 3.396300 -0.367177 0.095769
v 3.470350 -0.355977 0.159231
v 3.547300 -0.345377 0.219257
v 3.626990 -0.335477 0.275719
v 3.709230 -0.326177 0.328497
v 3.793860 -0.317477 0.377477
v 3.880710 -0.309577 0.422556
v 3.969570 -0.302277 0.463637
v 4.060260 -0.295777 0.500633
v 4.152590 -0.289977 0.533465
v 4.246370 -0.284977 0.562062
v 4.341380 -0.280677 0.586363
v 4.437430 -0.277177 0.606317
v 4.534320 -0.274377 0.621882
v 4.631830 -0.272477 0.633023
v 4.729760 -0.271277 0.639717
v 2.705170 -0.716377 -1.337623
v 2.711970 -0.699377 -1.241183
v 2.723280 -0.682477 -1.145153
v 2.739080 -0.665577 -1.049733
v 2.759340 -0.648977 -0.955143
v 2.784020 -0.632477 -0.861573
v 2.813060 -0.616177 -0.769223
v 2.846400 -0.600177 -0.678293
v 2.883960 -0.584377 -0.588983
v 2.925680 -0.568977 -0.501463
v 2.971450 -0.553877 -0.415943
v 3.021190 -0.539177 -0.332603
v 3.074780 -0.524877 -0.251603
v 3.132110 -0.511077 -0.173133
v 3.193060 -0.497677 -0.097343
v 3.257510 -0.484877 -0.024413
v 3.325300 -0.472477 0.045503
v 3.396300 -0.460677 0.112265
v 3.470350 -0.449577 0.175726
v 3.547300 -0.438977 0.235752
v 3.626990 -0.428977 0.292215
v 3.709230 -0.419677 0.344992
v 3.793860 -0.411077 0.393973
v 3.880710 -0.403077 0.439052
v 3.969570 -0.395877 0.480133
v 4.060260 -0.389377 0.517129
v 4.152590 -0.383577 0.549960
v 4.246370 -0.378477 0.578557
v 4.341380 -0.374177 0.602859
v 4.437430 -0.370677 0.622813
v 4.534320 -0.367977 0.638377
v 4.631830 -0.365977 0.649518
v 4.729760 -0.364777 0.656212
v 2.705170 -0.809977 -1.321123
v 2.711970 -0.792877 -1.224683
v 2.723280 -0.775977 -1.128653
v 2.739080 -0.759177 -1.033243
v 2.759340 -0.742477 -0.938643
v 2.784020 -0.725977 -0.845073
v 2.813060 -0.709677 -0.752733
v 2.846400 -0.693677 -0.661803
v 2.883960 -0.677977 -0.572483
v 2.925680 -0.662477 -0.484973
v 2.971450 -0.647377 -0.399453
v 3.021190 -0.632677 -0.316103
v 3.074780 -0.618477 -0.235103
v 3.132110 -0.604577 -0.156633
v 3.193060 -0.591277 -0.080853
v 3.257510 -0.578377 -0.007923
v 3.325300 -0.566077 0.061998
v 3.396300 -0.554277 0.128760
v 3.470350 -0.543077 0.192222
v 3.547300 -0.532477 0.252248
v 3.626990 -0.522577 0.308710
v 3.709230 -0.513277 0.361488
v 3.793860 -0.504577 0.410468
v 3.880710 -0.496677 0.455547
v 3.969570 -0.489377 0.496628
v 4.060260 -0.482877 0.533624
v 4.152590 -0.477077 0.566456
v 4.246370 -0.472077 0.595053
v 4.341380 -0.467777 0.619354
v 4.437430 -0.464277 0.639308
v 4.534320 -0.461477 0.654872
v 4.631830 -0.459577 0.666013
v 4.729760 -0.458377 0.672708
v 2.705170 -0.903477 -1.304633
v 2.711970 -0.886477 -1.208193
v 2.723280 -0.869577 -1.112163
v 2.739080 -0.852677 -1.016743
v 2.759340 -0.836077 -0.922153
v 2.784020 -0.819577 -0.828583
v 2.813060 -0.803277 -0.736233
v 2.846400 -0.787177 -0.645303
v 2.883960 -0.771477 -0.555993
v 2.925680 -0.756077 -0.468473
v 2.971450 -0.740977 -0.382953
v 3.021190 -0.726277 -0.299603
v 3.074780 -0.711977 -0.218613
v 3.132110 -0.698177 -0.140133
v 3.193060 -0.684777 -0.064353
v 3.257510 -0.671877 0.008577
v 3.325300 -0.659577 0.078493
v 3.396300 -0.647877 0.145255
v 3.470350 -0.636677 0.208717
v 3.547300 -0.626077 0.268743
v 3.626990 -0.616077 0.325205
v 3.709230 -0.606777 0.377983
v 3.793860 -0.598177 0.426963
v 3.880710 -0.590177 0.472042
v 3.969570 -0.582977 0.513124
v 4.060260 -0.576477 0.550119
v 4.152590 -0.570677 0.582951
v 4.246370 -0.565576 0.611548
v 4.341380 -0.561377 0.635849
v 4.437430 -0.557777 0.655803
v 4.534320 -0.555077 0.671368
v 4.631830 -0.553077 0.682509
v 4.729760 -0.551877 0.689203
v 2.705170 -0.997077 -1.288133
v 2.711970 -0.980077 -1.191693
v 2.723280 -0.963077 -1.095663
v 2.739080 -0.946277 -1.000253
v 2.759340 -0.929577 -0.905653
v 2.784020 -0.913077 -0.812083
v 2.813060 -0.896777 -0.719743
v 2.846400 -0.880777 -0.628813
v 2.883960 -0.865077 -0.539493
v 2.925680 -0.849577 -0.451983
v 2.971450 -0.834477 -0.366463
v 3.021190 -0.819777 -0.283113
v 3.074780 -0.805577 -0.202113
v 3.132110 -0.791677 -0.123643
v 3.193060 -0.778377 -0.047863
v 3.257510 -0.765477 0.025069
v 3.325300 -0.753177 0.094989
v 3.396300 -0.741377 0.161751
v 3.470350 -0.730177 0.225212
v 3.547300 -0.719577 0.285239
v 3.626990 -0.709677 0.341701
v 3.709230 -0.700377 0.394478
v 3.793860 -0.691677 0.443459
v 3.880710 -0.683777 0.488538
v 3.969570 -0.676477 0.529619
v 4.060260 -0.669977 0.566615
v 4.152590 -0.664177 0.599446
v 4.246370 -0.659177 0.628043
v 4.341380 -0.654877 0.652345
v 4.437430 -0.651377 0.672299
v 4.534320 -0.648577 0.687863
v 4.631830 -0.646677 0.699004
v 4.729760 -0.645477 0.705698
v 2.705170 -1.090577 -1.271643
v 2.711970 -1.073577 -1.175193
v 2.723280 -1.056677 -1.079163
v 2.739080 -1.039777 -0.983753
v 2.759340 -1.023177 -0.889163
v 2.784020 -1.006677 -0.795593
v 2.813060 -0.990377 -0.703243
v 2.846400 -0.974377 -0.612313
v 2.883960 -0.958577 -0.523003
v 2.925680 -0.943177 -0.435483
v 2.971450 -0.928077 -0.349963
v 3.021190 -0.913377 -0.266613
v 3.074780 -0.899077 -0.185623
v 3.132110 -0.885277 -0.107143
v 3.193060 -0.871877 -0.031363
v 3.257510 -0.858977 0.041564
v 3.325300 -0.846677 0.111484
v 3.396300 -0.834877 0.178246
v 3.470350 -0.823777 0.241708
v 3.547300 -0.813177 0.301734
v 3.626990 -0.803177 0.358196
v 3.709230 -0.793877 0.410973
v 3.793860 -0.785277 0.459954
v 3.880710 -0.777277 0.505033
v 3.969570 -0.770077 0.546114
v 4.060260 -0.763576 0.583110
v 4.152590 -0.757777 0.615941
v 4.246370 -0.752677 0.644539
v 4.341380 -0.748477 0.668840
v 4.437430 -0.744877 0.688794
v 4.534320 -0.742177 0.704358
v 4.631830 -0.740177 0.715499
v 4.729760 -0.738977 0.722194
v 2.705170 -1.184178 -1.255143
v 2.711970 -1.167077 -1.158703
v 2.723280 -1.150177 -1.062673
v 2.739080 -1.133377 -0.967263
v 2.759340 -1.116677 -0.872663
v 2.784020 -1.100177 -0.779093
v 2.813060 -1.083877 -0.686743
v 2.846400 -1.067877 -0.595813
v 2.883960 -1.052077 -0.506503
v 2.925680 -1.036677 -0.418993
v 2.971450 -1.021577 -0.333473
v 3.021190 -1.006877 -0.250123
v 3.074780 -0.992677 -0.169123
v 3.132110 -0.978777 -0.090653
v 3.193060 -0.965477 -0.014873
v 3.257510 -0.952577 0.058060
v 3.325300 -0.940277 0.127979
v 3.396300 -0.928477 0.194741
v 3.470350 -0.917277 0.258203
v 3.547300 -0.906677 0.318229
v 3.626990 -0.896777 0.374691
v 3.709230 -0.887477 0.427469
v 3.793860 -0.878776 0.476449
v 3.880710 -0.870877 0.521528
v 3.969570 -0.863577 0.562609
v 4.060260 -0.857077 0.599605
v 4.152590 -0.851277 0.632437
v 4.246370 -0.846277 0.661034
v 4.341380 -0.841977 0.685335
v 4.437430 -0.838477 0.705289
v 4.534320 -0.835677 0.720853
v 4.631830 -0.833777 0.731995
v 4.729760 -0.832577 0.738689
v 2.705170 -1.277677 -1.238653
v 2.711970 -1.260677 -1.142203
v 2.723280 -1.243777 -1.046173
v 2.739080 -1.226877 -0.950763
v 2.759340 -1.210277 -0.856173
v 2.784020 -1.193777 -0.762603
v 2.813060 -1.177477 -0.670253
v 2.846400 -1.161377 -0.579323
v 2.883960 -1.145677 -0.490003
v 2.925680 -1.130277 -0.402493
v 2.971450 -1.115177 -0.316973
v 3.021190 -1.100477 -0.233623
v 3.074780 -1.086177 -0.152633
v 3.132110 -1.072377 -0.074153
v 3.193060 -1.058977 0.001627
v 3.257510 -1.046177 0.074555
v 3.325300 -1.033777 0.144475
v 3.396300 -1.022077 0.211237
v 3.470350 -1.010877 0.274699
v 3.547300 -1.000277 0.334725
v 3.626990 -0.990277 0.391186
v 3.709230 -0.980977 0.443964
v 3.793860 -0.972377 0.492945
v 3.880710 -0.964377 0.538024
v 3.969570 -0.957177 0.579105
v 4.060260 -0.950677 0.616101
v 4.152590 -0.944877 0.648932
v 4.246370 -0.939777 0.677529
v 4.341380 -0.935477 0.701830
v 4.437430 -0.931977 0.721785
v 4.534320 -0.929277 0.737349
v 4.631830 -0.927277 0.748490
v 4.729760 -0.926077 0.755184
v 4.752050 -0.261577 0.147580
v 4.747470 -0.244777 0.242703
v 4.742920 -0.228077 0.337829
v 4.738400 -0.211277 0.432956
v 4.733930 -0.194477 0.528085
v 4.676350 -0.262477 0.142401
v 4.667180 -0.245777 0.237203
v 4.658090 -0.229077 0.332012
v 4.649090 -0.212377 0.426829
v 4.640160 -0.195677 0.521654
v 4.600920 -0.263977 0.133808
v 4.587190 -0.247377 0.228066
v 4.573590 -0.230777 0.322342
v 4.560120 -0.214177 0.416637
v 4.546770 -0.197477 0.510950
v 4.526010 -0.266177 0.121721
v 4.506750 -0.249677 0.215039
v 4.488110 -0.233177 0.308482
v 4.470160 -0.216677 0.402059
v 4.452940 -0.200177 0.495772
v 4.451780 -0.268877 0.106302
v 4.428210 -0.252577 0.198645
v 4.405140 -0.236277 0.291115
v 4.382600 -0.219977 0.383721
v 4.360590 -0.203577 0.476464
v 4.378510 -0.272177 0.087573
v 4.350380 -0.256077 0.178655
v 4.322840 -0.239977 0.269924
v 4.295900 -0.223877 0.361378
v 4.269540 -0.207777 0.453013
v 4.306030 -0.276077 0.065514
v 4.273490 -0.260277 0.155146
v 4.241610 -0.244377 0.245021
v 4.210390 -0.228476 0.335136
v 4.179820 -0.212577 0.425488
v 4.091630 -0.218177 0.393931
v 4.126510 -0.233777 0.305085
v 4.161990 -0.249477 0.216493
v 4.198060 -0.264977 0.128151
v 4.234700 -0.280577 0.040054
v 4.004590 -0.224477 0.358201
v 4.043480 -0.239877 0.270990
v 4.083120 -0.255177 0.184135
v 4.123500 -0.270377 0.097636
v 4.164620 -0.285577 0.011497
v 3.919660 -0.231377 0.318688
v 3.962630 -0.246477 0.233337
v 4.006340 -0.261477 0.148380
v 4.050780 -0.276377 0.063824
v 4.095960 -0.291177 -0.020323
v 3.836590 -0.239077 0.275325
v 3.883500 -0.253777 0.192008
v 3.931180 -0.268377 0.109153
v 3.979620 -0.282877 0.026767
v 4.028840 -0.297377 -0.055143
v 3.755660 -0.247377 0.228214
v 3.806460 -0.261677 0.147128
v 3.858030 -0.275877 0.066564
v 3.910370 -0.289977 -0.013483
v 3.963440 -0.303977 -0.093013
v 3.677190 -0.256277 0.177537
v 3.731760 -0.270177 0.098869
v 3.787070 -0.283977 0.020749
v 3.843120 -0.297577 -0.056813
v 3.899890 -0.311177 -0.133823
v 3.601110 -0.265877 0.123335
v 3.659390 -0.279277 0.047281
v 3.718340 -0.292577 -0.028213
v 3.777990 -0.305777 -0.103123
v 3.838310 -0.318877 -0.177463
v 3.527630 -0.275977 0.065658
v 3.589400 -0.288977 -0.007663
v 3.651870 -0.301777 -0.080363
v 3.715020 -0.314477 -0.152433
v 3.778860 -0.327077 -0.223863
v 3.456930 -0.286777 0.004697
v 3.522100 -0.299177 -0.065723
v 3.587940 -0.311477 -0.135473
v 3.654460 -0.323677 -0.204543
v 3.721650 -0.335777 -0.272933
v 3.389260 -0.298077 -0.059323
v 3.457730 -0.309977 -0.126653
v 3.526820 -0.321677 -0.193293
v 3.596520 -0.333277 -0.259253
v 3.666800 -0.344877 -0.324563
v 3.324700 -0.309877 -0.126323
v 3.396310 -0.321177 -0.190403
v 3.468470 -0.332377 -0.253813
v 3.541180 -0.343377 -0.316563
v 3.614440 -0.354377 -0.378633
v 3.263290 -0.322177 -0.196253
v 3.337870 -0.332877 -0.256963
v 3.412960 -0.343477 -0.316993
v 3.488560 -0.353977 -0.376353
v 3.564660 -0.364277 -0.435013
v 3.205210 -0.335077 -0.268973
v 3.282560 -0.345177 -0.326203
v 3.360410 -0.355077 -0.382723
v 3.438740 -0.364977 -0.438523
v 3.517560 -0.374677 -0.493583
v 3.150690 -0.348277 -0.344153
v 3.230700 -0.357777 -0.397713
v 3.311140 -0.367077 -0.450593
v 3.392000 -0.376277 -0.502783
v 3.473260 -0.385377 -0.554303
v 3.099750 -0.361977 -0.421683
v 3.182240 -0.370777 -0.471473
v 3.265080 -0.379377 -0.520623
v 3.348290 -0.387977 -0.569103
v 3.431860 -0.396377 -0.616913
v 3.052550 -0.376077 -0.501463
v 3.137330 -0.384077 -0.547333
v 3.222410 -0.392077 -0.592613
v 3.307790 -0.399977 -0.637283
v 3.393470 -0.407777 -0.681323
v 3.009050 -0.390477 -0.583323
v 3.095950 -0.397877 -0.625193
v 3.183100 -0.405077 -0.666493
v 3.270500 -0.412277 -0.707213
v 3.358090 -0.419377 -0.747493
v 2.969500 -0.405277 -0.667123
v 3.058290 -0.411877 -0.704933
v 3.147310 -0.418477 -0.742193
v 3.236520 -0.424977 -0.778933
v 3.325940 -0.431377 -0.815173
v 3.296930 -0.443477 -0.884203
v 3.205960 -0.437877 -0.851913
v 3.115140 -0.432077 -0.819183
v 3.024460 -0.426177 -0.786023
v 2.933920 -0.420277 -0.752433
v 3.271260 -0.455877 -0.954283
v 3.178900 -0.450877 -0.926123
v 3.086640 -0.445877 -0.897563
v 2.994500 -0.440777 -0.868633
v 2.902450 -0.435577 -0.839363
v 3.248910 -0.468477 -1.025683
v 3.155350 -0.464177 -1.001563
v 3.061860 -0.459877 -0.977183
v 2.968430 -0.455577 -0.952533
v 2.875060 -0.451177 -0.927623
v 3.229720 -0.481277 -1.098403
v 3.135200 -0.477677 -1.078243
v 3.040710 -0.474177 -1.057963
v 2.946230 -0.470577 -1.037573
v 2.851790 -0.466977 -1.017043
v 3.214130 -0.494177 -1.171453
v 3.118770 -0.491377 -1.155593
v 3.023430 -0.488577 -1.139653
v 2.928090 -0.485777 -1.123623
v 2.832780 -0.482877 -1.107503
v 3.201980 -0.507177 -1.245073
v 3.106000 -0.505077 -1.233373
v 3.010020 -0.503077 -1.221713
v 2.914030 -0.500977 -1.210103
v 2.818040 -0.498977 -1.198543
v 3.193280 -0.520277 -1.319303
v 3.096860 -0.518977 -1.311953
v 3.000430 -0.517677 -1.304683
v 2.903990 -0.516377 -1.297483
v 2.807550 -0.515177 -1.290353
v 3.188090 -0.533377 -1.393833
v 3.091420 -0.532877 -1.390893
v 2.994760 -0.532377 -1.388053
v 2.898080 -0.531877 -1.385323
v 2.801410 -0.531377 -1.382693
v 4.731290 0.618523 0.387860
v 4.735960 0.601623 0.291951
v 4.740600 0.584723 0.196040
v 4.745200 0.567723 0.100127
v 4.749770 0.550823 0.004207
v 4.634730 0.617323 0.381072
v 4.644090 0.600423 0.285492
v 4.653390 0.583623 0.189907
v 4.662630 0.566723 0.094316
v 4.671820 0.549923 -0.001283
v 4.538830 0.615323 0.369761
v 4.552800 0.598523 0.274731
v 4.566690 0.581823 0.179691
v 4.580490 0.565023 0.084639
v 4.594220 0.548323 -0.010423
v 4.443780 0.612523 0.354026
v 4.462500 0.595923 0.259787
v 4.480970 0.579323 0.165504
v 4.499200 0.562623 0.071180
v 4.517210 0.546023 -0.023183
v 4.349420 0.609023 0.333825
v 4.372690 0.592523 0.240570
v 4.395680 0.576123 0.147255
v 4.418400 0.559623 0.053885
v 4.440890 0.543123 -0.039533
v 4.256020 0.604623 0.309171
v 4.283870 0.588423 0.217117
v 4.311350 0.572123 0.124970
v 4.338470 0.555923 0.032732
v 4.365210 0.539623 -0.059593
v 4.290750 0.535523 -0.082963
v 4.259820 0.551523 0.008057
v 4.228460 0.567523 0.098962
v 4.196620 0.583623 0.189723
v 4.164200 0.599523 0.280310
v 4.217600 0.530723 -0.109893
v 4.182420 0.546523 -0.020373
v 4.146700 0.562323 0.068973
v 4.110430 0.578023 0.158129
v 4.073610 0.593723 0.247094
v 4.145760 0.525423 -0.140193
v 4.106490 0.540923 -0.052353
v 4.066530 0.556323 0.035214
v 4.025940 0.571723 0.122527
v 3.984770 0.587123 0.209612
v 4.075420 0.519523 -0.173823
v 4.032140 0.534623 -0.087843
v 3.988160 0.549723 -0.002183
v 3.943470 0.564823 0.083170
v 3.898060 0.579723 0.168182
v 4.006840 0.512923 -0.210723
v 3.959470 0.527723 -0.126873
v 3.911400 0.542423 -0.043383
v 3.862620 0.557123 0.039765
v 3.813130 0.571723 0.122551
v 3.940140 0.505923 -0.250793
v 3.888900 0.520323 -0.169193
v 3.836890 0.534623 -0.088003
v 3.784140 0.548823 -0.007243
v 3.730640 0.563023 0.073101
v 3.875430 0.498323 -0.293933
v 3.820430 0.512223 -0.214753
v 3.764630 0.526123 -0.136053
v 3.708040 0.539923 -0.057853
v 3.650670 0.553623 0.019853
v 3.812910 0.490123 -0.340053
v 3.754190 0.503623 -0.263503
v 3.694660 0.517023 -0.187503
v 3.634340 0.530323 -0.112043
v 3.573230 0.543623 -0.037143
v 3.752670 0.481523 -0.389073
v 3.690290 0.494523 -0.315373
v 3.627150 0.507423 -0.242253
v 3.563260 0.520223 -0.169713
v 3.498600 0.532923 -0.097743
v 3.694840 0.472423 -0.440853
v 3.629020 0.484823 -0.370133
v 3.562440 0.497223 -0.300033
v 3.495120 0.509423 -0.230563
v 3.427050 0.521623 -0.161733
v 3.639570 0.462823 -0.495293
v 3.570520 0.474723 -0.427633
v 3.500690 0.486523 -0.360683
v 3.430090 0.498223 -0.294443
v 3.358720 0.509723 -0.228933
v 3.587010 0.452723 -0.552243
v 3.514740 0.464123 -0.487923
v 3.441750 0.475323 -0.424333
v 3.368030 0.486323 -0.361493
v 3.293600 0.497323 -0.299403
v 3.537260 0.442323 -0.611603
v 3.461920 0.453023 -0.550803
v 3.385900 0.463623 -0.490743
v 3.309230 0.474023 -0.431433
v 3.231900 0.484423 -0.372863
v 3.490460 0.431423 -0.673243
v 3.412280 0.441523 -0.615993
v 3.333470 0.451423 -0.559543
v 3.254020 0.461323 -0.503873
v 3.173950 0.470923 -0.449003
v 3.446680 0.420123 -0.737003
v 3.365750 0.429623 -0.683603
v 3.284250 0.438823 -0.630953
v 3.202200 0.448023 -0.579073
v 3.119610 0.457023 -0.527943
v 3.406010 0.408623 -0.802723
v 3.322640 0.417323 -0.753073
v 3.238720 0.425923 -0.704263
v 3.154260 0.434423 -0.656293
v 3.069260 0.442723 -0.609173
v 3.368610 0.396623 -0.870293
v 3.282860 0.404723 -0.824733
v 3.196620 0.412623 -0.779983
v 3.109920 0.420323 -0.736043
v 3.022760 0.427923 -0.692913
v 3.334470 0.384423 -0.939493
v 3.246560 0.391723 -0.898103
v 3.158250 0.398923 -0.857473
v 3.069550 0.405923 -0.817633
v 2.980430 0.412823 -0.778613
v 3.303750 0.372023 -1.010263
v 3.213820 0.378523 -0.973293
v 3.123570 0.384923 -0.937003
v 3.033020 0.391223 -0.901393
v 2.942190 0.397323 -0.866413
v 3.276370 0.359223 -1.082453
v 3.184780 0.365023 -1.049673
v 3.092920 0.370723 -1.017603
v 3.000780 0.376223 -0.986243
v 2.908370 0.381623 -0.955593
v 2.878880 0.365623 -1.046353
v 2.972640 0.361023 -1.072723
v 3.066190 0.356223 -1.099753
v 3.159520 0.351323 -1.127433
v 3.252630 0.346323 -1.155773
v 2.853750 0.349323 -1.138593
v 2.948650 0.345423 -1.160673
v 3.043410 0.341423 -1.183283
v 3.138030 0.337423 -1.206393
v 3.232510 0.333223 -1.230013
v 2.833310 0.333023 -1.230983
v 2.929180 0.330023 -1.248533
v 3.024870 0.326723 -1.266963
v 3.120450 0.323423 -1.285903
v 3.215940 0.319923 -1.305233
v 2.817090 0.316323 -1.325653
v 2.913590 0.313923 -1.339363
v 3.010060 0.311523 -1.353193
v 3.106520 0.309023 -1.367133
v 3.202960 0.306523 -1.381203
v 2.805600 0.299723 -1.420323
v 2.902650 0.298023 -1.429543
v 2.999690 0.296423 -1.438823
v 3.096730 0.294723 -1.448183
v 3.193760 0.293123 -1.457603
v 2.798690 0.282923 -1.515413
v 2.896080 0.282122 -1.520113
v 2.993460 0.281223 -1.524833
v 3.090840 0.280423 -1.529583
v 3.188220 0.279623 -1.534353
v 4.751520 0.449323 0.022197
v 4.752770 0.347723 0.040162
v 4.753220 0.246223 0.058088
v 4.753060 0.144623 0.075989
v 4.752770 0.043123 0.093884
v 4.752540 -0.058477 0.111781
v 4.752210 -0.159977 0.129673
v 4.677540 0.346823 0.035060
v 4.678600 0.245323 0.053062
v 4.675080 0.448423 0.016928
v 4.678490 0.143723 0.070960
v 4.678030 0.042223 0.088826
v 4.677430 -0.059377 0.106679
v 4.676830 -0.160977 0.124532
v 4.603920 0.243823 0.044643
v 4.602250 0.345323 0.026509
v 4.603930 0.142323 0.062552
v 4.598760 0.446823 0.008117
v 4.603270 0.040723 0.080370
v 4.602480 -0.060877 0.098169
v 4.601640 -0.162477 0.115962
v 4.529140 0.241723 0.032764
v 4.529350 0.140224 0.050708
v 4.526940 0.343223 0.014457
v 4.528640 0.038623 0.068487
v 4.522670 0.444623 -0.004243
v 4.527780 -0.062977 0.086237
v 4.526930 -0.164577 0.103988
v 4.454440 0.239023 0.017370
v 4.454870 0.137523 0.035376
v 4.451850 0.340523 -0.001133
v 4.454270 0.035923 0.053146
v 4.453520 -0.065677 0.070880
v 4.447010 0.441823 -0.020173
v 4.452610 -0.167277 0.088577
v 4.380190 0.235723 -0.001523
v 4.380810 0.134223 0.016553
v 4.377270 0.337123 -0.020253
v 4.380350 0.032623 0.034332
v 4.372000 0.438423 -0.039653
v 4.379690 -0.068977 0.052055
v 4.379030 -0.170577 0.069780
v 4.306830 0.231723 -0.023843
v 4.303700 0.333123 -0.042793
v 4.307620 0.130223 -0.005673
v 4.307250 0.028723 0.012107
v 4.298070 0.434323 -0.062573
v 4.306710 -0.072877 0.029838
v 4.306170 -0.174477 0.047567
v 4.234790 0.227223 -0.049453
v 4.231430 0.328623 -0.068643
v 4.235690 0.125723 -0.031203
v 4.235430 0.024123 -0.013393
v 4.225410 0.429723 -0.088873
v 4.235030 -0.077377 0.004367
v 4.234650 -0.178977 0.022126
v 4.164270 0.222123 -0.078243
v 4.160630 0.323423 -0.097733
v 4.165280 0.120723 -0.059893
v 4.165110 0.019123 -0.042053
v 4.154160 0.424523 -0.118493
v 4.164710 -0.082477 -0.024323
v 4.164440 -0.184077 -0.006533
v 4.095290 0.216523 -0.110173
v 4.096440 0.115123 -0.091693
v 4.091320 0.317723 -0.130033
v 4.096310 0.013523 -0.073853
v 4.096050 -0.088077 -0.056073
v 4.084360 0.418723 -0.151403
v 4.095700 -0.189677 -0.038343
v 4.027800 0.210323 -0.145273
v 4.029140 0.108923 -0.126623
v 4.023540 0.311523 -0.165523
v 4.029130 0.007323 -0.108723
v 4.028770 -0.094177 -0.091013
v 4.016220 0.412323 -0.187513
v 4.028390 -0.195777 -0.073313
v 3.961860 0.203623 -0.183533
v 3.963370 0.102223 -0.164703
v 3.957380 0.304723 -0.204193
v 3.963420 0.000623 -0.146763
v 3.963220 -0.100877 -0.128973
v 3.949830 0.405423 -0.226773
v 3.962950 -0.202477 -0.111233
v 3.897640 0.196323 -0.224893
v 3.899310 0.094923 -0.205853
v 3.893010 0.297323 -0.245943
v 3.899500 -0.006577 -0.187813
v 3.899280 -0.108177 -0.170063
v 3.885340 0.397923 -0.269113
v 3.899140 -0.209777 -0.152243
v 3.835380 0.188523 -0.269213
v 3.837160 0.087223 -0.249973
v 3.830690 0.289423 -0.290643
v 3.837520 -0.014377 -0.231803
v 3.837520 -0.115877 -0.213893
v 3.823190 0.390023 -0.314223
v 3.837530 -0.217477 -0.195973
v 3.775370 0.180223 -0.316293
v 3.777170 0.078923 -0.296903
v 3.771340 0.281123 -0.337533
v 3.777540 -0.022577 -0.278693
v 3.764580 0.381723 -0.361063
v 3.777650 -0.124177 -0.260693
v 3.777860 -0.225677 -0.242623
v 3.716520 0.272823 -0.385023
v 3.718430 0.171523 -0.365383
v 3.712380 0.373723 -0.406693
v 3.719610 0.070223 -0.346413
v 3.720050 -0.031277 -0.328113
v 3.720310 -0.132877 -0.309973
v 3.720550 -0.234377 -0.291843
v 3.674880 0.367423 -0.442003
v 3.667380 0.264623 -0.431433
v 3.664950 0.162623 -0.415923
v 3.664770 0.061023 -0.398193
v 3.665070 -0.040477 -0.379993
v 3.665370 -0.141977 -0.361793
v 3.665660 -0.243477 -0.343593
v 3.626680 0.358823 -0.490863
v 3.617600 0.255623 -0.482633
v 3.613380 0.153223 -0.469283
v 3.612410 0.051523 -0.452433
v 3.612640 -0.050077 -0.434273
v 3.612940 -0.151577 -0.416043
v 3.613230 -0.253077 -0.397813
v 3.577020 0.349123 -0.545823
v 3.568290 0.245823 -0.538123
v 3.563680 0.143323 -0.525673
v 3.562430 0.041423 -0.509253
v 3.562640 -0.060077 -0.491093
v 3.562980 -0.161577 -0.472783
v 3.563350 -0.262977 -0.454433
v 3.528830 0.338823 -0.604403
v 3.520760 0.235423 -0.596863
v 3.516270 0.132823 -0.584803
v 3.515020 0.031023 -0.568533
v 3.515290 -0.070477 -0.550283
v 3.515720 -0.171977 -0.531803
v 3.516160 -0.273377 -0.513323
v 3.483120 0.328023 -0.665593
v 3.475790 0.224623 -0.658083
v 3.471610 0.122023 -0.646183
v 3.470430 0.020223 -0.629983
v 3.470660 -0.081277 -0.611733
v 3.471220 -0.182777 -0.593023
v 3.471780 -0.284177 -0.574313
v 3.440330 0.316823 -0.728923
v 3.433780 0.213523 -0.721293
v 3.430010 0.110923 -0.709403
v 3.428930 0.009023 -0.693213
v 3.429200 -0.092477 -0.674873
v 3.429730 -0.193877 -0.656123
v 3.430330 -0.295277 -0.637253
v 3.400600 0.305323 -0.794173
v 3.394870 0.202023 -0.786273
v 3.391560 0.099423 -0.774233
v 3.390610 -0.002377 -0.758013
v 3.390880 -0.103877 -0.739633
v 3.391400 -0.205277 -0.720803
v 3.391920 -0.306677 -0.701973
v 3.364020 0.293523 -0.861223
v 3.359100 0.190323 -0.852943
v 3.356270 0.087723 -0.840643
v 3.355480 -0.014077 -0.824303
v 3.355720 -0.115577 -0.805933
v 3.356190 -0.216977 -0.787073
v 3.356660 -0.318377 -0.768243
v 3.330670 0.281423 -0.929913
v 3.326510 0.178223 -0.921213
v 3.324130 0.075723 -0.908613
v 3.323510 -0.026077 -0.892113
v 3.323780 -0.127477 -0.873593
v 3.324190 -0.228877 -0.854763
v 3.324640 -0.330277 -0.835853
v 3.300660 0.269023 -1.000043
v 3.297150 0.165923 -0.990983
v 3.295180 0.063523 -0.978113
v 3.294710 -0.038277 -0.961423
v 3.294980 -0.139677 -0.942813
v 3.295360 -0.241077 -0.923933
v 3.295740 -0.342477 -0.905053
v 3.274000 0.256423 -1.071593
v 3.271110 0.153423 -1.062103
v 3.269510 0.051023 -1.048943
v 3.269140 -0.050777 -1.032123
v 3.269400 -0.152177 -1.013433
v 3.269780 -0.253477 -0.994423
v 3.270130 -0.354877 -0.975473
v 3.250830 0.243623 -1.144133
v 3.248540 0.140723 -1.134133
v 3.247250 0.038323 -1.120743
v 3.246960 -0.063377 -1.103843
v 3.247160 -0.164777 -1.085213
v 3.247500 -0.266177 -1.066143
v 3.247830 -0.367478 -1.047083
v 3.231200 0.230723 -1.217493
v 3.229470 0.127923 -1.206833
v 3.228480 0.025623 -1.193123
v 3.228250 -0.076177 -1.176183
v 3.228410 -0.177577 -1.157603
v 3.228680 -0.278977 -1.138533
v 3.228970 -0.380277 -1.119413
v 3.215130 0.217723 -1.291483
v 3.213910 0.115023 -1.279983
v 3.213200 0.012723 -1.265853
v 3.213030 -0.088977 -1.248883
v 3.213140 -0.190377 -1.230403
v 3.213330 -0.291777 -1.211443
v 3.213530 -0.393177 -1.192493
v 3.202630 0.204523 -1.365893
v 3.201870 0.102023 -1.353293
v 3.201410 -0.000077 -1.338663
v 3.201290 -0.101777 -1.321633
v 3.201350 -0.203277 -1.303263
v 3.201460 -0.304677 -1.284563
v 3.201570 -0.406077 -1.265893
v 3.193670 0.191323 -1.440693
v 3.193300 0.089123 -1.426693
v 3.193060 -0.012877 -1.411293
v 3.192990 -0.114577 -1.394223
v 3.193010 -0.216077 -1.376063
v 3.193050 -0.317577 -1.357703
v 3.193080 -0.419077 -1.339483
v 3.188240 0.178023 -1.516063
v 3.188140 0.076123 -1.500383
v 3.188070 -0.025677 -1.483873
v 3.188050 -0.127377 -1.466533
v 3.188050 -0.228877 -1.448613
v 3.188050 -0.330477 -1.430593
v 3.188040 -0.432078 -1.412953
v 4.722940 0.999323 0.762210
v 4.709000 0.984123 0.676048
v 4.688130 0.969923 0.595523
v 4.621200 1.001223 0.773121
v 4.652470 0.958023 0.527838
v 4.597010 0.989023 0.703811
v 4.525170 1.002423 0.780072
v 4.562590 0.977923 0.640740
v 4.579750 0.952223 0.495409
v 4.494180 0.992823 0.725719
v 4.439060 1.003123 0.783828
v 4.513640 0.968623 0.587999
v 4.450180 0.984123 0.675899
v 4.402790 0.996123 0.744200
v 4.375270 1.003423 0.785685
v 4.493700 0.948323 0.472859
v 4.445820 0.961923 0.550427
v 4.392710 0.976423 0.632421
v 4.326470 0.999523 0.763586
v 4.349120 0.989323 0.705679
v 4.258420 0.994523 0.735375
v 4.282960 0.982924 0.669528
v 4.366540 0.956723 0.520570
v 4.323050 0.970023 0.595970
v 4.402260 0.944523 0.451768
v 4.181300 0.989323 0.705389
v 4.208390 0.977023 0.635738
v 4.245170 0.964323 0.563614
v 4.280690 0.951823 0.493205
v 4.308450 0.940523 0.429100
v 4.099610 0.983823 0.674493
v 4.128300 0.971223 0.603232
v 4.161360 0.958823 0.532919
v 4.190730 0.947023 0.465673
v 4.015550 0.978223 0.642469
v 4.213620 0.936023 0.403530
v 4.043930 0.965623 0.571002
v 4.073230 0.953424 0.502143
v 4.098770 0.941823 0.436279
v 3.929690 0.972323 0.609133
v 3.956570 0.959724 0.537872
v 4.119150 0.930923 0.374316
v 3.983360 0.947723 0.469577
v 3.843020 0.966024 0.573545
v 4.007000 0.936123 0.403693
v 3.868750 0.953424 0.502275
v 4.026090 0.925023 0.341061
v 3.894260 0.941423 0.433775
v 3.757050 0.959223 0.535077
v 3.916710 0.929623 0.367271
v 3.782120 0.946623 0.463435
v 3.672580 0.951923 0.493456
v 3.806670 0.934423 0.394315
v 3.934570 0.918423 0.303629
v 3.697180 0.939123 0.421203
v 3.828170 0.922523 0.327016
v 3.589880 0.944023 0.448690
v 3.720960 0.926823 0.351347
v 3.844900 0.911123 0.262153
v 3.614120 0.931123 0.375712
v 3.741510 0.914823 0.283020
v 3.508980 0.935523 0.400812
v 3.637120 0.918623 0.304893
v 3.532820 0.922523 0.326944
v 3.757180 0.903123 0.216690
v 3.429850 0.926623 0.349867
v 3.656750 0.906423 0.235287
v 3.555220 0.909823 0.255023
v 3.453480 0.913423 0.275021
v 3.352760 0.917123 0.295978
v 3.671900 0.894423 0.167548
v 3.574420 0.897423 0.184207
v 3.475650 0.900523 0.202007
v 3.376490 0.903723 0.220163
v 3.277950 0.907123 0.239279
v 3.589110 0.885123 0.114840
v 3.494840 0.887823 0.130096
v 3.398820 0.890723 0.146189
v 3.302120 0.893623 0.162651
v 3.205550 0.896623 0.180022
v 3.509430 0.875323 0.059109
v 3.418530 0.877823 0.073495
v 3.325180 0.880423 0.088120
v 3.230600 0.883023 0.102829
v 3.135700 0.885723 0.118329
v 3.068640 0.874523 0.054593
v 3.255310 0.869923 0.028658
v 3.162340 0.872223 0.041332
v 3.346380 0.867623 0.015497
v 3.433740 0.865123 0.001327
v 3.004760 0.863023 -0.010603
v 3.098000 0.861223 -0.020833
v 3.190250 0.859523 -0.030753
v 3.279890 0.857523 -0.041993
v 3.363670 0.854923 -0.056633
v 2.944170 0.851423 -0.076653
v 3.037970 0.850323 -0.082533
v 3.130900 0.849323 -0.088273
v 3.221220 0.848023 -0.095843
v 3.303710 0.845623 -0.109633
v 4.732920 3.218123 0.786317
v 4.728520 3.218823 0.863906
v 4.733580 3.216924 0.703801
v 4.732920 3.215222 0.619955
v 4.713180 3.218823 0.927848
v 4.663680 3.216924 0.953029
v 4.639330 3.214824 0.822586
v 4.640990 3.214023 0.754864
v 4.640070 3.212724 0.682259
v 4.632730 3.214923 0.878570
v 4.638120 3.211123 0.608575
v 4.620270 3.214423 0.911962
v 4.591170 3.212823 0.957540
v 4.563570 3.210624 0.905273
v 4.555990 3.209622 0.854653
v 4.552860 3.208722 0.796617
v 4.549900 3.207623 0.732726
v 4.546640 3.206223 0.666359
v 4.543340 3.204522 0.599900
v 4.505760 3.206023 0.956920
v 4.484710 3.203723 0.899389
v 4.472040 3.201922 0.841882
v 4.463820 3.200423 0.781767
v 4.457780 3.198823 0.719550
v 4.452950 3.197124 0.656783
v 4.448720 3.195323 0.594463
v 4.413960 3.196223 0.955690
v 4.396010 3.193723 0.895693
v 4.382270 3.191524 0.835491
v 4.372230 3.189523 0.774551
v 4.365010 3.187623 0.713257
v 4.359450 3.185723 0.652128
v 4.354340 3.183623 0.591259
v 4.319420 3.183722 0.954862
v 4.303330 3.180923 0.893826
v 4.290020 3.178424 0.832737
v 4.279910 3.176124 0.771591
v 4.272400 3.173923 0.710522
v 4.266200 3.171823 0.649593
v 4.260270 3.169423 0.588779
v 4.224160 3.168323 0.954359
v 4.209730 3.165423 0.892842
v 4.197450 3.162723 0.831350
v 4.187720 3.160123 0.769896
v 4.179940 3.157723 0.708509
v 4.173110 3.155324 0.647231
v 4.166530 3.152623 0.586124
v 4.129080 3.150323 0.953929
v 4.116250 3.147323 0.891971
v 4.105020 3.144523 0.830047
v 4.095660 3.141723 0.768164
v 4.087690 3.139024 0.706345
v 4.080370 3.136323 0.644647
v 4.073180 3.133323 0.583118
v 4.034380 3.129724 0.953447
v 4.023030 3.126723 0.890993
v 4.012780 3.123723 0.828580
v 4.003790 3.120723 0.766222
v 3.995680 3.117824 0.703901
v 3.987970 3.114722 0.641737
v 3.980350 3.111423 0.579776
v 3.940120 3.106322 0.952937
v 3.930170 3.103423 0.889910
v 3.920830 3.100324 0.826958
v 3.912210 3.097222 0.764109
v 3.904020 3.094024 0.701179
v 3.896010 3.090524 0.638473
v 3.888000 3.086923 0.575941
v 3.846580 3.080422 0.952298
v 3.837790 3.077523 0.888709
v 3.829290 3.074424 0.825132
v 3.821030 3.071122 0.761601
v 3.812850 3.067622 0.698169
v 3.804620 3.063924 0.634855
v 3.796330 3.059823 0.571718
v 3.753640 3.051824 0.951638
v 3.746010 3.049024 0.887375
v 3.738330 3.045922 0.823138
v 3.730480 3.042523 0.758970
v 3.722340 3.038823 0.694882
v 3.713950 3.034722 0.630903
v 3.705440 3.030324 0.567105
v 3.661460 3.020722 0.950901
v 3.654960 3.018023 0.885926
v 3.648110 3.015023 0.820993
v 3.640670 3.011523 0.756119
v 3.632600 3.007524 0.691317
v 3.624080 3.003123 0.626618
v 3.615390 2.998322 0.562112
v 3.570170 2.987023 0.950126
v 3.564770 2.984523 0.884379
v 3.558730 2.981624 0.818679
v 3.551700 2.978023 0.753035
v 3.543710 2.973723 0.687467
v 3.535100 2.969024 0.622002
v 3.526260 2.963923 0.556729
v 3.470250 2.945724 0.816202
v 3.475510 2.948623 0.882724
v 3.463640 2.942023 0.749734
v 3.479850 2.950723 0.949298
v 3.455750 2.937623 0.683341
v 3.447080 2.932523 0.617064
v 3.438130 2.927024 0.550974
v 3.382740 2.907424 0.813551
v 3.376550 2.903724 0.746209
v 3.387230 2.910123 0.880958
v 3.368800 2.899022 0.678946
v 3.390540 2.912023 0.948416
v 3.360100 2.893622 0.611799
v 3.351060 2.887723 0.544848
v 3.290490 2.863023 0.742472
v 3.296250 2.866822 0.810741
v 3.282900 2.858123 0.674277
v 3.299990 2.869323 0.879082
v 3.274200 2.852323 0.606209
v 3.302300 2.870824 0.947477
v 3.265120 2.846124 0.538351
v 3.205460 2.819922 0.738522
v 3.210780 2.823724 0.807780
v 3.198050 2.814822 0.669345
v 3.213810 2.825923 0.877107
v 3.189400 2.808722 0.600293
v 3.180320 2.802123 0.531415
v 3.215200 2.827123 0.946487
v 3.121420 2.774423 0.734382
v 3.114240 2.769122 0.664170
v 3.126320 2.778224 0.804674
v 3.105700 2.762822 0.594075
v 3.128700 2.780223 0.875034
v 3.096680 2.755822 0.524155
v 3.129260 2.780923 0.945450
v 3.038300 2.726422 0.730064
v 3.031410 2.721023 0.658783
v 3.042790 2.730123 0.801432
v 3.023120 2.714423 0.587616
v 3.014330 2.707223 0.516617
v 3.044610 2.731923 0.872871
v 3.044500 2.732324 0.944368
v 2.955970 2.675822 0.725570
v 2.949450 2.670323 0.653171
v 2.960090 2.679523 0.798059
v 2.941570 2.663623 0.580880
v 2.933270 2.656323 0.508759
v 2.961480 2.681123 0.870623
v 2.960920 2.681224 0.943245
v 2.874350 2.622523 0.720911
v 2.868290 2.616923 0.647343
v 2.878150 2.626122 0.794563
v 2.860990 2.610324 0.573882
v 2.879310 2.627723 0.868290
v 2.853330 2.603023 0.500575
v 2.878550 2.627624 0.942079
v 2.793530 2.566323 0.716085
v 2.797030 2.570024 0.790940
v 2.788030 2.560924 0.641312
v 2.798130 2.571624 0.865875
v 2.781490 2.554423 0.566637
v 2.774670 2.547423 0.492096
v 2.797440 2.571624 0.940867
v 2.716970 2.511123 0.787189
v 2.713780 2.507524 0.711086
v 2.718140 2.512923 0.863370
v 2.708950 2.502423 0.635074
v 2.703310 2.496222 0.559164
v 2.717720 2.513124 0.939623
v 2.697450 2.489524 0.483327
v 2.638370 2.449924 0.783307
v 2.639600 2.451722 0.860782
v 2.635520 2.446424 0.705911
v 2.639550 2.452224 0.938325
v 2.631410 2.441524 0.628623
v 2.626720 2.435822 0.551474
v 2.621830 2.429523 0.474258
v 2.562820 2.388423 0.858108
v 2.561550 2.386422 0.779286
v 2.563110 2.389222 0.936989
v 2.559070 2.383023 0.700542
v 2.555660 2.378524 0.621899
v 2.551820 2.373223 0.543370
v 2.547910 2.367522 0.464780
v 2.488540 2.324023 0.935609
v 2.487990 2.323024 0.855347
v 2.486740 2.320924 0.775136
v 2.484630 2.317723 0.694996
v 2.481880 2.313523 0.614974
v 2.478840 2.308722 0.534891
v 2.475820 2.303523 0.454888
v 2.415930 2.256923 0.934196
v 2.415230 2.255723 0.852515
v 2.414060 2.253623 0.770868
v 2.412320 2.250524 0.689251
v 2.410200 2.246722 0.607690
v 2.407920 2.242423 0.526177
v 2.405630 2.237622 0.444822
v 2.345360 2.187922 0.932750
v 2.344640 2.186522 0.849619
v 2.343630 2.184524 0.766530
v 2.342270 2.181724 0.683395
v 2.340770 2.178323 0.600297
v 2.339130 2.174422 0.517305
v 2.337480 2.170123 0.434417
v 2.276880 2.117023 0.931276
v 2.276250 2.115724 0.846647
v 2.275540 2.113923 0.762000
v 2.274700 2.111524 0.677365
v 2.273680 2.108523 0.592786
v 2.272580 2.104922 0.508272
v 2.271420 2.100923 0.423840
v 2.210680 2.044522 0.929758
v 2.210330 2.043424 0.843600
v 2.209970 2.041923 0.757450
v 2.209500 2.039823 0.671316
v 2.208990 2.037223 0.585212
v 2.208420 2.034223 0.499132
v 2.207680 2.030423 0.413090
vn 0.6912 -0.1236 -0.7120
vn -0.0000 0.9847 -0.1741
vn -0.0166 0.9961 -0.0868
vn -0.0194 0.9955 -0.0924
vn -0.0148 0.9964 -0.0835
vn -0.0168 0.9961 -0.0863
vn -0.0179 0.9965 -0.0814
vn -0.0153 0.9967 -0.0792
vn -0.0187 0.9971 -0.0735
vn -0.0183 0.9972 -0.0731
vn -0.0190 0.9976 -0.0665
vn -0.0195 0.9976 -0.0670
vn -0.0187 0.9980 -0.0606
vn -0.0190 0.9980 -0.0609
vn -0.0195 0.9983 -0.0546
vn -0.0187 0.9984 -0.0538
vn -0.0195 0.9987 -0.0476
vn -0.0195 0.9987 -0.0477
vn -0.0194 0.9989 -0.0416
vn -0.0195 0.9989 -0.0416
vn -0.0204 0.9992 -0.0355
vn -0.0194 0.9992 -0.0345
vn -0.0193 0.9994 -0.0284
vn -0.0204 0.9994 -0.0294
vn -0.0193 0.9996 -0.0223
vn -0.0203 0.9997 -0.0162
vn -0.0193 0.9997 -0.0152
vn -0.0195 0.9998 -0.0102
vn -0.0203 0.9997 -0.0093
vn -0.0195 0.9998 -0.0027
vn -0.0192 0.9998 -0.0031
vn -0.0564 0.9984 -0.0032
vn -0.0555 0.9985 -0.0041
vn -0.0939 0.9956 -0.0031
vn -0.0940 0.9956 -0.0033
vn -0.1312 0.9913 -0.0032
vn -0.1312 0.9914 -0.0031
vn -0.1675 0.9859 -0.0032
vn -0.2046 0.9788 -0.0021
vn -0.2056 0.9786 -0.0032
vn -0.2422 0.9702 -0.0032
vn -0.2412 0.9705 -0.0021
vn -0.2774 0.9607 -0.0032
vn -0.2774 0.9608 -0.0032
vn -0.3126 0.9499 -0.0022
vn -0.3136 0.9496 -0.0032
vn -0.3488 0.9372 -0.0032
vn -0.3478 0.9376 -0.0022
vn -0.3840 0.9233 -0.0023
vn -0.3831 0.9237 -0.0032
vn -0.4173 0.9088 -0.0023
vn -0.4515 0.8923 -0.0023
vn -0.4515 0.8923 -0.0022
vn -0.4845 0.8748 -0.0023
vn -0.5174 0.8557 -0.0032
vn -0.5166 0.8562 -0.0023
vn -0.5486 0.8361 -0.0023
vn -0.5494 0.8356 -0.0032
vn -0.5795 0.8150 -0.0023
vn -0.5795 0.8150 -0.0022
vn -0.6097 0.7927 -0.0023
vn -0.6096 0.7927 -0.0023
vn -0.6391 0.7691 -0.0023
vn -0.6675 0.7446 -0.0023
vn -0.6950 0.7190 -0.0015
vn -0.6944 0.7196 -0.0023
vn -0.7212 0.6927 -0.0022
vn -0.7217 0.6922 -0.0015
vn -0.7481 0.6636 -0.0022
vn -0.7476 0.6641 -0.0014
vn -0.7486 0.6630 -0.0056
vn -0.7481 0.6635 -0.0064
vn -0.7486 0.6630 -0.0099
vn -0.7488 0.6626 -0.0134
vn -0.7486 0.6629 -0.0138
vn -0.7489 0.6624 -0.0169
vn -0.7488 0.6625 -0.0170
vn -0.7489 0.6623 -0.0211
vn -0.7496 0.6614 -0.0257
vn -0.7489 0.6622 -0.0247
vn -0.7497 0.6611 -0.0294
vn -0.7494 0.6615 -0.0289
vn -0.7257 0.6873 -0.0319
vn -0.7245 0.6886 -0.0301
vn -0.7003 0.7129 -0.0361
vn -0.6970 0.7164 -0.0304
vn -0.6742 0.7376 -0.0381
vn -0.6699 0.7418 -0.0309
vn -0.6472 0.7613 -0.0393
vn -0.6436 0.7647 -0.0332
vn -0.6124 0.7895 -0.0418
vn -0.6194 0.7843 -0.0348
vn -0.5807 0.8129 -0.0444
vn -0.5889 0.8074 -0.0371
vn -0.5472 0.8357 -0.0464
vn -0.5574 0.8294 -0.0386
vn -0.5135 0.8567 -0.0494
vn -0.5265 0.8492 -0.0405
vn -0.4908 0.8695 -0.0553
vn -0.4838 0.8743 -0.0398
vn -0.4583 0.8868 -0.0594
vn -0.4504 0.8919 -0.0410
vn -0.4249 0.9031 -0.0628
vn -0.4169 0.9079 -0.0436
vn -0.3910 0.9181 -0.0651
vn -0.3835 0.9224 -0.0461
vn -0.3576 0.9313 -0.0698
vn -0.3491 0.9359 -0.0474
vn -0.3239 0.9433 -0.0730
vn -0.3160 0.9474 -0.0514
vn -0.2905 0.9538 -0.0764
vn -0.2823 0.9578 -0.0540
vn -0.2385 0.9684 -0.0734
vn -0.2635 0.9625 -0.0638
vn -0.2032 0.9763 -0.0750
vn -0.2298 0.9709 -0.0675
vn -0.1713 0.9820 -0.0790
vn -0.1963 0.9780 -0.0708
vn -0.1544 0.9842 -0.0869
vn -0.1474 0.9868 -0.0671
vn -0.1182 0.9883 -0.0963
vn -0.1128 0.9911 -0.0712
vn -0.0857 0.9919 -0.0942
vn -0.0816 0.9939 -0.0736
vn -0.0490 0.9956 -0.0796
vn -0.0543 0.9943 -0.0922
vn -0.0397 0.9955 -0.0861
vn -0.0488 0.9956 -0.0799
vn -0.0543 0.9950 -0.0839
vn -0.0399 0.9962 -0.0777
vn -0.0534 0.9959 -0.0729
vn -0.0526 0.9960 -0.0724
vn -0.0553 0.9963 -0.0663
vn -0.0546 0.9964 -0.0655
vn -0.0572 0.9965 -0.0612
vn -0.0558 0.9966 -0.0600
vn -0.0584 0.9968 -0.0553
vn -0.0572 0.9969 -0.0542
vn -0.0582 0.9972 -0.0473
vn -0.0583 0.9972 -0.0474
vn -0.0586 0.9974 -0.0418
vn -0.0582 0.9974 -0.0414
vn -0.0583 0.9977 -0.0351
vn -0.0586 0.9977 -0.0354
vn -0.0591 0.9978 -0.0292
vn -0.0583 0.9979 -0.0283
vn -0.0590 0.9980 -0.0222
vn -0.0591 0.9980 -0.0223
vn -0.0579 0.9982 -0.0162
vn -0.0590 0.9981 -0.0151
vn -0.0579 0.9983 -0.0082
vn -0.0562 0.9984 -0.0097
vn -0.0970 0.9953 -0.0081
vn -0.0939 0.9955 -0.0108
vn -0.1312 0.9913 -0.0091
vn -0.1311 0.9913 -0.0091
vn -0.1675 0.9858 -0.0081
vn -0.1686 0.9856 -0.0092
vn -0.2056 0.9786 -0.0091
vn -0.2047 0.9788 -0.0082
vn -0.2412 0.9704 -0.0088
vn -0.2415 0.9704 -0.0091
vn -0.2774 0.9607 -0.0088
vn -0.3130 0.9497 -0.0094
vn -0.3135 0.9495 -0.0088
vn -0.3478 0.9375 -0.0084
vn -0.3488 0.9372 -0.0094
vn -0.3837 0.9234 -0.0087
vn -0.3840 0.9233 -0.0084
vn -0.4173 0.9087 -0.0086
vn -0.4172 0.9088 -0.0086
vn -0.4521 0.8919 -0.0078
vn -0.4515 0.8922 -0.0085
vn -0.4844 0.8748 -0.0080
vn -0.4842 0.8749 -0.0078
vn -0.5171 0.8559 -0.0074
vn -0.5166 0.8562 -0.0080
vn -0.5493 0.8356 -0.0076
vn -0.5491 0.8357 -0.0074
vn -0.5795 0.8150 -0.0068
vn -0.5802 0.8145 -0.0076
vn -0.6096 0.7927 -0.0067
vn -0.6096 0.7927 -0.0068
vn -0.6391 0.7691 -0.0064
vn -0.6393 0.7689 -0.0067
vn -0.6675 0.7446 -0.0063
vn -0.6676 0.7445 -0.0064
vn -0.6950 0.7190 -0.0068
vn -0.6946 0.7194 -0.0062
vn -0.7221 0.6918 -0.0054
vn -0.7212 0.6927 -0.0067
vn -0.7227 0.6911 -0.0094
vn -0.7220 0.6918 -0.0103
vn -0.7229 0.6908 -0.0139
vn -0.7226 0.6911 -0.0142
vn -0.7235 0.6901 -0.0175
vn -0.7228 0.6908 -0.0184
vn -0.7239 0.6895 -0.0225
vn -0.7235 0.6900 -0.0218
vn -0.7247 0.6885 -0.0271
vn -0.7237 0.6897 -0.0255
vn -0.6972 0.7163 -0.0291
vn -0.6960 0.7176 -0.0272
vn -0.6698 0.7419 -0.0316
vn -0.6676 0.7440 -0.0283
vn -0.6432 0.7649 -0.0360
vn -0.6392 0.7685 -0.0293
vn -0.6081 0.7931 -0.0361
vn -0.6137 0.7890 -0.0305
vn -0.5749 0.8173 -0.0389
vn -0.5827 0.8121 -0.0316
vn -0.5478 0.8355 -0.0434
vn -0.5418 0.8399 -0.0317
vn -0.5041 0.8625 -0.0438
vn -0.5170 0.8553 -0.0349
vn -0.4806 0.8754 -0.0513
vn -0.4725 0.8807 -0.0337
vn -0.4462 0.8933 -0.0543
vn -0.4384 0.8980 -0.0365
vn -0.4120 0.9094 -0.0579
vn -0.4037 0.9141 -0.0381
vn -0.3778 0.9238 -0.0617
vn -0.3694 0.9284 -0.0407
vn -0.3424 0.9374 -0.0643
vn -0.3343 0.9415 -0.0434
vn -0.3086 0.9487 -0.0687
vn -0.3002 0.9528 -0.0456
vn -0.2740 0.9590 -0.0722
vn -0.2656 0.9629 -0.0488
vn -0.2159 0.9738 -0.0720
vn -0.2454 0.9677 -0.0586
vn -0.1985 0.9765 -0.0836
vn -0.1921 0.9799 -0.0534
vn -0.1558 0.9851 -0.0732
vn -0.1763 0.9820 -0.0674
vn -0.1402 0.9869 -0.0796
vn -0.1348 0.9887 -0.0649
vn -0.0978 0.9929 -0.0679
vn -0.0998 0.9906 -0.0935
vn -0.0918 0.9937 -0.0637
vn -0.0958 0.9928 -0.0712
vn -0.0888 0.9941 -0.0623
vn -0.0913 0.9936 -0.0662
vn -0.0923 0.9939 -0.0609
vn -0.0893 0.9943 -0.0579
vn -0.0946 0.9940 -0.0556
vn -0.0927 0.9942 -0.0539
vn -0.0965 0.9942 -0.0483
vn -0.0944 0.9945 -0.0464
vn -0.0981 0.9943 -0.0428
vn -0.0964 0.9945 -0.0412
vn -0.0988 0.9945 -0.0354
vn -0.0980 0.9946 -0.0347
vn -0.0981 0.9948 -0.0283
vn -0.0987 0.9947 -0.0289
vn -0.0975 0.9950 -0.0221
vn -0.0981 0.9949 -0.0215
vn -0.0975 0.9951 -0.0149
vn -0.0966 0.9952 -0.0157
vn -0.0700 0.9948 -0.0745
vn -0.0686 0.9935 -0.0908
vn -0.1258 0.9901 -0.0630
vn -0.1305 0.9888 -0.0726
vn -0.1226 0.9905 -0.0626
vn -0.1249 0.9900 -0.0660
vn -0.1253 0.9903 -0.0604
vn -0.1232 0.9907 -0.0585
vn -0.1288 0.9901 -0.0554
vn -0.1261 0.9906 -0.0531
vn -0.1333 0.9899 -0.0492
vn -0.1295 0.9905 -0.0462
vn -0.1331 0.9902 -0.0414
vn -0.1333 0.9902 -0.0412
vn -0.1356 0.9901 -0.0372
vn -0.1323 0.9906 -0.0347
vn -0.1368 0.9902 -0.0291
vn -0.1354 0.9904 -0.0278
vn -0.1369 0.9903 -0.0220
vn -0.1368 0.9904 -0.0219
vn -0.1374 0.9904 -0.0126
vn -0.1309 0.9912 -0.0177
vn -0.1728 0.9849 -0.0136
vn -0.1685 0.9856 -0.0170
vn -0.2073 0.9782 -0.0138
vn -0.2046 0.9787 -0.0162
vn -0.2421 0.9702 -0.0143
vn -0.2414 0.9703 -0.0149
vn -0.2774 0.9607 -0.0145
vn -0.2779 0.9605 -0.0151
vn -0.3140 0.9493 -0.0134
vn -0.3130 0.9496 -0.0145
vn -0.3487 0.9371 -0.0135
vn -0.3831 0.9236 -0.0143
vn -0.3837 0.9234 -0.0136
vn -0.4183 0.9082 -0.0130
vn -0.4172 0.9087 -0.0142
vn -0.4517 0.8921 -0.0134
vn -0.4521 0.8919 -0.0129
vn -0.4842 0.8749 -0.0128
vn -0.4846 0.8746 -0.0133
vn -0.5173 0.8557 -0.0124
vn -0.5170 0.8559 -0.0127
vn -0.5491 0.8357 -0.0121
vn -0.5494 0.8355 -0.0124
vn -0.5801 0.8144 -0.0121
vn -0.6096 0.7926 -0.0111
vn -0.6104 0.7920 -0.0121
vn -0.6393 0.7689 -0.0114
vn -0.6390 0.7691 -0.0111
vn -0.6676 0.7444 -0.0113
vn -0.6676 0.7445 -0.0114
vn -0.6958 0.7182 -0.0095
vn -0.6946 0.7194 -0.0113
vn -0.1451 0.9870 -0.0690
vn -0.1607 0.9849 -0.0643
vn -0.1493 0.9867 -0.0645
vn -0.1469 0.9872 -0.0625
vn -0.1524 0.9865 -0.0604
vn -0.1492 0.9871 -0.0584
vn -0.1575 0.9860 -0.0552
vn -0.1530 0.9869 -0.0522
vn -0.1638 0.9853 -0.0487
vn -0.1581 0.9864 -0.0451
vn -0.1668 0.9852 -0.0406
vn -0.1630 0.9856 -0.0443
vn -0.1728 0.9842 -0.0378
vn -0.1658 0.9856 -0.0339
vn -0.1746 0.9842 -0.0280
vn -0.1718 0.9847 -0.0308
vn -0.1746 0.9844 -0.0206
vn -0.1722 0.9848 -0.0225
vn -0.6965 0.7175 -0.0138
vn -0.6958 0.7181 -0.0148
vn -0.6962 0.7176 -0.0183
vn -0.6964 0.7174 -0.0186
vn -0.6963 0.7173 -0.0241
vn -0.6958 0.7179 -0.0233
vn -0.6678 0.7439 -0.0267
vn -0.6669 0.7447 -0.0254
vn -0.6394 0.7684 -0.0282
vn -0.6370 0.7705 -0.0248
vn -0.6089 0.7927 -0.0288
vn -0.6070 0.7943 -0.0265
vn -0.5715 0.8199 -0.0337
vn -0.5754 0.8174 -0.0296
vn -0.5402 0.8407 -0.0376
vn -0.5323 0.8462 -0.0249
vn -0.5052 0.8621 -0.0392
vn -0.4993 0.8660 -0.0291
vn -0.4696 0.8818 -0.0440
vn -0.4634 0.8856 -0.0315
vn -0.4345 0.8993 -0.0488
vn -0.4261 0.9042 -0.0306
vn -0.3986 0.9156 -0.0527
vn -0.3900 0.9202 -0.0328
vn -0.3633 0.9299 -0.0567
vn -0.3543 0.9345 -0.0347
vn -0.3288 0.9427 -0.0572
vn -0.3216 0.9461 -0.0390
vn -0.2937 0.9540 -0.0607
vn -0.2868 0.9570 -0.0427
vn -0.2596 0.9638 -0.0615
vn -0.2529 0.9664 -0.0467
vn -0.1577 0.9856 -0.0615
vn -0.1780 0.9818 -0.0661
vn -0.2211 0.9737 -0.0548
vn -0.2174 0.9749 -0.0491
vn -0.1821 0.9814 -0.0604
vn -0.1754 0.9829 -0.0565
vn -0.1858 0.9812 -0.0528
vn -0.1831 0.9818 -0.0506
vn -0.1899 0.9806 -0.0485
vn -0.1865 0.9814 -0.0456
vn -0.1948 0.9800 -0.0397
vn -0.1896 0.9808 -0.0463
vn -0.2041 0.9784 -0.0315
vn -0.1955 0.9798 -0.0419
vn -0.2102 0.9773 -0.0269
vn -0.2044 0.9783 -0.0325
vn -0.2095 0.9776 -0.0214
vn -0.2069 0.9781 -0.0233
vn -0.2443 0.9695 -0.0216
vn -0.2428 0.9698 -0.0228
vn -0.2775 0.9605 -0.0186
vn -0.2826 0.9589 -0.0236
vn -0.3181 0.9479 -0.0195
vn -0.3140 0.9492 -0.0225
vn -0.3486 0.9370 -0.0202
vn -0.3506 0.9363 -0.0220
vn -0.3830 0.9235 -0.0207
vn -0.3821 0.9239 -0.0198
vn -0.4183 0.9081 -0.0191
vn -0.4166 0.9089 -0.0173
vn -0.4520 0.8918 -0.0186
vn -0.4517 0.8920 -0.0190
vn -0.4864 0.8736 -0.0164
vn -0.4846 0.8745 -0.0185
vn -0.5180 0.8552 -0.0184
vn -0.5173 0.8556 -0.0192
vn -0.5493 0.8354 -0.0205
vn -0.5448 0.8384 -0.0166
vn -0.5801 0.8144 -0.0187
vn -0.5753 0.8178 -0.0140
vn -0.6103 0.7920 -0.0177
vn -0.6086 0.7933 -0.0158
vn -0.6390 0.7690 -0.0157
vn -0.6386 0.7694 -0.0152
vn -0.6689 0.7432 -0.0139
vn -0.6676 0.7444 -0.0157
vn -0.2143 0.9756 -0.0473
vn -0.2171 0.9748 -0.0507
vn -0.2101 0.9765 -0.0479
vn -0.2148 0.9757 -0.0433
vn -0.2247 0.9733 -0.0460
vn -0.2086 0.9771 -0.0408
vn -0.2441 0.9688 -0.0418
vn -0.2191 0.9751 -0.0354
vn -0.2404 0.9702 -0.0313
vn -0.2449 0.9692 -0.0266
vn -0.6676 0.7443 -0.0184
vn -0.6688 0.7432 -0.0199
vn -0.6375 0.7702 -0.0208
vn -0.6381 0.7696 -0.0216
vn -0.6075 0.7940 -0.0220
vn -0.6083 0.7934 -0.0227
vn -0.5694 0.8219 -0.0171
vn -0.5755 0.8175 -0.0230
vn -0.5187 0.8545 -0.0284
vn -0.5350 0.8446 -0.0189
vn -0.4974 0.8669 -0.0341
vn -0.4933 0.8696 -0.0220
vn -0.4621 0.8861 -0.0357
vn -0.4565 0.8894 -0.0249
vn -0.4133 0.9098 -0.0391
vn -0.3851 0.9217 -0.0462
vn -0.3745 0.9268 -0.0268
vn -0.3496 0.9357 -0.0468
vn -0.3414 0.9394 -0.0306
vn -0.3140 0.9479 -0.0543
vn -0.3067 0.9512 -0.0338
vn -0.2749 0.9608 -0.0359
vn -0.2805 0.9582 -0.0568
vn -0.5448 0.8383 -0.0216
vn -0.5411 0.8405 -0.0273
vn -0.5194 0.8542 -0.0257
vn -0.5181 0.8550 -0.0239
vn -0.4868 0.8731 -0.0270
vn -0.4936 0.8695 -0.0212
vn -0.4520 0.8916 -0.0257
vn -0.4568 0.8893 -0.0221
vn -0.4136 0.9102 -0.0220
vn -0.4161 0.9090 -0.0244
vn -0.3523 0.9353 -0.0330
vn -0.3761 0.9263 -0.0240
vn -0.3359 0.9410 -0.0401
vn -0.3298 0.9438 -0.0238
vn -0.2827 0.9589 -0.0233
vn -0.2878 0.9572 -0.0300
vn -0.3818 0.9239 -0.0257
vn -0.3790 0.9250 -0.0287
vn -0.3535 0.9350 -0.0296
vn -0.3502 0.9363 -0.0255
vn -0.3263 0.9447 -0.0334
vn -0.3179 0.9479 -0.0220
vn -0.2425 0.9694 -0.0393
vn -0.2488 0.9669 -0.0564
vn -0.2600 0.9651 -0.0302
vn -0.2604 0.9637 -0.0585
vn -0.2892 0.9569 -0.0264
vn -0.2961 0.9538 -0.0512
vn -0.2366 0.9703 -0.0505
vn -0.2355 0.9711 -0.0378
vn -0.0270 0.8785 -0.4769
vn -0.0000 0.8821 -0.4711
vn -0.0197 0.9222 -0.3861
vn 0.0300 0.9166 -0.3986
vn -0.0254 0.9473 -0.3192
vn 0.0744 0.9427 -0.3253
vn -0.0000 0.9838 -0.1792
vn 0.0206 0.9853 -0.1696
vn -0.0264 0.2119 -0.9769
vn -0.0000 0.2301 -0.9732
vn -0.0246 0.3179 -0.9478
vn 0.0274 0.3239 -0.9457
vn -0.0273 0.3915 -0.9198
vn 0.0511 0.4087 -0.9113
vn -0.0205 0.5061 -0.8623
vn 0.0199 0.5202 -0.8538
vn -0.0307 0.5918 -0.8055
vn 0.0205 0.6061 -0.7951
vn -0.0357 0.6668 -0.7444
vn 0.0332 0.6765 -0.7357
vn -0.0368 0.7385 -0.6732
vn 0.0365 0.7471 -0.6638
vn -0.0061 0.8305 -0.5569
vn 0.0056 0.7802 -0.6255
vn 0.0407 0.8595 -0.5094
vn -0.0379 0.8542 -0.5186
vn -0.0054 0.8798 -0.4754
vn 0.0025 0.9085 -0.4179
vn 0.0102 0.8775 -0.4795
vn -0.0000 0.8811 -0.4730
vn 0.0091 0.8698 -0.4934
vn -0.0000 0.8746 -0.4848
vn -0.0000 0.8746 -0.4849
vn -0.0138 0.8670 -0.4982
vn 0.0122 0.9918 -0.1271
vn -0.0000 0.9917 -0.1283
vn -0.0000 0.9862 -0.1654
vn -0.0102 0.9843 -0.1761
vn 0.0038 0.9857 -0.1684
vn 0.0081 0.9845 -0.1754
vn -0.0000 0.9857 -0.1686
vn 0.0179 0.9816 -0.1900
vn -0.0000 0.9845 -0.1752
vn -0.0000 0.9857 -0.1688
vn -0.0279 0.9801 -0.1968
vn -0.0061 0.9864 -0.1642
vn -0.0000 0.9867 -0.1626
vn -0.0016 0.9864 -0.1642
vn -0.0001 0.9867 -0.1626
vn -0.0000 0.9868 -0.1617
vn -0.0009 0.9867 -0.1626
vn -0.0000 0.9869 -0.1613
vn -0.0004 0.9868 -0.1617
vn -0.0000 0.9869 -0.1616
vn 0.0003 0.9869 -0.1613
vn -0.0000 0.9868 -0.1618
vn 0.0002 0.9869 -0.1616
vn -0.0000 0.9870 -0.1609
vn -0.0009 0.9868 -0.1618
vn -0.0000 0.9870 -0.1610
vn -0.0000 0.9869 -0.1610
vn -0.0000 0.9874 -0.1580
vn -0.0029 0.9870 -0.1606
vn -0.0000 0.9878 -0.1556
vn -0.0021 0.9875 -0.1577
vn -0.0000 0.9875 -0.1573
vn 0.0017 0.9878 -0.1557
vn 0.0204 0.9833 -0.1806
vn -0.0000 0.9874 -0.1584
vn -0.0161 0.9838 -0.1788
vn -0.0163 0.9893 -0.1453
vn -0.0159 0.9584 -0.2850
vn 0.0078 0.9724 -0.2334
vn 0.0213 0.9473 -0.3198
vn -0.0450 0.9555 -0.2914
vn -0.0076 0.9090 -0.4168
vn 0.0125 0.9457 -0.3248
vn 0.0342 0.8932 -0.4483
vn -0.0324 0.9012 -0.4323
vn 0.0341 0.8633 -0.5035
vn -0.0349 0.8735 -0.4855
vn 0.0313 0.8302 -0.5567
vn -0.0345 0.8393 -0.5426
vn 0.0338 0.7928 -0.6086
vn -0.0337 0.8013 -0.5973
vn -0.0102 0.7338 -0.6793
vn 0.0107 0.7853 -0.6191
vn -0.0105 0.6855 -0.7280
vn 0.0097 0.7414 -0.6709
vn -0.0096 0.6327 -0.7744
vn 0.0098 0.6941 -0.7198
vn -0.0093 0.5751 -0.8181
vn 0.0089 0.6416 -0.7670
vn -0.0084 0.5138 -0.8579
vn 0.0086 0.5845 -0.8114
vn -0.0081 0.4467 -0.8946
vn 0.0079 0.5232 -0.8522
vn -0.0069 0.3765 -0.9264
vn 0.0073 0.4562 -0.8898
vn 0.0376 0.3383 -0.9403
vn -0.0466 0.3494 -0.9358
vn -0.0230 0.2416 -0.9701
vn 0.0144 0.3243 -0.9458
vn 0.0172 0.2474 -0.9688
vn -0.0000 0.2529 -0.9675
vn 0.0125 0.2338 -0.9722
vn -0.0000 0.2414 -0.9704
vn -0.0018 0.2334 -0.9724
vn -0.0000 0.2317 -0.9728
vn -0.0019 0.2354 -0.9719
vn -0.0000 0.2335 -0.9724
vn -0.0018 0.2373 -0.9714
vn -0.0000 0.2354 -0.9719
vn -0.0013 0.2385 -0.9711
vn -0.0000 0.2373 -0.9714
vn -0.0007 0.2392 -0.9710
vn -0.0000 0.2385 -0.9711
vn -0.0003 0.2395 -0.9709
vn -0.0000 0.2392 -0.9710
vn -0.0003 0.2398 -0.9708
vn -0.0000 0.2395 -0.9709
vn -0.0001 0.2399 -0.9708
vn -0.0000 0.2398 -0.9708
vn -0.0000 0.2399 -0.9708
vn -0.0000 0.2371 -0.9715
vn 0.0031 0.2399 -0.9708
vn -0.0000 0.2383 -0.9712
vn -0.0013 0.2372 -0.9715
vn -0.0013 0.2398 -0.9708
vn 0.0197 0.2453 -0.9693
vn -0.0000 0.2119 -0.9773
vn -0.0130 0.3679 -0.9298
vn 0.0013 0.3773 -0.9261
vn -0.0174 0.4745 -0.8801
vn 0.0102 0.4900 -0.8717
vn -0.0230 0.5514 -0.8339
vn 0.0141 0.5677 -0.8231
vn -0.0301 0.6270 -0.7784
vn 0.0236 0.6332 -0.7736
vn -0.0366 0.6946 -0.7185
vn 0.0382 0.6994 -0.7137
vn -0.0300 0.7588 -0.6506
vn 0.0368 0.7651 -0.6429
vn -0.0330 0.8180 -0.5743
vn 0.0300 0.8246 -0.5649
vn 0.0351 0.8763 -0.4805
vn -0.0334 0.8694 -0.4930
vn 0.0398 0.9066 -0.4202
vn -0.0255 0.8960 -0.4434
vn -0.0000 0.8809 -0.4732
vn -0.0080 0.8769 -0.4806
vn -0.0000 0.8732 -0.4874
vn 0.0101 0.8801 -0.4748
vn 0.0606 0.9589 -0.2771
vn -0.0199 0.9546 -0.2971
vn 0.0125 0.9300 -0.3673
vn -0.0224 0.9344 -0.3554
vn 0.0192 0.9111 -0.4117
vn -0.0388 0.9205 -0.3889
vn 0.0505 0.8871 -0.4588
vn -0.0332 0.8904 -0.4540
vn 0.0307 0.8516 -0.5233
vn -0.0248 0.8563 -0.5159
vn 0.0296 0.8153 -0.5783
vn -0.0321 0.8271 -0.5611
vn 0.0345 0.7768 -0.6288
vn -0.0389 0.7915 -0.6099
vn 0.0305 0.7318 -0.6808
vn -0.0346 0.7428 -0.6686
vn 0.0365 0.6842 -0.7284
vn -0.0377 0.6941 -0.7189
vn 0.0424 0.6314 -0.7743
vn -0.0434 0.6445 -0.7634
vn 0.0433 0.5715 -0.8194
vn -0.0442 0.5840 -0.8105
vn 0.0443 0.5061 -0.8613
vn -0.0453 0.5182 -0.8540
vn 0.0326 0.4460 -0.8945
vn -0.0324 0.4560 -0.8894
vn 0.0306 0.3971 -0.9173
vn -0.0262 0.4032 -0.9147
vn 0.0221 0.3620 -0.9319
vn -0.0130 0.3711 -0.9285
vn 0.0062 0.3414 -0.9399
vn -0.0104 0.3504 -0.9365
vn -0.0062 0.3488 -0.9372
vn 0.0019 0.3410 -0.9401
vn -0.0021 0.3529 -0.9357
vn 0.0018 0.3489 -0.9371
vn -0.0029 0.3580 -0.9337
vn 0.0017 0.3528 -0.9357
vn -0.0029 0.3620 -0.9322
vn 0.0009 0.3581 -0.9337
vn -0.0026 0.3652 -0.9309
vn 0.0006 0.3619 -0.9322
vn -0.0013 0.3669 -0.9303
vn 0.0005 0.3652 -0.9309
vn -0.0007 0.3678 -0.9299
vn 0.0002 0.3669 -0.9303
vn -0.0004 0.3683 -0.9297
vn 0.0002 0.3678 -0.9299
vn 0.0001 0.3588 -0.9334
vn 0.0087 0.3683 -0.9297
vn -0.0028 0.3583 -0.9336
vn -0.0023 0.3588 -0.9334
vn -0.0074 0.3589 -0.9333
vn 0.0015 0.3643 -0.9313
vn -0.0097 0.4587 -0.8886
vn 0.0057 0.4674 -0.8840
vn -0.0102 0.5469 -0.8371
vn 0.0038 0.5222 -0.8528
vn -0.0218 0.5951 -0.8034
vn 0.0225 0.5907 -0.8066
vn -0.0257 0.6497 -0.7597
vn 0.0484 0.6431 -0.7643
vn -0.0398 0.7027 -0.7104
vn 0.0514 0.7117 -0.7006
vn -0.0279 0.7796 -0.6257
vn 0.0280 0.7896 -0.6130
vn -0.0305 0.8396 -0.5423
vn 0.0292 0.8480 -0.5293
vn 0.0297 0.8970 -0.4411
vn -0.0253 0.8893 -0.4567
vn -0.0125 0.9381 -0.3461
vn 0.0082 0.9031 -0.4293
vn -0.0619 0.9510 -0.3030
vn 0.0202 0.9493 -0.3138
vn 0.0049 0.9605 -0.2783
vn 0.0029 0.9610 -0.2765
vn 0.0010 0.9593 -0.2824
vn 0.0046 0.9605 -0.2783
vn 0.0042 0.9583 -0.2858
vn 0.0014 0.9593 -0.2824
vn 0.0005 0.9581 -0.2865
vn -0.0001 0.9583 -0.2859
vn 0.0015 0.9576 -0.2879
vn 0.0001 0.9581 -0.2866
vn 0.0008 0.9576 -0.2882
vn 0.0006 0.9576 -0.2880
vn 0.0011 0.9574 -0.2889
vn 0.0003 0.9576 -0.2882
vn 0.0006 0.9570 -0.2902
vn -0.0008 0.9574 -0.2889
vn -0.0003 0.9571 -0.2898
vn 0.0001 0.9570 -0.2902
vn 0.0002 0.9570 -0.2900
vn 0.0001 0.9571 -0.2898
vn 0.0006 0.9569 -0.2905
vn -0.0000 0.9570 -0.2900
vn -0.0003 0.9570 -0.2902
vn -0.0000 0.9569 -0.2905
vn -0.0001 0.9570 -0.2901
vn -0.0000 0.9570 -0.2902
vn -0.0006 0.9572 -0.2894
vn -0.0000 0.9570 -0.2901
vn -0.0004 0.9573 -0.2891
vn -0.0000 0.9572 -0.2894
vn 0.0010 0.9590 -0.2834
vn -0.0059 0.9574 -0.2887
vn -0.0050 0.9299 -0.3678
vn 0.0108 0.9132 -0.4073
vn 0.0108 0.9500 -0.3122
vn -0.0049 0.9567 -0.2912
vn -0.0000 0.9935 -0.1138
vn -0.0064 0.9917 -0.1287
vn 0.0078 0.4625 -0.8866
vn 0.0016 0.4572 -0.8894
vn 0.0139 0.5848 -0.8111
vn -0.0057 0.5468 -0.8372
vn -0.0287 0.6664 -0.7450
vn 0.0062 0.6818 -0.7315
vn -0.0379 0.7407 -0.6708
vn 0.0264 0.7576 -0.6522
vn -0.0384 0.8014 -0.5969
vn 0.0395 0.8124 -0.5817
vn -0.0285 0.8619 -0.5062
vn 0.0409 0.8708 -0.4899
vn 0.0223 0.9018 -0.4316
vn -0.0045 0.9182 -0.3962
vn 0.0003 0.9077 -0.4197
vn -0.0118 0.9040 -0.4274
vn -0.0014 0.9082 -0.4185
vn -0.0026 0.9078 -0.4193
vn -0.0017 0.9108 -0.4129
vn -0.0081 0.9083 -0.4183
vn -0.0008 0.9107 -0.4131
vn -0.0006 0.9108 -0.4129
vn -0.0005 0.9105 -0.4136
vn -0.0000 0.9107 -0.4131
vn -0.0010 0.9101 -0.4144
vn -0.0000 0.9105 -0.4136
vn -0.0001 0.9100 -0.4146
vn 0.0001 0.9101 -0.4144
vn 0.0003 0.9119 -0.4103
vn -0.0043 0.9100 -0.4146
vn -0.0004 0.9121 -0.4099
vn -0.0008 0.9120 -0.4103
vn 0.0193 0.9019 -0.4316
vn -0.0002 0.9121 -0.4100
vn 0.0018 0.9145 -0.4046
vn -0.0171 0.9037 -0.4278
vn -0.0005 0.9207 -0.3902
vn -0.0121 0.9139 -0.4058
vn 0.0189 0.8666 -0.4986
vn -0.0267 0.8763 -0.4810
vn 0.0212 0.8378 -0.5455
vn -0.0420 0.8511 -0.5233
vn 0.0559 0.8061 -0.5891
vn -0.0372 0.8119 -0.5826
vn 0.0327 0.7568 -0.6528
vn -0.0326 0.7643 -0.6441
vn -0.0086 0.6892 -0.7246
vn 0.0089 0.7469 -0.6649
vn -0.0076 0.6301 -0.7765
vn 0.0071 0.6954 -0.7186
vn 0.0441 0.5962 -0.8016
vn -0.0454 0.6083 -0.7924
vn 0.0468 0.5355 -0.8432
vn -0.0354 0.5480 -0.8357
vn 0.0315 0.4771 -0.8783
vn -0.0228 0.4850 -0.8742
vn -0.0083 0.4461 -0.8950
vn 0.0029 0.4261 -0.9047
vn 0.0019 0.4564 -0.8898
vn -0.0105 0.4465 -0.8947
vn 0.0036 0.4660 -0.8848
vn -0.0061 0.4577 -0.8891
vn 0.0032 0.4766 -0.8791
vn -0.0079 0.4682 -0.8836
vn 0.0021 0.4836 -0.8753
vn -0.0049 0.4776 -0.8786
vn 0.0015 0.4825 -0.8759
vn 0.0028 0.4836 -0.8753
vn 0.0008 0.4813 -0.8766
vn 0.0020 0.4824 -0.8759
vn -0.0013 0.4832 -0.8755
vn 0.0004 0.4813 -0.8766
vn 0.0102 0.4843 -0.8749
vn -0.0069 0.4630 -0.8863
vn -0.0158 0.9551 -0.2957
vn 0.0020 0.9623 -0.2718
vn 0.0200 0.9581 -0.2858
vn 0.0023 0.9545 -0.2983
vn 0.0327 0.9480 -0.3166
vn -0.0158 0.9386 -0.3447
vn -0.0538 0.9346 -0.3517
vn 0.0175 0.9320 -0.3621
vn 0.0178 0.9121 -0.4096
vn -0.0133 0.9226 -0.3854
vn -0.0111 0.9042 -0.4269
vn 0.0103 0.9005 -0.4348
vn -0.0079 0.9895 -0.1441
vn -0.0000 0.9917 -0.1288
vn 0.0032 0.9816 -0.1909
vn -0.0082 0.9712 -0.2381
vn 0.0577 0.8564 -0.5130
vn -0.0184 0.8477 -0.5302
vn 0.0142 0.8096 -0.5869
vn -0.0194 0.8166 -0.5769
vn -0.0145 0.7689 -0.6392
vn 0.0072 0.8075 -0.5898
vn 0.0302 0.7393 -0.6727
vn -0.0507 0.7579 -0.6504
vn -0.0017 0.6473 -0.7623
vn 0.0035 0.7277 -0.6859
vn 0.0049 0.5707 -0.8211
vn -0.0060 0.6441 -0.7649
vn 0.0038 0.5040 -0.8637
vn -0.0049 0.5627 -0.8266
vn 0.0090 0.4863 -0.8738
vn -0.0167 0.4788 -0.8778
vn 0.0006 0.5769 -0.8168
vn -0.0047 0.5839 -0.8118
vn -0.0200 0.7138 -0.7001
vn 0.0154 0.7191 -0.6947
vn -0.0222 0.7691 -0.6388
vn 0.0361 0.7724 -0.6341
vn -0.0249 0.8404 -0.5415
vn 0.0273 0.8490 -0.5276
vn 0.0296 0.4329 -0.9009
vn -0.0125 0.4426 -0.8966
vn 0.0474 0.9214 -0.3858
vn -0.0138 0.9147 -0.4040
vn -0.0090 0.9201 -0.3917
vn 0.0033 0.9266 -0.3761
vn -0.0061 0.9287 -0.3708
vn 0.0183 0.9331 -0.3593
vn -0.0080 0.9185 -0.3953
vn 0.0261 0.9258 -0.3772
vn -0.0112 0.9619 -0.2732
vn -0.0007 0.9651 -0.2620
vn -0.0138 0.9226 -0.3855
vn 0.0008 0.9297 -0.3682
vn -0.0159 0.9558 -0.2937
vn 0.0091 0.9498 -0.3126
vn -0.0000 0.5783 -0.8158
vn -0.0012 0.5771 -0.8167
vn -0.0181 0.6750 -0.7376
vn 0.0505 0.6557 -0.7533
vn -0.0284 0.7317 -0.6810
vn 0.0529 0.7256 -0.6861
vn -0.0143 0.8356 -0.5491
vn 0.0059 0.7935 -0.6085
vn 0.0013 0.8444 -0.5356
vn 0.0055 0.8422 -0.5391
vn 0.0023 0.8466 -0.5322
vn -0.0005 0.8446 -0.5355
vn 0.0060 0.8515 -0.5244
vn -0.0007 0.8467 -0.5321
vn -0.0001 0.8521 -0.5234
vn -0.0013 0.8514 -0.5245
vn 0.0162 0.8414 -0.5401
vn 0.0001 0.8521 -0.5234
vn 0.0214 0.8304 -0.5568
vn -0.0000 0.8429 -0.5380
vn 0.0029 0.8593 -0.5114
vn -0.0139 0.8465 -0.5322
vn -0.0248 0.8313 -0.5553
vn 0.0001 0.8481 -0.5298
vn 0.0475 0.7519 -0.6576
vn -0.0216 0.7406 -0.6716
vn 0.0091 0.6349 -0.7725
vn -0.0076 0.7014 -0.7127
vn 0.0092 0.5548 -0.8319
vn -0.0130 0.6171 -0.7868
vn -0.0097 0.5257 -0.8506
vn 0.0049 0.4877 -0.8730
vn 0.0144 0.7635 -0.6456
vn -0.0072 0.7960 -0.6053
vn 0.0280 0.7163 -0.6972
vn -0.0391 0.7156 -0.6974
vn 0.0114 0.6055 -0.7957
vn -0.0267 0.6782 -0.7344
vn 0.0130 0.5484 -0.8361
vn -0.0219 0.5296 -0.8480
vn 0.0071 0.5672 -0.8236
vn -0.0127 0.5554 -0.8315
vn 0.0089 0.5863 -0.8100
vn -0.0135 0.5725 -0.8198
vn -0.0109 0.8585 -0.5127
vn 0.0007 0.8656 -0.5007
vn -0.0082 0.6009 -0.7993
vn 0.0043 0.5870 -0.8096
vn -0.0024 0.5783 -0.8158
vn 0.0192 0.6010 -0.7990
vn -0.0201 0.7048 -0.7091
vn 0.0118 0.7117 -0.7024
vn -0.0002 0.7867 -0.6173
vn 0.0118 0.7912 -0.6114
vn -0.0000 0.7821 -0.6232
vn 0.0053 0.7860 -0.6182
vn 0.0052 0.7793 -0.6266
vn 0.0015 0.7820 -0.6232
vn -0.0093 0.6859 -0.7277
vn 0.0164 0.6955 -0.7183
vn -0.0084 0.6715 -0.7410
vn 0.0179 0.6782 -0.7346
vn -0.0202 0.7772 -0.6289
vn 0.0008 0.7956 -0.6058
vn 0.0123 0.9822 -0.1873
vn -0.0129 0.9855 -0.1693
vn -0.0007 0.9567 -0.2912
vn -0.0024 0.9571 -0.2898
vn 0.0147 0.8870 -0.4615
vn -0.0218 0.8906 -0.4542
vn -0.0070 0.4270 -0.9042
vn -0.0028 0.4230 -0.9061
vn -0.0035 0.5225 -0.8526
vn 0.0107 0.5500 -0.8351
vn -0.0122 0.6624 -0.7491
vn -0.0003 0.6499 -0.7600
vn -0.0000 -0.1738 -0.9848
vn 0.0001 -0.1737 -0.9848
vn -0.0000 -0.1737 -0.9848
vn -0.0001 -0.1738 -0.9848
vn -0.0000 -0.1735 -0.9848
vn -0.0002 -0.1737 -0.9848
vn 0.0002 -0.1735 -0.9848
vn -0.0000 -0.1736 -0.9848
vn -0.0001 -0.1737 -0.9848
vn 0.0001 -0.1736 -0.9848
vn -0.0001 -0.1736 -0.9848
vn 0.0002 -0.1737 -0.9848
vn 0.0001 -0.1738 -0.9848
vn -0.0002 -0.1736 -0.9848
vn -0.0002 -0.1738 -0.9848
vn 0.0001 -0.1735 -0.9848
vn -0.0001 -0.1735 -0.9848
vn -0.0001 -0.1734 -0.9848
vn 0.0001 -0.1741 -0.9847
vn -0.0002 -0.1735 -0.9848
vn 0.0002 -0.1736 -0.9848
vn 0.0002 -0.1738 -0.9848
vn 0.0002 -0.1739 -0.9848
vn -0.0002 -0.1739 -0.9848
vn -0.0000 -0.1734 -0.9848
vn 0.0001 -0.1734 -0.9848
vn 0.0003 -0.1738 -0.9848
vn 0.0001 -0.1739 -0.9848
vn -0.0001 -0.1739 -0.9848
vn -0.0000 -0.1734 -0.9849
vn -0.0000 -0.1733 -0.9849
vn -0.0001 -0.1733 -0.9849
vn -1.0000 -0.0000 -0.0000
vn 1.0000 -0.0000 -0.0000
vn 0.0039 -1.0000 0.0049
vn 0.0040 -1.0000 0.0050
vn 0.0109 -0.9999 0.0046
vn 0.0101 -0.9999 0.0053
vn 0.0209 -0.9998 0.0062
vn 0.0189 -0.9998 0.0047
vn 0.0259 -0.9997 0.0046
vn 0.0349 -0.9994 0.0036
vn 0.0328 -0.9995 0.0021
vn 0.0411 -0.9992 0.0034
vn 0.0408 -0.9992 0.0031
vn 0.0486 -0.9988 0.0040
vn 0.0477 -0.9989 0.0031
vn 0.0557 -0.9984 0.0040
vn 0.0626 -0.9980 0.0040
vn 0.0700 -0.9975 0.0043
vn 0.0696 -0.9976 0.0040
vn 0.0784 -0.9969 0.0043
vn 0.0775 -0.9970 0.0035
vn 0.0849 -0.9964 0.0030
vn 0.0855 -0.9963 0.0035
vn 0.0925 -0.9957 0.0040
vn 0.0915 -0.9958 0.0030
vn 0.0994 -0.9950 0.0040
vn 0.1074 -0.9942 0.0040
vn 0.1134 -0.9935 0.0030
vn 0.1143 -0.9934 0.0040
vn 0.1223 -0.9925 0.0040
vn 0.1213 -0.9926 0.0030
vn 0.1283 -0.9917 0.0030
vn 0.1293 -0.9916 0.0040
vn 0.1363 -0.9907 0.0030
vn 0.1433 -0.9897 0.0040
vn 0.1443 -0.9895 0.0030
vn 0.1503 -0.9886 0.0040
vn 0.1582 -0.9874 0.0041
vn 0.1583 -0.9874 0.0040
vn 0.1653 -0.9862 0.0031
vn 0.1663 -0.9861 0.0041
vn 0.1731 -0.9849 0.0038
vn 0.1723 -0.9850 0.0031
vn 0.1726 -0.9707 0.1673
vn 0.1735 -0.9707 0.1665
vn 0.1660 -0.9717 0.1679
vn 0.1665 -0.9717 0.1675
vn 0.1587 -0.9730 0.1674
vn 0.1595 -0.9728 0.1681
vn 0.1723 -0.9850 0.0107
vn 0.1730 -0.9849 0.0114
vn 0.1720 -0.9849 0.0188
vn 0.1723 -0.9849 0.0185
vn 0.1728 -0.9846 0.0254
vn 0.1720 -0.9848 0.0262
vn 0.1727 -0.9844 0.0341
vn 0.1728 -0.9844 0.0340
vn 0.1727 -0.9841 0.0408
vn 0.1728 -0.9838 0.0485
vn 0.1727 -0.9838 0.0486
vn 0.1719 -0.9835 0.0563
vn 0.1728 -0.9834 0.0554
vn 0.1721 -0.9830 0.0633
vn 0.1719 -0.9831 0.0631
vn 0.1721 -0.9825 0.0709
vn 0.1723 -0.9819 0.0785
vn 0.1721 -0.9819 0.0787
vn 0.1720 -0.9813 0.0866
vn 0.1730 -0.9812 0.0855
vn 0.1725 -0.9806 0.0931
vn 0.1724 -0.9806 0.0932
vn 0.1719 -0.9798 0.1020
vn 0.1735 -0.9797 0.1000
vn 0.1719 -0.9790 0.1091
vn 0.1729 -0.9790 0.1078
vn 0.1723 -0.9782 0.1159
vn 0.1725 -0.9782 0.1156
vn 0.1717 -0.9774 0.1233
vn 0.1724 -0.9774 0.1224
vn 0.1731 -0.9763 0.1301
vn 0.1719 -0.9766 0.1290
vn 0.1732 -0.9752 0.1377
vn 0.1731 -0.9752 0.1379
vn 0.1725 -0.9742 0.1455
vn 0.1732 -0.9742 0.1447
vn 0.1737 -0.9729 0.1525
vn 0.1725 -0.9733 0.1513
vn 0.1737 -0.9718 0.1597
vn 0.1731 -0.9719 0.1593
vn 0.1597 -0.9739 0.1614
vn 0.1586 -0.9742 0.1606
vn 0.1588 -0.9754 0.1530
vn 0.1589 -0.9754 0.1529
vn 0.1577 -0.9766 0.1460
vn 0.1578 -0.9766 0.1458
vn 0.1568 -0.9778 0.1390
vn 0.1563 -0.9779 0.1387
vn 0.1547 -0.9791 0.1318
vn 0.1558 -0.9788 0.1327
vn 0.1544 -0.9803 0.1232
vn 0.1536 -0.9802 0.1247
vn 0.1512 -0.9815 0.1175
vn 0.1523 -0.9813 0.1180
vn 0.1475 -0.9829 0.1102
vn 0.1474 -0.9829 0.1107
vn 0.1450 -0.9840 0.1032
vn 0.1445 -0.9839 0.1053
vn 0.1412 -0.9851 0.0978
vn 0.1413 -0.9852 0.0971
vn 0.1376 -0.9862 0.0918
vn 0.1378 -0.9862 0.0919
vn 0.1337 -0.9873 0.0862
vn 0.1338 -0.9873 0.0858
vn 0.1299 -0.9884 0.0784
vn 0.1296 -0.9883 0.0803
vn 0.1254 -0.9894 0.0737
vn 0.1256 -0.9894 0.0726
vn 0.1209 -0.9903 0.0683
vn 0.1209 -0.9903 0.0684
vn 0.1154 -0.9913 0.0629
vn 0.1154 -0.9913 0.0624
vn 0.1104 -0.9922 0.0572
vn 0.1104 -0.9922 0.0579
vn 0.1045 -0.9931 0.0527
vn 0.1044 -0.9932 0.0519
vn 0.0982 -0.9940 0.0472
vn 0.0985 -0.9939 0.0492
vn 0.0932 -0.9947 0.0430
vn 0.0935 -0.9946 0.0443
vn 0.0870 -0.9955 0.0388
vn 0.0872 -0.9954 0.0395
vn 0.0803 -0.9961 0.0360
vn 0.0803 -0.9961 0.0361
vn 0.0750 -0.9967 0.0323
vn 0.0741 -0.9967 0.0326
vn 0.0674 -0.9973 0.0282
vn 0.0675 -0.9973 0.0287
vn 0.0605 -0.9978 0.0262
vn 0.0607 -0.9978 0.0266
vn 0.0528 -0.9983 0.0231
vn 0.0536 -0.9983 0.0248
vn 0.0468 -0.9987 0.0208
vn 0.0475 -0.9986 0.0223
vn 0.0396 -0.9990 0.0203
vn 0.0392 -0.9990 0.0195
vn 0.0324 -0.9993 0.0196
vn 0.0337 -0.9993 0.0188
vn 0.0264 -0.9995 0.0155
vn 0.0249 -0.9996 0.0159
vn 0.0178 -0.9997 0.0149
vn 0.0206 -0.9997 0.0130
vn 0.0034 -0.9999 0.0132
vn 0.0038 -0.9999 0.0136
vn 0.0113 -0.9998 0.0146
vn 0.0099 -0.9999 0.0134
vn 0.0308 -0.9995 0.0106
vn 0.0288 -0.9995 0.0105
vn 0.0352 -0.9993 0.0082
vn 0.0354 -0.9993 0.0084
vn 0.0421 -0.9991 0.0100
vn 0.0408 -0.9991 0.0079
vn 0.0481 -0.9988 0.0102
vn 0.0558 -0.9984 0.0108
vn 0.0557 -0.9984 0.0107
vn 0.0629 -0.9980 0.0113
vn 0.0627 -0.9980 0.0110
vn 0.0724 -0.9973 0.0143
vn 0.0697 -0.9975 0.0116
vn 0.0785 -0.9968 0.0125
vn 0.0779 -0.9969 0.0132
vn 0.0846 -0.9963 0.0111
vn 0.0850 -0.9963 0.0113
vn 0.0927 -0.9956 0.0113
vn 0.0925 -0.9957 0.0111
vn 0.1012 -0.9948 0.0116
vn 0.0994 -0.9950 0.0101
vn 0.1080 -0.9941 0.0110
vn 0.1074 -0.9942 0.0105
vn 0.1143 -0.9934 0.0120
vn 0.1134 -0.9935 0.0110
vn 0.1213 -0.9926 0.0110
vn 0.1223 -0.9924 0.0120
vn 0.1283 -0.9917 0.0110
vn 0.1363 -0.9906 0.0110
vn 0.1443 -0.9895 0.0111
vn 0.1442 -0.9895 0.0110
vn 0.1503 -0.9886 0.0111
vn 0.1584 -0.9873 0.0112
vn 0.1583 -0.9873 0.0111
vn 0.1654 -0.9862 0.0114
vn 0.1652 -0.9862 0.0112
vn 0.1657 -0.9731 0.1601
vn 0.1662 -0.9730 0.1604
vn 0.1658 -0.9744 0.1520
vn 0.1653 -0.9745 0.1516
vn 0.1645 -0.9757 0.1448
vn 0.1655 -0.9754 0.1457
vn 0.1640 -0.9768 0.1379
vn 0.1643 -0.9768 0.1376
vn 0.1640 -0.9777 0.1311
vn 0.1632 -0.9780 0.1302
vn 0.1628 -0.9789 0.1232
vn 0.1633 -0.9788 0.1238
vn 0.1582 -0.9811 0.1114
vn 0.1580 -0.9809 0.1134
vn 0.1562 -0.9823 0.1030
vn 0.1554 -0.9821 0.1063
vn 0.1512 -0.9835 0.0989
vn 0.1533 -0.9832 0.0993
vn 0.1471 -0.9846 0.0948
vn 0.1472 -0.9846 0.0942
vn 0.1439 -0.9858 0.0870
vn 0.1435 -0.9857 0.0884
vn 0.1406 -0.9867 0.0812
vn 0.1405 -0.9867 0.0816
vn 0.1355 -0.9879 0.0749
vn 0.1357 -0.9880 0.0741
vn 0.1310 -0.9889 0.0700
vn 0.1311 -0.9890 0.0691
vn 0.1260 -0.9901 0.0623
vn 0.1259 -0.9900 0.0639
vn 0.1212 -0.9910 0.0572
vn 0.1156 -0.9920 0.0510
vn 0.1156 -0.9920 0.0517
vn 0.1086 -0.9930 0.0454
vn 0.1088 -0.9930 0.0469
vn 0.1022 -0.9939 0.0425
vn 0.1021 -0.9939 0.0422
vn 0.0959 -0.9947 0.0374
vn 0.0962 -0.9946 0.0387
vn 0.0899 -0.9954 0.0323
vn 0.0902 -0.9953 0.0341
vn 0.0831 -0.9962 0.0279
vn 0.0840 -0.9960 0.0302
vn 0.0773 -0.9967 0.0234
vn 0.0778 -0.9966 0.0254
vn 0.0697 -0.9973 0.0213
vn 0.0709 -0.9973 0.0206
vn 0.0779 -0.9968 0.0195
vn 0.0808 -0.9965 0.0198
vn 0.0880 -0.9960 0.0179
vn 0.0856 -0.9962 0.0166
vn 0.0953 -0.9952 0.0208
vn 0.0926 -0.9956 0.0174
vn 0.1004 -0.9948 0.0189
vn 0.1013 -0.9947 0.0194
vn 0.1085 -0.9939 0.0177
vn 0.1080 -0.9940 0.0174
vn 0.1150 -0.9932 0.0182
vn 0.1143 -0.9933 0.0174
vn 0.1219 -0.9924 0.0185
vn 0.1213 -0.9925 0.0178
vn 0.1299 -0.9913 0.0192
vn 0.1283 -0.9916 0.0176
vn 0.1362 -0.9905 0.0191
vn 0.1363 -0.9905 0.0192
vn 0.1432 -0.9895 0.0181
vn 0.1442 -0.9894 0.0191
vn 0.1503 -0.9885 0.0184
vn 0.1506 -0.9884 0.0181
vn 0.1583 -0.9872 0.0178
vn 0.1577 -0.9873 0.0184
vn 0.1662 -0.9859 0.0188
vn 0.1653 -0.9861 0.0179
vn 0.1653 -0.9794 0.1158
vn 0.1636 -0.9796 0.1171
vn 0.1652 -0.9803 0.1086
vn 0.1657 -0.9801 0.1090
vn 0.1629 -0.9814 0.1011
vn 0.1639 -0.9812 0.1019
vn 0.1649 -0.9860 0.0254
vn 0.1659 -0.9858 0.0265
vn 0.1651 -0.9857 0.0341
vn 0.1649 -0.9857 0.0339
vn 0.1657 -0.9853 0.0408
vn 0.1651 -0.9855 0.0403
vn 0.1657 -0.9850 0.0486
vn 0.1651 -0.9851 0.0479
vn 0.1656 -0.9846 0.0563
vn 0.1650 -0.9847 0.0557
vn 0.1656 -0.9842 0.0631
vn 0.1656 -0.9842 0.0632
vn 0.1638 -0.9839 0.0716
vn 0.1645 -0.9838 0.0710
vn 0.1644 -0.9833 0.0786
vn 0.1633 -0.9835 0.0776
vn 0.1651 -0.9825 0.0867
vn 0.1653 -0.9824 0.0864
vn 0.1628 -0.9820 0.0953
vn 0.1650 -0.9819 0.0932
vn 0.1575 -0.9830 0.0939
vn 0.1580 -0.9830 0.0937
vn 0.1533 -0.9842 0.0886
vn 0.1532 -0.9841 0.0902
vn 0.1495 -0.9852 0.0840
vn 0.1496 -0.9852 0.0836
vn 0.1461 -0.9863 0.0767
vn 0.1458 -0.9863 0.0777
vn 0.1409 -0.9875 0.0710
vn 0.1423 -0.9873 0.0712
vn 0.1378 -0.9884 0.0644
vn 0.1367 -0.9885 0.0643
vn 0.1317 -0.9896 0.0575
vn 0.1317 -0.9896 0.0572
vn 0.1266 -0.9906 0.0512
vn 0.1266 -0.9906 0.0519
vn 0.1199 -0.9918 0.0435
vn 0.1200 -0.9917 0.0453
vn 0.1130 -0.9928 0.0392
vn 0.1131 -0.9928 0.0397
vn 0.1056 -0.9938 0.0338
vn 0.1068 -0.9936 0.0364
vn 0.0998 -0.9946 0.0292
vn 0.1003 -0.9945 0.0313
vn 0.0850 -0.9961 0.0247
vn 0.0871 -0.9959 0.0241
vn 0.0937 -0.9953 0.0262
vn 0.0938 -0.9952 0.0262
vn 0.1037 -0.9943 0.0263
vn 0.1029 -0.9943 0.0262
vn 0.1084 -0.9938 0.0235
vn 0.1093 -0.9937 0.0241
vn 0.1161 -0.9929 0.0245
vn 0.1148 -0.9931 0.0228
vn 0.1222 -0.9922 0.0250
vn 0.1217 -0.9923 0.0243
vn 0.1299 -0.9912 0.0242
vn 0.1296 -0.9913 0.0240
vn 0.1362 -0.9904 0.0244
vn 0.1363 -0.9904 0.0243
vn 0.1432 -0.9894 0.0259
vn 0.1434 -0.9893 0.0257
vn 0.1503 -0.9883 0.0257
vn 0.1506 -0.9883 0.0259
vn 0.1584 -0.9870 0.0265
vn 0.1577 -0.9872 0.0257
vn 0.1582 -0.9836 0.0864
vn 0.1586 -0.9835 0.0869
vn 0.1572 -0.9844 0.0794
vn 0.1567 -0.9844 0.0803
vn 0.1516 -0.9857 0.0736
vn 0.1533 -0.9854 0.0738
vn 0.1473 -0.9868 0.0673
vn 0.1426 -0.9880 0.0601
vn 0.1435 -0.9878 0.0602
vn 0.1374 -0.9891 0.0525
vn 0.1386 -0.9890 0.0526
vn 0.1317 -0.9902 0.0467
vn 0.1323 -0.9901 0.0467
vn 0.1246 -0.9914 0.0397
vn 0.1257 -0.9913 0.0399
vn 0.1081 -0.9937 0.0297
vn 0.1075 -0.9938 0.0298
vn 0.0614 -0.9979 0.0182
vn 0.0627 -0.9978 0.0202
vn 0.0548 -0.9983 0.0173
vn 0.0547 -0.9984 0.0171
vn 0.0472 -0.9988 0.0151
vn 0.0480 -0.9987 0.0164
vn 0.0414 -0.9990 0.0143
vn 0.0415 -0.9990 0.0146
vn 0.0347 -0.9993 0.0138
vn 0.0351 -0.9993 0.0135
vn 0.1590 -0.9867 0.0339
vn 0.1580 -0.9869 0.0333
vn 0.1605 -0.9862 0.0410
vn 0.1595 -0.9864 0.0404
vn 0.1578 -0.9863 0.0478
vn 0.1599 -0.9860 0.0470
vn 0.1583 -0.9858 0.0560
vn 0.1565 -0.9862 0.0546
vn 0.1508 -0.9870 0.0553
vn 0.1506 -0.9870 0.0557
vn 0.1465 -0.9881 0.0472
vn 0.1473 -0.9880 0.0473
vn 0.1387 -0.9895 0.0403
vn 0.1402 -0.9893 0.0401
vn 0.1433 -0.9891 0.0341
vn 0.1427 -0.9892 0.0328
vn 0.1503 -0.9880 0.0347
vn 0.1501 -0.9881 0.0349
vn 0.1519 -0.9874 0.0437
vn 0.1514 -0.9875 0.0436
vn 0.1359 -0.9902 0.0308
vn 0.1354 -0.9903 0.0298
vn 0.1316 -0.9907 0.0357
vn 0.1330 -0.9905 0.0357
vn 0.1291 -0.9912 0.0305
vn 0.1300 -0.9911 0.0295
vn 0.1223 -0.9920 0.0318
vn 0.1221 -0.9920 0.0320
vn 0.1156 -0.9928 0.0324
vn 0.1153 -0.9928 0.0319
vn 0.1574 -0.9851 0.0696
vn 0.1573 -0.9851 0.0693
vn 0.1526 -0.9862 0.0642
vn 0.1531 -0.9862 0.0627
vn 0.1593 -0.9852 0.0629
vn 0.1583 -0.9855 0.0617
vn 0.9997 -0.0043 -0.0230
vn 0.9997 -0.0040 -0.0228
vn 0.9975 -0.0124 -0.0689
vn 0.9976 -0.0120 -0.0687
vn 0.9932 -0.0208 -0.1149
vn 0.9933 -0.0197 -0.1142
vn 0.9866 -0.0289 -0.1604
vn 0.9868 -0.0277 -0.1596
vn 0.9779 -0.0370 -0.2056
vn 0.9782 -0.0355 -0.2046
vn 0.9671 -0.0450 -0.2505
vn 0.9675 -0.0432 -0.2491
vn 0.9541 -0.0508 -0.2953
vn 0.9542 -0.0511 -0.2949
vn 0.9383 -0.0590 -0.3408
vn 0.9390 -0.0609 -0.3384
vn 0.9219 -0.0684 -0.3814
vn 0.9218 -0.0684 -0.3815
vn 0.9028 -0.0759 -0.4234
vn 0.9039 -0.0732 -0.4215
vn 0.8821 -0.0813 -0.4640
vn 0.8817 -0.0805 -0.4649
vn 0.8582 -0.0886 -0.5056
vn 0.8587 -0.0895 -0.5046
vn 0.8333 -0.0952 -0.5446
vn 0.8339 -0.0963 -0.5434
vn 0.8049 -0.1032 -0.5844
vn 0.8054 -0.1040 -0.5836
vn 0.7741 -0.1103 -0.6234
vn 0.7736 -0.1113 -0.6238
vn 0.7409 -0.1163 -0.6614
vn 0.7405 -0.1173 -0.6618
vn 0.7060 -0.1224 -0.6975
vn 0.7054 -0.1235 -0.6979
vn 0.6706 -0.1293 -0.7304
vn 0.6707 -0.1292 -0.7304
vn 0.6348 -0.1335 -0.7611
vn 0.6345 -0.1339 -0.7612
vn 0.5967 -0.1392 -0.7903
vn 0.5975 -0.1401 -0.7895
vn 0.5586 -0.1441 -0.8168
vn 0.5587 -0.1442 -0.8167
vn 0.5188 -0.1485 -0.8419
vn 0.4777 -0.1526 -0.8652
vn 0.4357 -0.1563 -0.8864
vn 0.3926 -0.1596 -0.9058
vn 0.3927 -0.1596 -0.9057
vn 0.3488 -0.1628 -0.9230
vn 0.3486 -0.1626 -0.9231
vn 0.3037 -0.1654 -0.9383
vn 0.3037 -0.1655 -0.9383
vn 0.2582 -0.1678 -0.9514
vn 0.2583 -0.1677 -0.9514
vn 0.2121 -0.1697 -0.9624
vn 0.2122 -0.1697 -0.9624
vn 0.1658 -0.1711 -0.9712
vn 0.1656 -0.1713 -0.9712
vn 0.1187 -0.1725 -0.9778
vn 0.1189 -0.1723 -0.9778
vn 0.0716 -0.1731 -0.9823
vn 0.0718 -0.1733 -0.9823
vn 0.0241 -0.1735 -0.9845
vn 0.0240 -0.1735 -0.9845
vn 0.0238 -0.1735 -0.9845
vn 0.0715 -0.1732 -0.9823
vn 0.0715 -0.1731 -0.9823
vn 0.1187 -0.1724 -0.9778
vn 0.1661 -0.1712 -0.9711
vn 0.1659 -0.1713 -0.9711
vn 0.2126 -0.1696 -0.9623
vn 0.2126 -0.1697 -0.9623
vn 0.2590 -0.1676 -0.9512
vn 0.2590 -0.1677 -0.9512
vn 0.3047 -0.1652 -0.9380
vn 0.3047 -0.1653 -0.9380
vn 0.3496 -0.1626 -0.9227
vn 0.3497 -0.1626 -0.9227
vn 0.3938 -0.1596 -0.9052
vn 0.4372 -0.1561 -0.8857
vn 0.4371 -0.1562 -0.8857
vn 0.4796 -0.1523 -0.8642
vn 0.5207 -0.1483 -0.8408
vn 0.5207 -0.1482 -0.8408
vn 0.5608 -0.1436 -0.8154
vn 0.5606 -0.1439 -0.8155
vn 0.5993 -0.1391 -0.7883
vn 0.5995 -0.1389 -0.7883
vn 0.6366 -0.1340 -0.7595
vn 0.6365 -0.1340 -0.7595
vn 0.6725 -0.1268 -0.7292
vn 0.6710 -0.1288 -0.7301
vn 0.7070 -0.1214 -0.6967
vn 0.7045 -0.1253 -0.6985
vn 0.7398 -0.1170 -0.6625
vn 0.7391 -0.1185 -0.6631
vn 0.7714 -0.1111 -0.6266
vn 0.7710 -0.1105 -0.6272
vn 0.8022 -0.1067 -0.5874
vn 0.8006 -0.1038 -0.5902
vn 0.8310 -0.0991 -0.5473
vn 0.8281 -0.0947 -0.5525
vn 0.8563 -0.0918 -0.5082
vn 0.8539 -0.0880 -0.5129
vn 0.8798 -0.0845 -0.4677
vn 0.8777 -0.0810 -0.4723
vn 0.9014 -0.0772 -0.4260
vn 0.8995 -0.0738 -0.4306
vn 0.9202 -0.0680 -0.3856
vn 0.9193 -0.0663 -0.3880
vn 0.9370 -0.0607 -0.3439
vn 0.9370 -0.0607 -0.3440
vn 0.9526 -0.0529 -0.2997
vn 0.9660 -0.0449 -0.2547
vn 0.9660 -0.0450 -0.2547
vn 0.9772 -0.0369 -0.2092
vn 0.9862 -0.0287 -0.1632
vn 0.9862 -0.0288 -0.1632
vn 0.9929 -0.0206 -0.1170
vn 0.9974 -0.0124 -0.0703
vn 0.9997 -0.0041 -0.0235
vn 0.9997 -0.0042 -0.0235
vn 0.0240 -0.1740 -0.9845
vn 0.0238 -0.1737 -0.9845
vn 0.0716 -0.1732 -0.9823
vn 0.1189 -0.1722 -0.9779
vn 0.1659 -0.1711 -0.9712
vn 0.1656 -0.1714 -0.9712
vn 0.2126 -0.1695 -0.9623
vn 0.2122 -0.1699 -0.9623
vn 0.2590 -0.1675 -0.9513
vn 0.2583 -0.1681 -0.9513
vn 0.3047 -0.1649 -0.9381
vn 0.3037 -0.1659 -0.9382
vn 0.3497 -0.1623 -0.9227
vn 0.3488 -0.1632 -0.9229
vn 0.3938 -0.1590 -0.9053
vn 0.3926 -0.1604 -0.9056
vn 0.4371 -0.1554 -0.8859
vn 0.4357 -0.1570 -0.8863
vn 0.4796 -0.1514 -0.8643
vn 0.4777 -0.1535 -0.8650
vn 0.5207 -0.1472 -0.8409
vn 0.5188 -0.1494 -0.8417
vn 0.5606 -0.1427 -0.8157
vn 0.5586 -0.1450 -0.8167
vn 0.5995 -0.1372 -0.7886
vn 0.5967 -0.1405 -0.7901
vn 0.6365 -0.1331 -0.7597
vn 0.6346 -0.1358 -0.7608
vn 0.6710 -0.1289 -0.7301
vn 0.6707 -0.1294 -0.7303
vn 0.7045 -0.1244 -0.6987
vn 0.7054 -0.1228 -0.6981
vn 0.7403 -0.1155 -0.6622
vn 0.7737 -0.1125 -0.6235
vn 0.7714 -0.1091 -0.6270
vn 0.8048 -0.1054 -0.5841
vn 0.8024 -0.1009 -0.5881
vn 0.8332 -0.0981 -0.5442
vn 0.8311 -0.0943 -0.5480
vn 0.8581 -0.0910 -0.5053
vn 0.8564 -0.0877 -0.5089
vn 0.8821 -0.0853 -0.4633
vn 0.8798 -0.0808 -0.4683
vn 0.9038 -0.0769 -0.4210
vn 0.9014 -0.0719 -0.4269
vn 0.9218 -0.0690 -0.3814
vn 0.9202 -0.0656 -0.3860
vn 0.9382 -0.0616 -0.3405
vn 0.9370 -0.0587 -0.3443
vn 0.9540 -0.0552 -0.2945
vn 0.9526 -0.0513 -0.3000
vn 0.9675 -0.0462 -0.2487
vn 0.9660 -0.0420 -0.2553
vn 0.9782 -0.0379 -0.2042
vn 0.9772 -0.0345 -0.2097
vn 0.9868 -0.0296 -0.1593
vn 0.9862 -0.0269 -0.1636
vn 0.9933 -0.0212 -0.1139
vn 0.9929 -0.0191 -0.1172
vn 0.9976 -0.0126 -0.0686
vn 0.9974 -0.0114 -0.0705
vn 0.9997 -0.0035 -0.0237
vn -0.0000 -0.0000 1.0000
vn -0.0000 0.0001 1.0000
vn -0.0001 -0.0000 1.0000
vn -0.0002 0.1737 -0.9848
vn -0.0000 0.1738 -0.9848
vn -0.0002 0.1738 -0.9848
vn -0.0001 0.1738 -0.9848
vn 0.0001 0.1738 -0.9848
vn -0.0000 0.1736 -0.9848
vn -0.0001 0.1736 -0.9848
vn 0.0001 0.1736 -0.9848
vn -0.0001 0.1735 -0.9848
vn 0.0001 0.1737 -0.9848
vn -0.0000 0.1737 -0.9848
vn -0.0000 0.1735 -0.9848
vn -0.0001 0.1737 -0.9848
vn 0.0002 0.1736 -0.9848
vn -0.0002 0.1736 -0.9848
vn 0.0001 0.1735 -0.9848
vn -0.0000 0.1734 -0.9848
vn 0.0002 0.1737 -0.9848
vn -0.0002 0.1735 -0.9848
vn -0.0003 0.1737 -0.9848
vn 0.0002 0.1734 -0.9848
vn -0.0001 0.1734 -0.9848
vn 0.0195 -0.1734 -0.9847
vn 0.0193 -0.1736 -0.9846
vn 0.0175 -0.1736 -0.9847
vn 0.0195 -0.1753 -0.9843
vn 0.0180 -0.1737 -0.9846
vn 0.0175 -0.1734 -0.9847
vn 0.0198 -0.1719 -0.9849
vn 0.0180 -0.1736 -0.9847
vn 0.0197 -0.1737 -0.9846
vn 0.0198 -0.1736 -0.9846
vn 0.0197 -0.1735 -0.9846
vn 0.0197 -0.1736 -0.9846
vn 0.0199 -0.1736 -0.9846
vn 0.0198 -0.1737 -0.9846
vn 0.0194 -0.1736 -0.9846
vn 0.0199 -0.1740 -0.9845
vn 0.0194 -0.1744 -0.9845
vn 0.0185 -0.1736 -0.9846
vn 0.0572 -0.1739 -0.9831
vn 0.0554 -0.1724 -0.9835
vn 0.0933 -0.1733 -0.9804
vn 0.0922 -0.1722 -0.9807
vn 0.1294 -0.1724 -0.9765
vn 0.1288 -0.1718 -0.9767
vn 0.1657 -0.1714 -0.9712
vn 0.1653 -0.1710 -0.9713
vn 0.2016 -0.1701 -0.9646
vn 0.2015 -0.1700 -0.9646
vn 0.2374 -0.1686 -0.9567
vn 0.2375 -0.1686 -0.9566
vn 0.2731 -0.1671 -0.9474
vn 0.2730 -0.1669 -0.9474
vn 0.3083 -0.1651 -0.9369
vn 0.3084 -0.1652 -0.9368
vn 0.3432 -0.1631 -0.9250
vn 0.3776 -0.1608 -0.9119
vn 0.4114 -0.1583 -0.8976
vn 0.4448 -0.1556 -0.8820
vn 0.4448 -0.1555 -0.8820
vn 0.4775 -0.1526 -0.8653
vn 0.5096 -0.1493 -0.8473
vn 0.5095 -0.1495 -0.8474
vn 0.5409 -0.1461 -0.8283
vn 0.5410 -0.1460 -0.8282
vn 0.5716 -0.1424 -0.8081
vn 0.5715 -0.1426 -0.8081
vn 0.6014 -0.1368 -0.7872
vn 0.5995 -0.1389 -0.7882
vn 0.6304 -0.1324 -0.7649
vn 0.6258 -0.1373 -0.7678
vn 0.6557 -0.1305 -0.7437
vn 0.6587 -0.1342 -0.7404
vn 0.6860 -0.1299 -0.7159
vn 0.6878 -0.1268 -0.7148
vn 0.7123 -0.1241 -0.6908
vn 0.7146 -0.1183 -0.6895
vn 0.7176 -0.1187 -0.6862
vn 0.7164 -0.1254 -0.6864
vn 0.6926 -0.1143 -0.7122
vn 0.6896 -0.1325 -0.7119
vn 0.6696 -0.1174 -0.7334
vn 0.6702 -0.1371 -0.7294
vn 0.6493 -0.1224 -0.7506
vn 0.6506 -0.1422 -0.7460
vn 0.6309 -0.1258 -0.7656
vn 0.6332 -0.1432 -0.7606
vn 0.6123 -0.1279 -0.7802
vn 0.6156 -0.1467 -0.7742
vn 0.5941 -0.1286 -0.7940
vn 0.5981 -0.1506 -0.7872
vn 0.5784 -0.1303 -0.8053
vn 0.5823 -0.1522 -0.7986
vn 0.5619 -0.1323 -0.8165
vn 0.5657 -0.1545 -0.8100
vn 0.5450 -0.1340 -0.8276
vn 0.5487 -0.1565 -0.8213
vn 0.5275 -0.1362 -0.8386
vn 0.5309 -0.1586 -0.8325
vn 0.5093 -0.1377 -0.8495
vn 0.5126 -0.1609 -0.8435
vn 0.4903 -0.1396 -0.8603
vn 0.4932 -0.1631 -0.8545
vn 0.4709 -0.1414 -0.8708
vn 0.4734 -0.1647 -0.8653
vn 0.4505 -0.1432 -0.8812
vn 0.4525 -0.1670 -0.8760
vn 0.4295 -0.1449 -0.8913
vn 0.4310 -0.1688 -0.8864
vn 0.4075 -0.1464 -0.9014
vn 0.4085 -0.1709 -0.8966
vn 0.3847 -0.1483 -0.9111
vn 0.3851 -0.1726 -0.9066
vn 0.3611 -0.1498 -0.9204
vn 0.3607 -0.1744 -0.9162
vn 0.3363 -0.1517 -0.9295
vn 0.3352 -0.1759 -0.9256
vn 0.3105 -0.1533 -0.9381
vn 0.3084 -0.1774 -0.9346
vn 0.2835 -0.1552 -0.9463
vn 0.2804 -0.1787 -0.9431
vn 0.2554 -0.1569 -0.9540
vn 0.2513 -0.1799 -0.9511
vn 0.2259 -0.1588 -0.9611
vn 0.2208 -0.1807 -0.9584
vn 0.1797 -0.1674 -0.9694
vn 0.2017 -0.1733 -0.9640
vn 0.1483 -0.1693 -0.9743
vn 0.1680 -0.1748 -0.9702
vn 0.1176 -0.1695 -0.9785
vn 0.1325 -0.1761 -0.9754
vn 0.0858 -0.1712 -0.9815
vn 0.0961 -0.1769 -0.9795
vn 0.0553 -0.1759 -0.9829
vn 0.0573 -0.1737 -0.9831
vn 0.7695 -0.1092 -0.6292
vn 0.7854 -0.1037 -0.6102
vn 0.6503 -0.1215 -0.7499
vn 0.6547 -0.1352 -0.7437
vn 0.6230 -0.1346 -0.7705
vn 0.6429 -0.1341 -0.7541
vn 0.6117 -0.1271 -0.7808
vn 0.6128 -0.1459 -0.7766
vn 0.5773 -0.1428 -0.8040
vn 0.6040 -0.1377 -0.7850
vn 0.5661 -0.1277 -0.8144
vn 0.5707 -0.1522 -0.8070
vn 0.5504 -0.1333 -0.8242
vn 0.5543 -0.1542 -0.8179
vn 0.5343 -0.1352 -0.8344
vn 0.5385 -0.1576 -0.8277
vn 0.5177 -0.1368 -0.8446
vn 0.5218 -0.1596 -0.8380
vn 0.5003 -0.1385 -0.8547
vn 0.5043 -0.1617 -0.8483
vn 0.4822 -0.1401 -0.8648
vn 0.4860 -0.1637 -0.8585
vn 0.4635 -0.1419 -0.8747
vn 0.4670 -0.1657 -0.8686
vn 0.4441 -0.1432 -0.8845
vn 0.4473 -0.1678 -0.8785
vn 0.4240 -0.1450 -0.8940
vn 0.4267 -0.1695 -0.8883
vn 0.4032 -0.1462 -0.9034
vn 0.4055 -0.1716 -0.8979
vn 0.3703 -0.1623 -0.9146
vn 0.3941 -0.1586 -0.9053
vn 0.3473 -0.1636 -0.9234
vn 0.3717 -0.1605 -0.9144
vn 0.3234 -0.1648 -0.9318
vn 0.3482 -0.1625 -0.9232
vn 0.2990 -0.1656 -0.9398
vn 0.3238 -0.1642 -0.9317
vn 0.2732 -0.1665 -0.9474
vn 0.2984 -0.1663 -0.9399
vn 0.2476 -0.1672 -0.9543
vn 0.2717 -0.1680 -0.9476
vn 0.2345 -0.1572 -0.9593
vn 0.2297 -0.1808 -0.9563
vn 0.1893 -0.1683 -0.9674
vn 0.2148 -0.1716 -0.9615
vn 0.1583 -0.1690 -0.9728
vn 0.1830 -0.1736 -0.9677
vn 0.1320 -0.1701 -0.9765
vn 0.1508 -0.1742 -0.9731
vn 0.1075 -0.1709 -0.9794
vn 0.1202 -0.1764 -0.9770
vn 0.0815 -0.1764 -0.9809
vn 0.0513 -0.1754 -0.9832
vn 0.0545 -0.1720 -0.9836
vn 0.0572 -0.1740 -0.9831
vn 0.0580 -0.1732 -0.9832
vn 0.0933 -0.1735 -0.9804
vn 0.0945 -0.1724 -0.9805
vn 0.1306 -0.1727 -0.9763
vn 0.1294 -0.1716 -0.9766
vn 0.1666 -0.1716 -0.9710
vn 0.1657 -0.1707 -0.9713
vn 0.2024 -0.1704 -0.9644
vn 0.2016 -0.1697 -0.9647
vn 0.2380 -0.1689 -0.9565
vn 0.2374 -0.1684 -0.9567
vn 0.2752 -0.1689 -0.9464
vn 0.2731 -0.1669 -0.9474
vn 0.3101 -0.1651 -0.9363
vn 0.3083 -0.1635 -0.9371
vn 0.3434 -0.1632 -0.9249
vn 0.3432 -0.1630 -0.9250
vn 0.3774 -0.1607 -0.9120
vn 0.3776 -0.1609 -0.9119
vn 0.4115 -0.1583 -0.8975
vn 0.4114 -0.1582 -0.8976
vn 0.4447 -0.1555 -0.8821
vn 0.5095 -0.1494 -0.8474
vn 0.5410 -0.1460 -0.8283
vn 0.5715 -0.1401 -0.8086
vn 0.5690 -0.1427 -0.8099
vn 0.7620 -0.0940 -0.6408
vn 0.7574 -0.1175 -0.6423
vn 0.0508 -0.1734 -0.9835
vn 0.0511 -0.1737 -0.9835
vn 0.0549 -0.1750 -0.9830
vn 0.0510 -0.1710 -0.9839
vn 0.0575 -0.1735 -0.9831
vn 0.0556 -0.1716 -0.9836
vn 0.0593 -0.1733 -0.9831
vn 0.0578 -0.1718 -0.9834
vn 0.0596 -0.1735 -0.9830
vn 0.0593 -0.1732 -0.9831
vn 0.0596 -0.1733 -0.9831
vn 0.0594 -0.1733 -0.9831
vn 0.0594 -0.1735 -0.9830
vn 0.0591 -0.1733 -0.9831
vn 0.0596 -0.1738 -0.9830
vn 0.0581 -0.1743 -0.9830
vn 0.0946 -0.1738 -0.9802
vn 0.0966 -0.1717 -0.9804
vn 0.1306 -0.1731 -0.9762
vn 0.1326 -0.1710 -0.9763
vn 0.1684 -0.1718 -0.9706
vn 0.1666 -0.1703 -0.9712
vn 0.2039 -0.1706 -0.9640
vn 0.2024 -0.1692 -0.9646
vn 0.2408 -0.1707 -0.9555
vn 0.2380 -0.1680 -0.9566
vn 0.2797 -0.1695 -0.9450
vn 0.2751 -0.1649 -0.9472
vn 0.3154 -0.1670 -0.9341
vn 0.3101 -0.1627 -0.9367
vn 0.3457 -0.1629 -0.9241
vn 0.3434 -0.1607 -0.9253
vn 0.3777 -0.1609 -0.9118
vn 0.3774 -0.1606 -0.9120
vn 0.4115 -0.1582 -0.8976
vn 0.4775 -0.1510 -0.8656
vn 0.4760 -0.1527 -0.8661
vn 0.5095 -0.1474 -0.8478
vn 0.5065 -0.1511 -0.8489
vn 0.5410 -0.1450 -0.8284
vn 0.5384 -0.1485 -0.8295
vn 0.5692 -0.1395 -0.8103
vn 0.5652 -0.1439 -0.8123
vn 0.5824 -0.1426 -0.8003
vn 0.5971 -0.1356 -0.7906
vn 0.0794 -0.1744 -0.9815
vn 0.0808 -0.1729 -0.9816
vn 0.0861 -0.1708 -0.9815
vn 0.0794 -0.1746 -0.9814
vn 0.0909 -0.1746 -0.9804
vn 0.0863 -0.1701 -0.9816
vn 0.0969 -0.1743 -0.9799
vn 0.0918 -0.1689 -0.9813
vn 0.0993 -0.1731 -0.9799
vn 0.0974 -0.1712 -0.9804
vn 0.0994 -0.1727 -0.9799
vn 0.0993 -0.1727 -0.9800
vn 0.0993 -0.1728 -0.9799
vn 0.0994 -0.1728 -0.9799
vn 0.0994 -0.1729 -0.9799
vn 0.0993 -0.1729 -0.9799
vn 0.0992 -0.1727 -0.9800
vn 0.0990 -0.1727 -0.9800
vn 0.0992 -0.1730 -0.9799
vn 0.0990 -0.1728 -0.9800
vn 0.0991 -0.1729 -0.9799
vn 0.0987 -0.1728 -0.9800
vn 0.0990 -0.1730 -0.9799
vn 0.0969 -0.1744 -0.9799
vn 0.0987 -0.1726 -0.9800
vn 0.1019 -0.1717 -0.9799
vn 0.1087 -0.1759 -0.9784
vn 0.1157 -0.1688 -0.9788
vn 0.1018 -0.1742 -0.9794
vn 0.1261 -0.1760 -0.9763
vn 0.1193 -0.1621 -0.9795
vn 0.1318 -0.1766 -0.9754
vn 0.1279 -0.1718 -0.9768
vn 0.1370 -0.1735 -0.9753
vn 0.1334 -0.1697 -0.9764
vn 0.1392 -0.1722 -0.9752
vn 0.1376 -0.1704 -0.9757
vn 0.1400 -0.1719 -0.9751
vn 0.1394 -0.1712 -0.9753
vn 0.1397 -0.1718 -0.9752
vn 0.1400 -0.1721 -0.9751
vn 0.1393 -0.1718 -0.9752
vn 0.1397 -0.1722 -0.9751
vn 0.1390 -0.1720 -0.9752
vn 0.1393 -0.1722 -0.9752
vn 0.1388 -0.1719 -0.9753
vn 0.1385 -0.1719 -0.9753
vn 0.1388 -0.1722 -0.9752
vn 0.1385 -0.1720 -0.9753
vn 0.1385 -0.1721 -0.9753
vn 0.1375 -0.1715 -0.9755
vn 0.1385 -0.1725 -0.9752
vn 0.1376 -0.1743 -0.9750
vn 0.1326 -0.1709 -0.9763
vn 0.5966 -0.1388 -0.7905
vn 0.5993 -0.1420 -0.7878
vn 0.6260 -0.1329 -0.7684
vn 0.6235 -0.1361 -0.7699
vn 0.7367 -0.1157 -0.6663
vn 0.7376 -0.1124 -0.6658
vn 0.7394 -0.1298 -0.6607
vn 0.7408 -0.1128 -0.6622
vn 0.1742 -0.1728 -0.9694
vn 0.1682 -0.1692 -0.9711
vn 0.2081 -0.1713 -0.9630
vn 0.2038 -0.1682 -0.9644
vn 0.2451 -0.1707 -0.9544
vn 0.2406 -0.1668 -0.9562
vn 0.2854 -0.1697 -0.9432
vn 0.2796 -0.1641 -0.9460
vn 0.3206 -0.1667 -0.9324
vn 0.3154 -0.1626 -0.9349
vn 0.3493 -0.1639 -0.9226
vn 0.3457 -0.1608 -0.9244
vn 0.3788 -0.1607 -0.9114
vn 0.3779 -0.1591 -0.9121
vn 0.4118 -0.1588 -0.8973
vn 0.4115 -0.1585 -0.8975
vn 0.4448 -0.1537 -0.8824
vn 0.4436 -0.1552 -0.8827
vn 0.4759 -0.1516 -0.8663
vn 0.4734 -0.1545 -0.8672
vn 0.5064 -0.1475 -0.8496
vn 0.5027 -0.1513 -0.8511
vn 0.5685 -0.1610 -0.8068
vn 0.5745 -0.1381 -0.8067
vn 0.5384 -0.1497 -0.8293
vn 0.5392 -0.1506 -0.8286
vn 0.1298 -0.1659 -0.9776
vn 0.1272 -0.1794 -0.9755
vn 0.5256 -0.1507 -0.8373
vn 0.5394 -0.1399 -0.8303
vn 0.5132 -0.1528 -0.8445
vn 0.5278 -0.1428 -0.8373
vn 0.4981 -0.1541 -0.8533
vn 0.5159 -0.1449 -0.8443
vn 0.4817 -0.1549 -0.8625
vn 0.5014 -0.1473 -0.8526
vn 0.4642 -0.1564 -0.8718
vn 0.4847 -0.1493 -0.8619
vn 0.4461 -0.1577 -0.8810
vn 0.4671 -0.1511 -0.8712
vn 0.4270 -0.1591 -0.8901
vn 0.4488 -0.1530 -0.8805
vn 0.4074 -0.1606 -0.8990
vn 0.4296 -0.1549 -0.8897
vn 0.3869 -0.1618 -0.9078
vn 0.4099 -0.1566 -0.8986
vn 0.3657 -0.1631 -0.9163
vn 0.3891 -0.1585 -0.9074
vn 0.3438 -0.1642 -0.9246
vn 0.3678 -0.1602 -0.9160
vn 0.3211 -0.1653 -0.9325
vn 0.3454 -0.1619 -0.9244
vn 0.2978 -0.1665 -0.9400
vn 0.3223 -0.1637 -0.9324
vn 0.2750 -0.1672 -0.9468
vn 0.2987 -0.1653 -0.9399
vn 0.2535 -0.1676 -0.9527
vn 0.2745 -0.1680 -0.9468
vn 0.2315 -0.1670 -0.9584
vn 0.2499 -0.1705 -0.9531
vn 0.2149 -0.1605 -0.9634
vn 0.2091 -0.1801 -0.9612
vn 0.1673 -0.1677 -0.9715
vn 0.1925 -0.1732 -0.9659
vn 0.1507 -0.1787 -0.9723
vn 0.1515 -0.1599 -0.9754
vn 0.1667 -0.1740 -0.9705
vn 0.1688 -0.1717 -0.9706
vn 0.1709 -0.1699 -0.9705
vn 0.1667 -0.1727 -0.9708
vn 0.1781 -0.1675 -0.9696
vn 0.1705 -0.1724 -0.9702
vn 0.1811 -0.1715 -0.9684
vn 0.1780 -0.1681 -0.9696
vn 0.1808 -0.1705 -0.9686
vn 0.1812 -0.1710 -0.9685
vn 0.1800 -0.1705 -0.9688
vn 0.1807 -0.1712 -0.9685
vn 0.1793 -0.1707 -0.9689
vn 0.1800 -0.1713 -0.9686
vn 0.1787 -0.1706 -0.9690
vn 0.1793 -0.1712 -0.9688
vn 0.1782 -0.1709 -0.9690
vn 0.1787 -0.1713 -0.9689
vn 0.1776 -0.1708 -0.9692
vn 0.1782 -0.1715 -0.9689
vn 0.1743 -0.1735 -0.9693
vn 0.1776 -0.1701 -0.9693
vn 0.2082 -0.1726 -0.9627
vn 0.2131 -0.1671 -0.9626
vn 0.2534 -0.1727 -0.9518
vn 0.2447 -0.1661 -0.9553
vn 0.2960 -0.1699 -0.9399
vn 0.2846 -0.1620 -0.9449
vn 0.3297 -0.1667 -0.9292
vn 0.3201 -0.1612 -0.9336
vn 0.3491 -0.1627 -0.9229
vn 0.3509 -0.1588 -0.9229
vn 0.3785 -0.1604 -0.9116
vn 0.3787 -0.1610 -0.9114
vn 0.4118 -0.1587 -0.8974
vn 0.4427 -0.1542 -0.8833
vn 0.4436 -0.1554 -0.8827
vn 0.4734 -0.1503 -0.8679
vn 0.4689 -0.1547 -0.8696
vn 0.4956 -0.1533 -0.8549
vn 0.5029 -0.1476 -0.8517
vn 0.4857 -0.1546 -0.8604
vn 0.4967 -0.1473 -0.8553
vn 0.4729 -0.1558 -0.8672
vn 0.4877 -0.1485 -0.8603
vn 0.4554 -0.1567 -0.8764
vn 0.4749 -0.1510 -0.8670
vn 0.4367 -0.1589 -0.8855
vn 0.4575 -0.1523 -0.8761
vn 0.4181 -0.1606 -0.8941
vn 0.4391 -0.1531 -0.8853
vn 0.3992 -0.1616 -0.9025
vn 0.4209 -0.1548 -0.8938
vn 0.3798 -0.1629 -0.9106
vn 0.4019 -0.1566 -0.9022
vn 0.3594 -0.1641 -0.9186
vn 0.3823 -0.1584 -0.9103
vn 0.3385 -0.1652 -0.9263
vn 0.3619 -0.1600 -0.9184
vn 0.3181 -0.1660 -0.9334
vn 0.3408 -0.1617 -0.9261
vn 0.2950 -0.1664 -0.9409
vn 0.3197 -0.1641 -0.9332
vn 0.2717 -0.1682 -0.9476
vn 0.2960 -0.1649 -0.9408
vn 0.2605 -0.1568 -0.9526
vn 0.2672 -0.1760 -0.9474
vn 0.2477 -0.1619 -0.9552
vn 0.2491 -0.1739 -0.9528
vn 0.2141 -0.1663 -0.9625
vn 0.2009 -0.1726 -0.9643
vn 0.2259 -0.1636 -0.9603
vn 0.2129 -0.1714 -0.9619
vn 0.2218 -0.1693 -0.9603
vn 0.2252 -0.1724 -0.9589
vn 0.2215 -0.1688 -0.9604
vn 0.2218 -0.1691 -0.9603
vn 0.2199 -0.1689 -0.9608
vn 0.2213 -0.1705 -0.9602
vn 0.2186 -0.1690 -0.9611
vn 0.2197 -0.1702 -0.9606
vn 0.2181 -0.1693 -0.9611
vn 0.2185 -0.1697 -0.9610
vn 0.2145 -0.1725 -0.9614
vn 0.2181 -0.1686 -0.9612
vn 0.4606 -0.1570 -0.8736
vn 0.4697 -0.1499 -0.8700
vn 0.4491 -0.1582 -0.8794
vn 0.4625 -0.1507 -0.8737
vn 0.4309 -0.1581 -0.8884
vn 0.4511 -0.1535 -0.8792
vn 0.4092 -0.1596 -0.8984
vn 0.4322 -0.1558 -0.8882
vn 0.3902 -0.1624 -0.9063
vn 0.4110 -0.1558 -0.8982
vn 0.3706 -0.1640 -0.9142
vn 0.3929 -0.1572 -0.9060
vn 0.3511 -0.1653 -0.9216
vn 0.3733 -0.1582 -0.9141
vn 0.3311 -0.1663 -0.9288
vn 0.3538 -0.1599 -0.9216
vn 0.3127 -0.1667 -0.9351
vn 0.3337 -0.1614 -0.9288
vn 0.3056 -0.1558 -0.9393
vn 0.3031 -0.1784 -0.9361
vn 0.2658 -0.1670 -0.9494
vn 0.2949 -0.1663 -0.9410
vn 0.2576 -0.1766 -0.9500
vn 0.2641 -0.1643 -0.9504
vn 0.2576 -0.1667 -0.9518
vn 0.2563 -0.1680 -0.9519
vn 0.2605 -0.1667 -0.9510
vn 0.2579 -0.1635 -0.9522
vn 0.2618 -0.1664 -0.9507
vn 0.2608 -0.1651 -0.9512
vn 0.2680 -0.1611 -0.9499
vn 0.2616 -0.1674 -0.9505
vn 0.2671 -0.1747 -0.9477
vn 0.2524 -0.1652 -0.9534
vn 0.4422 -0.1525 -0.8838
vn 0.4428 -0.1534 -0.8834
vn 0.4261 -0.1591 -0.8906
vn 0.4416 -0.1542 -0.8838
vn 0.4076 -0.1596 -0.8991
vn 0.4279 -0.1559 -0.8903
vn 0.3840 -0.1605 -0.9093
vn 0.4082 -0.1587 -0.8990
vn 0.3603 -0.1637 -0.9184
vn 0.3852 -0.1588 -0.9091
vn 0.3391 -0.1665 -0.9259
vn 0.3632 -0.1589 -0.9181
vn 0.3229 -0.1670 -0.9316
vn 0.3429 -0.1594 -0.9257
vn 0.3062 -0.1670 -0.9372
vn 0.3252 -0.1620 -0.9317
vn 0.2962 -0.1624 -0.9412
vn 0.2836 -0.1682 -0.9441
vn 0.3035 -0.1681 -0.9379
vn 0.2983 -0.1564 -0.9416
vn 0.3202 -0.1683 -0.9323
vn 0.2944 -0.1628 -0.9417
vn 0.3167 -0.1719 -0.9328
vn 0.3119 -0.1488 -0.9384
vn 0.3569 -0.1602 -0.9203
vn 0.3196 -0.1674 -0.9326
vn 0.3529 -0.1638 -0.9212
vn 0.3283 -0.1629 -0.9304
vn 0.3822 -0.1588 -0.9103
vn 0.3532 -0.1642 -0.9210
vn 0.3789 -0.1595 -0.9116
vn 0.3532 -0.1635 -0.9212
vn 0.4111 -0.1534 -0.8986
vn 0.4256 -0.1584 -0.8909
vn 0.4061 -0.1580 -0.9001
vn 0.3802 -0.1612 -0.9107
vn 0.2806 -0.1669 -0.9452
vn 0.2848 -0.1639 -0.9445
vn 0.2937 -0.1675 -0.9411
vn 0.2803 -0.1654 -0.9455
vn 0.2416 -0.1745 -0.9546
vn 0.2334 -0.1588 -0.9593
vn 0.2579 -0.1752 -0.9502
vn 0.2528 -0.1546 -0.9551
vn 0.1986 -0.1712 -0.9650
vn 0.2019 -0.1686 -0.9648
vn 0.1988 -0.1751 -0.9643
vn 0.2035 -0.1674 -0.9646
vn 0.7561 -0.1099 -0.6451
vn 0.7661 -0.1242 -0.6307
vn 0.2342 -0.1723 -0.9568
vn 0.2235 -0.1675 -0.9602
vn 0.3023 -0.1593 -0.9398
vn 0.3047 -0.1698 -0.9372
vn 0.2311 -0.1656 -0.9587
vn 0.2238 -0.1704 -0.9596
vn -0.7615 0.6482 -0.0022
vn -0.7610 0.6487 -0.0015
vn -0.7610 0.6487 -0.0052
vn -0.7609 0.6489 -0.0050
vn -0.7608 0.6489 -0.0081
vn -0.7615 0.6480 -0.0094
vn -0.7614 0.6481 -0.0118
vn -0.7613 0.6483 -0.0116
vn -0.7611 0.6484 -0.0155
vn -0.7614 0.6481 -0.0160
vn -0.7611 0.6483 -0.0192
vn -0.7613 0.6481 -0.0196
vn -0.7611 0.6482 -0.0222
vn -0.7613 0.6480 -0.0225
vn -0.7610 0.6483 -0.0259
vn -0.7611 0.6481 -0.0262
vn -0.7610 0.6488 -0.0015
vn -0.7614 0.6483 -0.0021
vn -0.7614 0.6483 -0.0050
vn -0.7612 0.6484 -0.0094
vn -0.7611 0.6486 -0.0092
vn -0.7610 0.6486 -0.0116
vn -0.7613 0.6483 -0.0121
vn -0.7611 0.6484 -0.0160
vn -0.7613 0.6482 -0.0164
vn -0.7611 0.6483 -0.0196
vn -0.7613 0.6481 -0.0200
vn -0.7611 0.6482 -0.0225
vn -0.7613 0.6480 -0.0228
vn -0.7610 0.6483 -0.0262
vn -0.7612 0.6480 -0.0266
vn -0.7610 0.6488 -0.0021
vn -0.7609 0.6488 -0.0050
vn -0.7613 0.6484 -0.0056
vn -0.7612 0.6484 -0.0092
vn -0.7612 0.6485 -0.0091
vn -0.7610 0.6486 -0.0121
vn -0.7613 0.6482 -0.0126
vn -0.7611 0.6484 -0.0164
vn -0.7614 0.6481 -0.0168
vn -0.7611 0.6483 -0.0200
vn -0.7609 0.6485 -0.0197
vn -0.7607 0.6487 -0.0229
vn -0.7612 0.6481 -0.0238
vn -0.7609 0.6483 -0.0267
vn -0.7613 0.6478 -0.0274
vn -0.7615 0.6482 -0.0021
vn -0.7610 0.6487 -0.0014
vn -0.7610 0.6488 -0.0056
vn -0.7609 0.6488 -0.0055
vn -0.7608 0.6489 -0.0091
vn -0.7611 0.6485 -0.0097
vn -0.7610 0.6486 -0.0126
vn -0.7613 0.6483 -0.0131
vn -0.7611 0.6484 -0.0168
vn -0.7609 0.6486 -0.0166
vn -0.7607 0.6488 -0.0197
vn -0.7613 0.6481 -0.0207
vn -0.7611 0.6482 -0.0238
vn -0.7613 0.6480 -0.0241
vn -0.7609 0.6482 -0.0274
vn -0.7614 0.6476 -0.0283
vn 1.0000 -0.0001 -0.0001
vn 1.0000 -0.0001 -0.0000
vn 1.0000 -0.0000 0.0001
vn 1.0000 -0.0002 -0.0002
vn 0.1952 -0.9665 0.1664
vn 0.1951 -0.9665 0.1666
vn 0.5568 -0.8190 0.1388
vn 0.5531 -0.8207 0.1436
vn 0.8319 -0.5476 0.0898
vn 0.8277 -0.5525 0.0981
vn 0.9808 -0.1924 0.0333
vn 0.9800 -0.1955 0.0378
vn 0.1951 -0.9678 0.1593
vn 0.1949 -0.9678 0.1595
vn 0.5531 -0.8221 0.1348
vn 0.5526 -0.8223 0.1354
vn 0.8277 -0.5537 0.0913
vn 0.8280 -0.5534 0.0908
vn 0.9800 -0.1964 0.0322
vn 0.9799 -0.1966 0.0324
vn 0.1949 -0.9691 0.1513
vn 0.1937 -0.9691 0.1525
vn 0.5526 -0.8233 0.1297
vn 0.5536 -0.8228 0.1286
vn 0.8280 -0.5540 0.0867
vn 0.8276 -0.5544 0.0874
vn 0.9799 -0.1969 0.0310
vn 0.9800 -0.1967 0.0308
vn 0.1937 -0.9702 0.1452
vn 0.1945 -0.9702 0.1444
vn 0.5536 -0.8238 0.1220
vn 0.5524 -0.8244 0.1234
vn 0.8276 -0.5552 0.0827
vn 0.8279 -0.5548 0.0822
vn 0.9800 -0.1969 0.0292
vn 0.9800 -0.1970 0.0293
vn 0.1945 -0.9713 0.1372
vn 0.1943 -0.9713 0.1373
vn 0.5524 -0.8253 0.1170
vn 0.5527 -0.8252 0.1166
vn 0.8279 -0.5553 0.0788
vn 0.8279 -0.5553 0.0787
vn 0.9800 -0.1972 0.0280
vn 0.1943 -0.9724 0.1291
vn 0.1942 -0.9724 0.1293
vn 0.5527 -0.8261 0.1101
vn 0.5531 -0.8259 0.1097
vn 0.8279 -0.5560 0.0742
vn 0.8279 -0.5559 0.0742
vn 0.9800 -0.1974 0.0264
vn 0.9800 -0.1974 0.0263
vn 0.1942 -0.9732 0.1231
vn 0.1940 -0.9732 0.1232
vn 0.5531 -0.8266 0.1041
vn 0.5527 -0.8268 0.1046
vn 0.8279 -0.5565 0.0701
vn 0.9800 -0.1976 0.0250
vn 0.9800 -0.1975 0.0248
vn 0.1940 -0.9742 0.1150
vn 0.1939 -0.9742 0.1151
vn 0.5527 -0.8276 0.0982
vn 0.5530 -0.8274 0.0977
vn 0.8279 -0.5570 0.0656
vn 0.8276 -0.5574 0.0662
vn 0.9800 -0.1977 0.0233
vn 0.9800 -0.1976 0.0233
vn 0.1939 -0.9751 0.1079
vn 0.1947 -0.9750 0.1070
vn 0.5530 -0.8282 0.0913
vn 0.5527 -0.8283 0.0917
vn 0.8276 -0.5579 0.0617
vn 0.8277 -0.5578 0.0616
vn 0.9800 -0.1978 0.0219
vn 0.1947 -0.9758 0.0999
vn 0.1936 -0.9759 0.1010
vn 0.5527 -0.8290 0.0854
vn 0.5531 -0.8288 0.0849
vn 0.8277 -0.5582 0.0577
vn 0.8277 -0.5582 0.0575
vn 0.9800 -0.1980 0.0203
vn 0.9800 -0.1981 0.0205
vn 0.1936 -0.9767 0.0928
vn 0.1935 -0.9767 0.0929
vn 0.5531 -0.8294 0.0785
vn 0.5528 -0.8295 0.0789
vn 0.8277 -0.5586 0.0530
vn 0.8278 -0.5585 0.0529
vn 0.9800 -0.1983 0.0189
vn 0.9800 -0.1981 0.0187
vn 0.1935 -0.9773 0.0858
vn 0.1944 -0.9772 0.0848
vn 0.5528 -0.8301 0.0726
vn 0.5525 -0.8303 0.0729
vn 0.8278 -0.5589 0.0491
vn 0.8279 -0.5588 0.0489
vn 0.9800 -0.1982 0.0173
vn 0.9800 -0.1983 0.0174
vn 0.1944 -0.9778 0.0777
vn 0.1933 -0.9780 0.0788
vn 0.5525 -0.8308 0.0666
vn 0.5530 -0.8305 0.0660
vn 0.8279 -0.5591 0.0445
vn 0.8277 -0.5594 0.0449
vn 0.9800 -0.1985 0.0159
vn 0.9800 -0.1984 0.0158
vn 0.1933 -0.9786 0.0706
vn 0.1932 -0.9786 0.0707
vn 0.5530 -0.8310 0.0598
vn 0.5528 -0.8311 0.0600
vn 0.8277 -0.5597 0.0405
vn 0.8278 -0.5596 0.0403
vn 0.9800 -0.1985 0.0143
vn 0.1932 -0.9791 0.0636
vn 0.1942 -0.9790 0.0626
vn 0.5528 -0.8316 0.0539
vn 0.5527 -0.8316 0.0540
vn 0.8278 -0.5599 0.0360
vn 0.8275 -0.5602 0.0364
vn 0.9800 -0.1986 0.0129
vn 0.9800 -0.1985 0.0128
vn 0.1942 -0.9794 0.0555
vn 0.1941 -0.9794 0.0556
vn 0.5527 -0.8321 0.0470
vn 0.5525 -0.8322 0.0472
vn 0.8276 -0.5605 0.0320
vn 0.8277 -0.5603 0.0317
vn 0.9800 -0.1986 0.0115
vn 0.9800 -0.1985 0.0113
vn 0.1941 -0.9798 0.0484
vn 0.1941 -0.9798 0.0485
vn 0.5525 -0.8325 0.0410
vn 0.5523 -0.8326 0.0412
vn 0.8277 -0.5604 0.0280
vn 0.8279 -0.5602 0.0276
vn 0.9800 -0.1986 0.0096
vn 0.9800 -0.1989 0.0099
vn 0.1941 -0.9801 0.0414
vn 0.1940 -0.9801 0.0414
vn 0.5523 -0.8329 0.0350
vn 0.5522 -0.8330 0.0352
vn 0.8279 -0.5604 0.0233
vn 0.8277 -0.5606 0.0236
vn 0.9800 -0.1989 0.0085
vn 0.9800 -0.1987 0.0082
vn 0.1940 -0.9804 0.0333
vn 0.5522 -0.8332 0.0282
vn 0.5521 -0.8333 0.0283
vn 0.8277 -0.5608 0.0194
vn 0.8279 -0.5605 0.0190
vn 0.9800 -0.1988 0.0068
vn 0.9800 -0.1988 0.0069
vn 0.1940 -0.9807 0.0262
vn 0.1940 -0.9807 0.0263
vn 0.5521 -0.8335 0.0223
vn 0.8279 -0.5606 0.0148
vn 0.8278 -0.5609 0.0151
vn 0.9800 -0.1989 0.0052
vn 0.9800 -0.1989 0.0053
vn 0.1940 -0.9808 0.0182
vn 0.5521 -0.8337 0.0154
vn 0.5520 -0.8337 0.0155
vn 0.8278 -0.5610 0.0102
vn 0.8276 -0.5612 0.0104
vn 0.9800 -0.1990 0.0038
vn 0.9801 -0.1987 0.0035
vn 0.1940 -0.9809 0.0111
vn 0.5520 -0.8338 0.0095
vn 0.5519 -0.8338 0.0095
vn 0.8276 -0.5612 0.0068
vn 0.8279 -0.5608 0.0064
vn 0.9800 -0.1988 0.0022
vn 0.9800 -0.1990 0.0024
vn 0.1940 -0.9810 0.0040
vn 0.5519 -0.8339 0.0030
vn 0.5516 -0.8341 0.0034
vn 0.8279 -0.5609 0.0017
vn 0.8276 -0.5614 0.0023
vn 0.9800 -0.1990 0.0008
vn 0.9800 -0.1988 0.0006
vn -0.0000 -0.9855 0.1699
vn -0.0000 -0.9867 0.1627
vn -0.0000 -0.9878 0.1554
vn -0.0000 -0.9891 0.1472
vn -0.0000 -0.9901 0.1400
vn -0.0000 -0.9902 0.1400
vn -0.0000 -0.9913 0.1318
vn -0.0000 -0.9921 0.1256
vn -0.0000 -0.9931 0.1174
vn -0.0000 -0.9940 0.1091
vn -0.0000 -0.9947 0.1029
vn -0.0000 -0.9955 0.0947
vn -0.0000 -0.9963 0.0865
vn -0.0000 -0.9968 0.0803
vn -0.0000 -0.9974 0.0721
vn -0.0000 -0.9980 0.0638
vn -0.0000 -0.9984 0.0566
vn -0.0000 -0.9988 0.0494
vn -0.0000 -0.9991 0.0422
vn -0.0000 -0.9994 0.0340
vn -0.0000 -0.9996 0.0268
vn -0.0000 -0.9998 0.0185
vn -0.0000 -0.9999 0.0113
vn -0.0000 -1.0000 0.0041
vn -0.9808 -0.1925 0.0326
vn -0.9809 -0.1916 0.0332
vn -0.8307 -0.5490 0.0928
vn -0.8321 -0.5465 0.0949
vn -0.5546 -0.8205 0.1388
vn -0.5582 -0.8174 0.1426
vn -0.1958 -0.9664 0.1666
vn -0.1975 -0.9657 0.1683
vn -0.9809 -0.1919 0.0317
vn -0.9809 -0.1919 0.0316
vn -0.8321 -0.5473 0.0902
vn -0.8321 -0.5472 0.0903
vn -0.5582 -0.8187 0.1348
vn -0.5583 -0.8186 0.1350
vn -0.1975 -0.9672 0.1595
vn -0.1973 -0.9673 0.1592
vn -0.9809 -0.1922 0.0302
vn -0.9809 -0.1923 0.0301
vn -0.8321 -0.5480 0.0857
vn -0.8322 -0.5478 0.0858
vn -0.5583 -0.8196 0.1287
vn -0.5579 -0.8199 0.1283
vn -0.1973 -0.9684 0.1524
vn -0.1971 -0.9685 0.1522
vn -0.9809 -0.1925 0.0287
vn -0.8322 -0.5485 0.0817
vn -0.8322 -0.5484 0.0818
vn -0.5579 -0.8209 0.1220
vn -0.5582 -0.8206 0.1223
vn -0.1971 -0.9697 0.1443
vn -0.1969 -0.9698 0.1441
vn -0.9809 -0.1927 0.0273
vn -0.9808 -0.1929 0.0272
vn -0.8322 -0.5490 0.0777
vn -0.8323 -0.5489 0.0778
vn -0.5582 -0.8216 0.1159
vn -0.5585 -0.8213 0.1163
vn -0.1969 -0.9708 0.1373
vn -0.1967 -0.9708 0.1371
vn -0.9808 -0.1931 0.0259
vn -0.9809 -0.1930 0.0260
vn -0.8323 -0.5495 0.0732
vn -0.8324 -0.5493 0.0734
vn -0.5585 -0.8222 0.1100
vn -0.5581 -0.8225 0.1096
vn -0.1967 -0.9719 0.1292
vn -0.1974 -0.9717 0.1300
vn -0.9809 -0.1932 0.0242
vn -0.8324 -0.5499 0.0692
vn -0.8321 -0.5503 0.0688
vn -0.5581 -0.8232 0.1040
vn -0.5578 -0.8235 0.1037
vn -0.1974 -0.9726 0.1231
vn -0.1972 -0.9726 0.1229
vn -0.9809 -0.1934 0.0230
vn -0.9809 -0.1933 0.0230
vn -0.8321 -0.5507 0.0653
vn -0.8322 -0.5506 0.0654
vn -0.5578 -0.8242 0.0973
vn -0.5582 -0.8239 0.0977
vn -0.1972 -0.9736 0.1151
vn -0.1971 -0.9736 0.1149
vn -0.9809 -0.1935 0.0212
vn -0.8322 -0.5511 0.0606
vn -0.8321 -0.5514 0.0604
vn -0.5582 -0.8247 0.0912
vn -0.5579 -0.8249 0.0908
vn -0.1971 -0.9745 0.1070
vn -0.1979 -0.9743 0.1078
vn -0.9809 -0.1936 0.0201
vn -0.9809 -0.1937 0.0201
vn -0.8321 -0.5518 0.0568
vn -0.8322 -0.5515 0.0571
vn -0.5579 -0.8256 0.0845
vn -0.5583 -0.8253 0.0849
vn -0.1979 -0.9750 0.1009
vn -0.1968 -0.9754 0.0998
vn -0.9809 -0.1938 0.0184
vn -0.9808 -0.1940 0.0183
vn -0.8322 -0.5520 0.0522
vn -0.8324 -0.5517 0.0524
vn -0.5583 -0.8259 0.0784
vn -0.5581 -0.8261 0.0782
vn -0.1968 -0.9760 0.0929
vn -0.1966 -0.9761 0.0927
vn -0.9808 -0.1941 0.0170
vn -0.9808 -0.1940 0.0171
vn -0.8324 -0.5521 0.0488
vn -0.8322 -0.5524 0.0485
vn -0.5581 -0.8266 0.0725
vn -0.5585 -0.8263 0.0730
vn -0.1966 -0.9768 0.0848
vn -0.1975 -0.9766 0.0857
vn -0.9808 -0.1942 0.0155
vn -0.9808 -0.1943 0.0154
vn -0.8322 -0.5528 0.0436
vn -0.8324 -0.5524 0.0440
vn -0.5585 -0.8269 0.0657
vn -0.5582 -0.8271 0.0653
vn -0.1975 -0.9771 0.0787
vn -0.1964 -0.9775 0.0776
vn -0.9808 -0.1944 0.0142
vn -0.8324 -0.5527 0.0403
vn -0.8323 -0.5529 0.0401
vn -0.5582 -0.8275 0.0605
vn -0.5581 -0.8276 0.0603
vn -0.1964 -0.9780 0.0707
vn -0.1972 -0.9777 0.0715
vn -0.9808 -0.1945 0.0125
vn -0.9808 -0.1944 0.0126
vn -0.8323 -0.5532 0.0357
vn -0.8322 -0.5534 0.0355
vn -0.5581 -0.8281 0.0529
vn -0.5586 -0.8277 0.0535
vn -0.1972 -0.9784 0.0626
vn -0.1971 -0.9784 0.0625
vn -0.9808 -0.1945 0.0111
vn -0.9808 -0.1946 0.0110
vn -0.8322 -0.5536 0.0312
vn -0.8324 -0.5533 0.0316
vn -0.5586 -0.8281 0.0477
vn -0.5578 -0.8287 0.0467
vn -0.1971 -0.9788 0.0555
vn -0.1980 -0.9786 0.0564
vn -0.9808 -0.1946 0.0095
vn -0.9809 -0.1945 0.0096
vn -0.8324 -0.5535 0.0278
vn -0.8320 -0.5541 0.0271
vn -0.5578 -0.8290 0.0410
vn -0.5583 -0.8286 0.0416
vn -0.1980 -0.9790 0.0484
vn -0.1979 -0.9790 0.0484
vn -0.9809 -0.1946 0.0082
vn -0.9808 -0.1947 0.0081
vn -0.8320 -0.5543 0.0226
vn -0.8323 -0.5538 0.0232
vn -0.5583 -0.8289 0.0341
vn -0.5582 -0.8290 0.0339
vn -0.1979 -0.9793 0.0414
vn -0.1969 -0.9796 0.0403
vn -0.9808 -0.1948 0.0067
vn -0.8323 -0.5540 0.0193
vn -0.8322 -0.5541 0.0192
vn -0.5582 -0.8292 0.0282
vn -0.5588 -0.8288 0.0289
vn -0.1969 -0.9799 0.0333
vn -0.1968 -0.9799 0.0333
vn -0.9808 -0.1949 0.0052
vn -0.9808 -0.1949 0.0051
vn -0.8322 -0.5542 0.0148
vn -0.8322 -0.5543 0.0147
vn -0.5588 -0.8290 0.0221
vn -0.1968 -0.9801 0.0262
vn -0.9808 -0.1949 0.0037
vn -0.8322 -0.5544 0.0102
vn -0.5588 -0.8292 0.0162
vn -0.5580 -0.8297 0.0153
vn -0.1968 -0.9803 0.0182
vn -0.1977 -0.9801 0.0191
vn -0.9808 -0.1949 0.0022
vn -0.8322 -0.5544 0.0062
vn -0.8322 -0.5545 0.0062
vn -0.5580 -0.8298 0.0093
vn -0.1977 -0.9802 0.0111
vn -0.9808 -0.1949 0.0008
vn -0.8322 -0.5545 0.0026
vn -0.8323 -0.5543 0.0025
vn -0.5580 -0.8298 0.0031
vn -0.5577 -0.8300 0.0035
vn -0.1977 -0.9803 0.0033
vn -0.1970 -0.9804 0.0040
vn -0.0489 -0.9988 0.0036
vn -0.0489 -0.9987 0.0117
vn -0.0489 -0.9986 0.0188
vn -0.0489 -0.9984 0.0269
vn -0.0490 -0.9982 0.0341
vn -0.0489 -0.9982 0.0341
vn -0.0490 -0.9979 0.0412
vn -0.0490 -0.9976 0.0493
vn -0.0500 -0.9972 0.0565
vn -0.0490 -0.9972 0.0574
vn -0.0490 -0.9967 0.0645
vn -0.0500 -0.9967 0.0637
vn -0.0491 -0.9962 0.0726
vn -0.0490 -0.9962 0.0726
vn -0.0491 -0.9957 0.0789
vn -0.0491 -0.9950 0.0869
vn -0.0491 -0.9950 0.0870
vn -0.0491 -0.9943 0.0950
vn -0.0492 -0.9935 0.1022
vn -0.0491 -0.9935 0.1022
vn -0.0492 -0.9928 0.1093
vn -0.0492 -0.9928 0.1094
vn -0.0493 -0.9919 0.1174
vn -0.0492 -0.9919 0.1175
vn -0.0493 -0.9910 0.1246
vn -0.0484 -0.9900 0.1326
vn -0.0493 -0.9900 0.1318
vn -0.0484 -0.9890 0.1398
vn -0.0484 -0.9890 0.1399
vn -0.0495 -0.9879 0.1470
vn -0.0484 -0.9878 0.1479
vn -0.0485 -0.9867 0.1551
vn -0.0495 -0.9868 0.1542
vn -0.0486 -0.9856 0.1622
vn -0.0485 -0.9856 0.1623
vn -0.0486 -0.9843 0.1694
vn -0.0504 -0.9840 0.1710
vn -0.1467 -0.9892 0.0036
vn -0.1468 -0.9891 0.0115
vn -0.1467 -0.9891 0.0116
vn -0.1468 -0.9890 0.0186
vn -0.1468 -0.9890 0.0187
vn -0.1468 -0.9888 0.0266
vn -0.1468 -0.9888 0.0267
vn -0.1468 -0.9886 0.0337
vn -0.1468 -0.9886 0.0338
vn -0.1469 -0.9883 0.0408
vn -0.1468 -0.9883 0.0409
vn -0.1469 -0.9879 0.0488
vn -0.1469 -0.9879 0.0489
vn -0.1460 -0.9876 0.0568
vn -0.1469 -0.9876 0.0560
vn -0.1471 -0.9871 0.0630
vn -0.1460 -0.9872 0.0640
vn -0.1462 -0.9866 0.0719
vn -0.1471 -0.9866 0.0711
vn -0.1472 -0.9860 0.0781
vn -0.1462 -0.9861 0.0791
vn -0.1473 -0.9853 0.0861
vn -0.1472 -0.9853 0.0862
vn -0.1464 -0.9847 0.0941
vn -0.1473 -0.9847 0.0933
vn -0.1465 -0.9840 0.1012
vn -0.1464 -0.9840 0.1013
vn -0.1467 -0.9832 0.1083
vn -0.1465 -0.9832 0.1085
vn -0.1468 -0.9823 0.1163
vn -0.1467 -0.9823 0.1164
vn -0.1469 -0.9814 0.1234
vn -0.1468 -0.9814 0.1236
vn -0.1471 -0.9805 0.1305
vn -0.1469 -0.9805 0.1307
vn -0.1472 -0.9794 0.1385
vn -0.1471 -0.9794 0.1386
vn -0.1464 -0.9783 0.1465
vn -0.1472 -0.9783 0.1458
vn -0.1466 -0.9773 0.1527
vn -0.1464 -0.9773 0.1529
vn -0.1467 -0.9760 0.1607
vn -0.1466 -0.9760 0.1609
vn -0.1467 -0.9749 0.1672
vn -0.1493 -0.9742 0.1693
vn -0.2435 -0.9699 0.0035
vn -0.2426 -0.9701 0.0113
vn -0.2435 -0.9698 0.0105
vn -0.2426 -0.9700 0.0183
vn -0.2427 -0.9698 0.0261
vn -0.2426 -0.9698 0.0262
vn -0.2427 -0.9695 0.0331
vn -0.2427 -0.9695 0.0332
vn -0.2428 -0.9692 0.0401
vn -0.2427 -0.9693 0.0402
vn -0.2429 -0.9689 0.0479
vn -0.2428 -0.9689 0.0480
vn -0.2430 -0.9685 0.0549
vn -0.2429 -0.9685 0.0550
vn -0.2431 -0.9680 0.0627
vn -0.2430 -0.9680 0.0629
vn -0.2432 -0.9675 0.0697
vn -0.2431 -0.9675 0.0698
vn -0.2424 -0.9671 0.0776
vn -0.2432 -0.9669 0.0768
vn -0.2425 -0.9664 0.0846
vn -0.2424 -0.9665 0.0847
vn -0.2427 -0.9658 0.0915
vn -0.2425 -0.9658 0.0917
vn -0.2429 -0.9650 0.0994
vn -0.2427 -0.9650 0.0995
vn -0.2431 -0.9642 0.1063
vn -0.2429 -0.9642 0.1065
vn -0.2423 -0.9635 0.1142
vn -0.2431 -0.9633 0.1135
vn -0.2425 -0.9625 0.1212
vn -0.2423 -0.9626 0.1214
vn -0.2428 -0.9616 0.1281
vn -0.2425 -0.9616 0.1284
vn -0.2430 -0.9604 0.1360
vn -0.2428 -0.9605 0.1362
vn -0.2433 -0.9594 0.1429
vn -0.2430 -0.9594 0.1432
vn -0.2435 -0.9582 0.1499
vn -0.2433 -0.9583 0.1502
vn -0.2429 -0.9571 0.1578
vn -0.2435 -0.9571 0.1571
vn -0.2429 -0.9561 0.1641
vn -0.2441 -0.9556 0.1651
vn -0.3364 -0.9417 0.0034
vn -0.3370 -0.9415 0.0028
vn -0.3373 -0.9413 0.0102
vn -0.3364 -0.9417 0.0110
vn -0.3373 -0.9412 0.0178
vn -0.3374 -0.9410 0.0254
vn -0.3373 -0.9410 0.0255
vn -0.3366 -0.9411 0.0322
vn -0.3374 -0.9408 0.0314
vn -0.3375 -0.9405 0.0390
vn -0.3366 -0.9408 0.0399
vn -0.3368 -0.9404 0.0466
vn -0.3375 -0.9402 0.0459
vn -0.3369 -0.9400 0.0534
vn -0.3368 -0.9401 0.0535
vn -0.3370 -0.9395 0.0610
vn -0.3369 -0.9396 0.0612
vn -0.3372 -0.9390 0.0678
vn -0.3370 -0.9390 0.0679
vn -0.3374 -0.9384 0.0746
vn -0.3372 -0.9385 0.0747
vn -0.3367 -0.9380 0.0822
vn -0.3374 -0.9378 0.0815
vn -0.3369 -0.9373 0.0890
vn -0.3367 -0.9374 0.0892
vn -0.3371 -0.9365 0.0966
vn -0.3369 -0.9366 0.0968
vn -0.3374 -0.9357 0.1034
vn -0.3371 -0.9357 0.1036
vn -0.3376 -0.9348 0.1101
vn -0.3374 -0.9349 0.1104
vn -0.3370 -0.9341 0.1178
vn -0.3376 -0.9340 0.1172
vn -0.3373 -0.9331 0.1246
vn -0.3370 -0.9332 0.1248
vn -0.3367 -0.9323 0.1322
vn -0.3373 -0.9321 0.1316
vn -0.3362 -0.9315 0.1390
vn -0.3367 -0.9314 0.1385
vn -0.3365 -0.9303 0.1458
vn -0.3362 -0.9304 0.1461
vn -0.3369 -0.9291 0.1525
vn -0.3365 -0.9292 0.1529
vn -0.3369 -0.9281 0.1586
vn -0.3397 -0.9267 0.1610
vn -0.4279 -0.9038 0.0031
vn -0.4280 -0.9038 0.0030
vn -0.4279 -0.9037 0.0106
vn -0.4279 -0.9038 0.0106
vn -0.4272 -0.9040 0.0171
vn -0.4279 -0.9037 0.0164
vn -0.4272 -0.9038 0.0245
vn -0.4281 -0.9032 0.0302
vn -0.4272 -0.9036 0.0311
vn -0.4274 -0.9032 0.0383
vn -0.4282 -0.9029 0.0376
vn -0.4276 -0.9029 0.0440
vn -0.4274 -0.9030 0.0442
vn -0.4277 -0.9025 0.0514
vn -0.4276 -0.9025 0.0515
vn -0.4270 -0.9023 0.0587
vn -0.4277 -0.9021 0.0581
vn -0.4272 -0.9018 0.0652
vn -0.4270 -0.9019 0.0654
vn -0.4274 -0.9012 0.0718
vn -0.4272 -0.9013 0.0720
vn -0.4277 -0.9005 0.0783
vn -0.4274 -0.9006 0.0785
vn -0.4279 -0.8997 0.0856
vn -0.4277 -0.8998 0.0859
vn -0.4274 -0.8993 0.0930
vn -0.4279 -0.8991 0.0924
vn -0.4268 -0.8988 0.0995
vn -0.4274 -0.8986 0.0990
vn -0.4271 -0.8979 0.1060
vn -0.4268 -0.8981 0.1064
vn -0.4275 -0.8970 0.1125
vn -0.4271 -0.8971 0.1129
vn -0.4278 -0.8959 0.1199
vn -0.4275 -0.8960 0.1202
vn -0.4274 -0.8952 0.1264
vn -0.4278 -0.8950 0.1259
vn -0.4278 -0.8941 0.1329
vn -0.4274 -0.8942 0.1333
vn -0.4281 -0.8928 0.1402
vn -0.4278 -0.8929 0.1406
vn -0.4278 -0.8919 0.1468
vn -0.4281 -0.8918 0.1464
vn -0.4278 -0.8908 0.1531
vn -0.4295 -0.8897 0.1546
vn -0.5137 -0.8579 0.0032
vn -0.5146 -0.8575 0.0024
vn -0.5138 -0.8579 0.0101
vn -0.5137 -0.8579 0.0101
vn -0.5146 -0.8573 0.0155
vn -0.5138 -0.8578 0.0164
vn -0.5139 -0.8575 0.0233
vn -0.5146 -0.8572 0.0226
vn -0.5140 -0.8573 0.0295
vn -0.5139 -0.8573 0.0296
vn -0.5141 -0.8570 0.0357
vn -0.5140 -0.8570 0.0358
vn -0.5142 -0.8566 0.0419
vn -0.5141 -0.8567 0.0420
vn -0.5144 -0.8562 0.0489
vn -0.5142 -0.8562 0.0490
vn -0.5146 -0.8557 0.0551
vn -0.5144 -0.8558 0.0553
vn -0.5140 -0.8555 0.0621
vn -0.5146 -0.8552 0.0615
vn -0.5143 -0.8549 0.0683
vn -0.5140 -0.8550 0.0685
vn -0.5145 -0.8542 0.0745
vn -0.5143 -0.8544 0.0748
vn -0.5141 -0.8539 0.0815
vn -0.5145 -0.8536 0.0810
vn -0.5144 -0.8531 0.0877
vn -0.5141 -0.8532 0.0880
vn -0.5147 -0.8522 0.0939
vn -0.5144 -0.8524 0.0942
vn -0.5142 -0.8517 0.1009
vn -0.5147 -0.8515 0.1004
vn -0.5139 -0.8512 0.1071
vn -0.5142 -0.8510 0.1067
vn -0.5135 -0.8505 0.1141
vn -0.5139 -0.8503 0.1137
vn -0.5139 -0.8495 0.1195
vn -0.5135 -0.8497 0.1200
vn -0.5143 -0.8482 0.1265
vn -0.5139 -0.8484 0.1269
vn -0.5140 -0.8473 0.1334
vn -0.5143 -0.8472 0.1331
vn -0.5145 -0.8462 0.1389
vn -0.5140 -0.8464 0.1394
vn -0.5145 -0.8451 0.1453
vn -0.5150 -0.8447 0.1458
vn -0.5960 -0.8030 0.0026
vn -0.5954 -0.8034 0.0032
vn -0.5953 -0.8034 0.0095
vn -0.5960 -0.8030 0.0088
vn -0.5954 -0.8033 0.0153
vn -0.5953 -0.8033 0.0154
vn -0.5955 -0.8031 0.0212
vn -0.5954 -0.8031 0.0212
vn -0.5956 -0.8028 0.0277
vn -0.5955 -0.8029 0.0278
vn -0.5957 -0.8025 0.0335
vn -0.5956 -0.8026 0.0337
vn -0.5958 -0.8021 0.0394
vn -0.5957 -0.8022 0.0395
vn -0.5954 -0.8021 0.0460
vn -0.5958 -0.8018 0.0454
vn -0.5955 -0.8017 0.0518
vn -0.5954 -0.8018 0.0520
vn -0.5957 -0.8011 0.0576
vn -0.5955 -0.8012 0.0578
vn -0.5953 -0.8009 0.0642
vn -0.5958 -0.8006 0.0637
vn -0.5956 -0.8002 0.0700
vn -0.5953 -0.8004 0.0703
vn -0.5958 -0.7995 0.0758
vn -0.5956 -0.7997 0.0761
vn -0.5955 -0.7991 0.0824
vn -0.5958 -0.7989 0.0820
vn -0.5952 -0.7987 0.0883
vn -0.5955 -0.7985 0.0879
vn -0.5955 -0.7978 0.0941
vn -0.5952 -0.7980 0.0945
vn -0.5959 -0.7969 0.0999
vn -0.5955 -0.7971 0.1003
vn -0.5962 -0.7957 0.1064
vn -0.5959 -0.7959 0.1069
vn -0.5960 -0.7951 0.1123
vn -0.5962 -0.7950 0.1120
vn -0.5958 -0.7943 0.1188
vn -0.5960 -0.7942 0.1186
vn -0.5956 -0.7936 0.1247
vn -0.5958 -0.7935 0.1245
vn -0.5954 -0.7928 0.1306
vn -0.5956 -0.7927 0.1303
vn -0.5954 -0.7920 0.1352
vn -0.5972 -0.7903 0.1369
vn -0.6715 -0.7410 0.0033
vn -0.6723 -0.7403 0.0024
vn -0.6721 -0.7404 0.0081
vn -0.6715 -0.7409 0.0088
vn -0.6716 -0.7408 0.0142
vn -0.6721 -0.7403 0.0136
vn -0.6717 -0.7406 0.0196
vn -0.6716 -0.7406 0.0197
vn -0.6712 -0.7408 0.0257
vn -0.6717 -0.7404 0.0251
vn -0.6713 -0.7405 0.0311
vn -0.6712 -0.7406 0.0312
vn -0.6715 -0.7401 0.0365
vn -0.6713 -0.7402 0.0366
vn -0.6716 -0.7397 0.0419
vn -0.6715 -0.7398 0.0421
vn -0.6713 -0.7397 0.0480
vn -0.6716 -0.7393 0.0475
vn -0.6715 -0.7391 0.0534
vn -0.6713 -0.7393 0.0536
vn -0.6717 -0.7385 0.0588
vn -0.6715 -0.7387 0.0590
vn -0.6714 -0.7383 0.0648
vn -0.6717 -0.7380 0.0644
vn -0.6716 -0.7375 0.0702
vn -0.6714 -0.7378 0.0706
vn -0.6714 -0.7373 0.0757
vn -0.6716 -0.7370 0.0753
vn -0.6717 -0.7364 0.0810
vn -0.6714 -0.7366 0.0814
vn -0.6714 -0.7359 0.0871
vn -0.6717 -0.7357 0.0868
vn -0.6718 -0.7349 0.0925
vn -0.6714 -0.7352 0.0930
vn -0.6710 -0.7348 0.0987
vn -0.6718 -0.7343 0.0977
vn -0.6714 -0.7338 0.1034
vn -0.6710 -0.7341 0.1039
vn -0.6713 -0.7331 0.1094
vn -0.6714 -0.7330 0.1092
vn -0.6712 -0.7324 0.1149
vn -0.6713 -0.7323 0.1147
vn -0.6716 -0.7311 0.1202
vn -0.6712 -0.7314 0.1208
vn -0.6716 -0.7302 0.1253
vn -0.6724 -0.7294 0.1261
vn -0.7409 -0.6716 0.0025
vn -0.7410 -0.6715 0.0024
vn -0.7409 -0.6715 0.0080
vn -0.7409 -0.6716 0.0080
vn -0.7410 -0.6714 0.0123
vn -0.7409 -0.6715 0.0124
vn -0.7411 -0.6712 0.0178
vn -0.7410 -0.6713 0.0179
vn -0.7411 -0.6710 0.0227
vn -0.7411 -0.6711 0.0229
vn -0.7408 -0.6711 0.0283
vn -0.7411 -0.6708 0.0278
vn -0.7409 -0.6708 0.0332
vn -0.7408 -0.6709 0.0334
vn -0.7411 -0.6704 0.0381
vn -0.7409 -0.6705 0.0383
vn -0.7412 -0.6699 0.0430
vn -0.7411 -0.6700 0.0433
vn -0.7409 -0.6698 0.0486
vn -0.7412 -0.6695 0.0482
vn -0.7412 -0.6692 0.0535
vn -0.7409 -0.6694 0.0538
vn -0.7409 -0.6691 0.0584
vn -0.7412 -0.6688 0.0581
vn -0.7407 -0.6688 0.0640
vn -0.7409 -0.6686 0.0637
vn -0.7409 -0.6681 0.0683
vn -0.7407 -0.6683 0.0686
vn -0.7412 -0.6672 0.0738
vn -0.7409 -0.6675 0.0742
vn -0.7411 -0.6668 0.0787
vn -0.7412 -0.6667 0.0785
vn -0.7409 -0.6663 0.0842
vn -0.7411 -0.6662 0.0840
vn -0.7413 -0.6654 0.0885
vn -0.7409 -0.6657 0.0890
vn -0.7411 -0.6647 0.0941
vn -0.7413 -0.6646 0.0939
vn -0.7411 -0.6641 0.0990
vn -0.7411 -0.6640 0.0989
vn -0.7410 -0.6634 0.1039
vn -0.7411 -0.6634 0.1038
vn -0.7410 -0.6626 0.1094
vn -0.7410 -0.6625 0.1094
vn -0.7410 -0.6619 0.1134
vn -0.7421 -0.6604 0.1146
vn -0.8031 -0.5958 0.0025
vn -0.8037 -0.5951 0.0016
vn -0.8032 -0.5957 0.0071
vn -0.8031 -0.5958 0.0072
vn -0.8032 -0.5956 0.0110
vn -0.8032 -0.5957 0.0110
vn -0.8033 -0.5954 0.0159
vn -0.8032 -0.5955 0.0160
vn -0.8033 -0.5952 0.0203
vn -0.8032 -0.5953 0.0204
vn -0.8034 -0.5949 0.0247
vn -0.8033 -0.5950 0.0248
vn -0.8032 -0.5950 0.0296
vn -0.8034 -0.5947 0.0292
vn -0.8033 -0.5946 0.0340
vn -0.8032 -0.5948 0.0342
vn -0.8031 -0.5947 0.0384
vn -0.8033 -0.5944 0.0380
vn -0.8032 -0.5942 0.0428
vn -0.8031 -0.5943 0.0430
vn -0.8030 -0.5940 0.0477
vn -0.8032 -0.5938 0.0474
vn -0.8032 -0.5935 0.0515
vn -0.8030 -0.5937 0.0518
vn -0.8034 -0.5927 0.0564
vn -0.8032 -0.5930 0.0568
vn -0.8033 -0.5925 0.0608
vn -0.8034 -0.5923 0.0606
vn -0.8032 -0.5921 0.0658
vn -0.8033 -0.5920 0.0656
vn -0.8034 -0.5914 0.0696
vn -0.8032 -0.5916 0.0700
vn -0.8033 -0.5909 0.0745
vn -0.8034 -0.5908 0.0744
vn -0.8032 -0.5904 0.0789
vn -0.8033 -0.5903 0.0788
vn -0.8032 -0.5899 0.0833
vn -0.8032 -0.5898 0.0832
vn -0.8031 -0.5893 0.0877
vn -0.8032 -0.5892 0.0877
vn -0.8035 -0.5882 0.0921
vn -0.8031 -0.5885 0.0926
vn -0.8031 -0.5879 0.0970
vn -0.8035 -0.5875 0.0964
vn -0.8031 -0.5872 0.1011
vn -0.8035 -0.5866 0.1016
vn -0.8578 -0.5140 0.0017
vn -0.8579 -0.5137 0.0015
vn -0.8576 -0.5143 0.0062
vn -0.8578 -0.5139 0.0057
vn -0.8579 -0.5138 0.0095
vn -0.8576 -0.5143 0.0101
vn -0.8576 -0.5141 0.0138
vn -0.8579 -0.5137 0.0134
vn -0.8577 -0.5138 0.0176
vn -0.8576 -0.5139 0.0177
vn -0.8578 -0.5136 0.0214
vn -0.8577 -0.5137 0.0215
vn -0.8579 -0.5133 0.0252
vn -0.8578 -0.5134 0.0254
vn -0.8577 -0.5133 0.0295
vn -0.8579 -0.5131 0.0292
vn -0.8578 -0.5129 0.0328
vn -0.8577 -0.5131 0.0330
vn -0.8577 -0.5129 0.0371
vn -0.8578 -0.5127 0.0368
vn -0.8578 -0.5124 0.0409
vn -0.8577 -0.5126 0.0412
vn -0.8579 -0.5118 0.0447
vn -0.8578 -0.5120 0.0450
vn -0.8576 -0.5120 0.0490
vn -0.8579 -0.5115 0.0483
vn -0.8577 -0.5114 0.0523
vn -0.8576 -0.5117 0.0527
vn -0.8577 -0.5111 0.0566
vn -0.8577 -0.5110 0.0565
vn -0.8576 -0.5108 0.0604
vn -0.8577 -0.5107 0.0603
vn -0.8575 -0.5104 0.0643
vn -0.8576 -0.5103 0.0642
vn -0.8578 -0.5095 0.0680
vn -0.8575 -0.5098 0.0685
vn -0.8577 -0.5090 0.0718
vn -0.8578 -0.5090 0.0718
vn -0.8577 -0.5085 0.0757
vn -0.8577 -0.5085 0.0756
vn -0.8577 -0.5079 0.0799
vn -0.8577 -0.5073 0.0833
vn -0.8577 -0.5067 0.0871
vn -0.8583 -0.5055 0.0880
vn -0.9040 -0.4276 0.0016
vn -0.9041 -0.4273 0.0013
vn -0.9040 -0.4276 0.0048
vn -0.9040 -0.4275 0.0084
vn -0.9040 -0.4273 0.0111
vn -0.9040 -0.4274 0.0112
vn -0.9039 -0.4275 0.0147
vn -0.9040 -0.4272 0.0144
vn -0.9039 -0.4273 0.0179
vn -0.9039 -0.4274 0.0180
vn -0.9040 -0.4270 0.0211
vn -0.9039 -0.4271 0.0212
vn -0.9039 -0.4271 0.0243
vn -0.9040 -0.4268 0.0240
vn -0.9040 -0.4267 0.0275
vn -0.9039 -0.4269 0.0276
vn -0.9041 -0.4263 0.0306
vn -0.9040 -0.4265 0.0308
vn -0.9040 -0.4262 0.0342
vn -0.9041 -0.4261 0.0340
vn -0.9039 -0.4261 0.0374
vn -0.9040 -0.4260 0.0373
vn -0.9040 -0.4256 0.0402
vn -0.9039 -0.4258 0.0405
vn -0.9040 -0.4254 0.0438
vn -0.9040 -0.4253 0.0437
vn -0.9039 -0.4251 0.0470
vn -0.9040 -0.4250 0.0469
vn -0.9041 -0.4245 0.0501
vn -0.9039 -0.4247 0.0505
vn -0.9040 -0.4241 0.0533
vn -0.9041 -0.4241 0.0532
vn -0.9038 -0.4241 0.0570
vn -0.9040 -0.4237 0.0565
vn -0.9040 -0.4234 0.0597
vn -0.9038 -0.4237 0.0601
vn -0.9040 -0.4229 0.0629
vn -0.9040 -0.4223 0.0665
vn -0.9040 -0.4218 0.0692
vn -0.9040 -0.4219 0.0693
vn -0.9040 -0.4212 0.0728
vn -0.9041 -0.4210 0.0730
vn -0.9415 -0.3369 0.0013
vn -0.9418 -0.3363 0.0008
vn -0.9416 -0.3368 0.0038
vn -0.9415 -0.3369 0.0038
vn -0.9415 -0.3371 0.0066
vn -0.9416 -0.3368 0.0064
vn -0.9415 -0.3369 0.0088
vn -0.9415 -0.3370 0.0089
vn -0.9416 -0.3365 0.0114
vn -0.9415 -0.3369 0.0118
vn -0.9415 -0.3366 0.0142
vn -0.9416 -0.3364 0.0140
vn -0.9415 -0.3367 0.0167
vn -0.9415 -0.3365 0.0165
vn -0.9416 -0.3361 0.0189
vn -0.9415 -0.3365 0.0194
vn -0.9416 -0.3361 0.0218
vn -0.9416 -0.3360 0.0216
vn -0.9415 -0.3361 0.0243
vn -0.9416 -0.3360 0.0241
vn -0.9416 -0.3357 0.0268
vn -0.9415 -0.3359 0.0270
vn -0.9415 -0.3357 0.0294
vn -0.9416 -0.3355 0.0292
vn -0.9416 -0.3352 0.0319
vn -0.9415 -0.3354 0.0321
vn -0.9416 -0.3351 0.0344
vn -0.9416 -0.3350 0.0343
vn -0.9417 -0.3345 0.0369
vn -0.9416 -0.3348 0.0372
vn -0.9415 -0.3346 0.0398
vn -0.9417 -0.3343 0.0394
vn -0.9415 -0.3344 0.0420
vn -0.9415 -0.3343 0.0419
vn -0.9416 -0.3337 0.0445
vn -0.9415 -0.3340 0.0448
vn -0.9415 -0.3337 0.0474
vn -0.9416 -0.3334 0.0470
vn -0.9416 -0.3330 0.0495
vn -0.9415 -0.3333 0.0499
vn -0.9415 -0.3329 0.0524
vn -0.9416 -0.3326 0.0521
vn -0.9415 -0.3325 0.0546
vn -0.9415 -0.3325 0.0547
vn -0.9415 -0.3320 0.0571
vn -0.9420 -0.3306 0.0581
vn -0.9700 -0.2430 0.0012
vn -0.9702 -0.2422 0.0005
vn -0.9700 -0.2430 0.0028
vn -0.9700 -0.2429 0.0046
vn -0.9700 -0.2428 0.0064
vn -0.9700 -0.2429 0.0065
vn -0.9700 -0.2429 0.0085
vn -0.9700 -0.2428 0.0083
vn -0.9700 -0.2428 0.0101
vn -0.9700 -0.2429 0.0102
vn -0.9700 -0.2426 0.0119
vn -0.9700 -0.2427 0.0120
vn -0.9700 -0.2427 0.0140
vn -0.9700 -0.2425 0.0138
vn -0.9700 -0.2425 0.0156
vn -0.9700 -0.2426 0.0157
vn -0.9701 -0.2422 0.0174
vn -0.9700 -0.2423 0.0175
vn -0.9700 -0.2424 0.0195
vn -0.9701 -0.2421 0.0191
vn -0.9700 -0.2421 0.0211
vn -0.9700 -0.2423 0.0212
vn -0.9700 -0.2420 0.0232
vn -0.9700 -0.2419 0.0231
vn -0.9700 -0.2417 0.0247
vn -0.9700 -0.2418 0.0249
vn -0.9700 -0.2417 0.0268
vn -0.9700 -0.2415 0.0265
vn -0.9700 -0.2413 0.0284
vn -0.9700 -0.2415 0.0286
vn -0.9700 -0.2412 0.0303
vn -0.9700 -0.2411 0.0302
vn -0.9700 -0.2409 0.0323
vn -0.9700 -0.2407 0.0339
vn -0.9700 -0.2404 0.0360
vn -0.9700 -0.2401 0.0376
vn -0.9700 -0.2397 0.0394
vn -0.9700 -0.2398 0.0395
vn -0.9700 -0.2393 0.0421
vn -0.9699 -0.2397 0.0418
vn -0.9892 -0.1467 0.0009
vn -0.9893 -0.1460 0.0002
vn -0.9892 -0.1467 0.0017
vn -0.9892 -0.1468 0.0028
vn -0.9892 -0.1467 0.0027
vn -0.9892 -0.1467 0.0039
vn -0.9892 -0.1468 0.0039
vn -0.9892 -0.1467 0.0050
vn -0.9892 -0.1467 0.0051
vn -0.9892 -0.1466 0.0061
vn -0.9892 -0.1466 0.0062
vn -0.9892 -0.1466 0.0072
vn -0.9892 -0.1465 0.0072
vn -0.9892 -0.1465 0.0084
vn -0.9892 -0.1465 0.0095
vn -0.9892 -0.1464 0.0094
vn -0.9892 -0.1465 0.0106
vn -0.9892 -0.1464 0.0105
vn -0.9892 -0.1462 0.0116
vn -0.9892 -0.1464 0.0118
vn -0.9892 -0.1461 0.0128
vn -0.9892 -0.1461 0.0139
vn -0.9892 -0.1460 0.0139
vn -0.9892 -0.1460 0.0151
vn -0.9892 -0.1460 0.0150
vn -0.9892 -0.1458 0.0160
vn -0.9892 -0.1459 0.0161
vn -0.9892 -0.1458 0.0173
vn -0.9892 -0.1457 0.0171
vn -0.9892 -0.1455 0.0182
vn -0.9892 -0.1457 0.0184
vn -0.9892 -0.1454 0.0195
vn -0.9892 -0.1453 0.0205
vn -0.9892 -0.1452 0.0217
vn -0.9892 -0.1451 0.0216
vn -0.9892 -0.1450 0.0227
vn -0.9892 -0.1451 0.0227
vn -0.9892 -0.1448 0.0238
vn -0.9892 -0.1448 0.0239
vn -0.9892 -0.1446 0.0253
vn -0.9891 -0.1449 0.0251
vn -0.9988 -0.0490 0.0005
vn -0.9988 -0.0487 0.0002
vn -0.9988 -0.0490 0.0006
vn -0.9988 -0.0490 0.0009
vn -0.9988 -0.0490 0.0013
vn -0.9988 -0.0490 0.0017
vn -0.9988 -0.0490 0.0021
vn -0.9988 -0.0489 0.0024
vn -0.9988 -0.0490 0.0024
vn -0.9988 -0.0489 0.0028
vn -0.9988 -0.0489 0.0031
vn -0.9988 -0.0489 0.0032
vn -0.9988 -0.0489 0.0035
vn -0.9988 -0.0489 0.0039
vn -0.9988 -0.0488 0.0039
vn -0.9988 -0.0488 0.0043
vn -0.9988 -0.0489 0.0043
vn -0.9988 -0.0488 0.0046
vn -0.9988 -0.0488 0.0050
vn -0.9988 -0.0488 0.0054
vn -0.9988 -0.0487 0.0054
vn -0.9988 -0.0487 0.0057
vn -0.9988 -0.0487 0.0058
vn -0.9988 -0.0486 0.0061
vn -0.9988 -0.0486 0.0065
vn -0.9988 -0.0485 0.0068
vn -0.9988 -0.0486 0.0069
vn -0.9988 -0.0485 0.0072
vn -0.9988 -0.0484 0.0076
vn -0.9988 -0.0484 0.0080
vn -0.9988 -0.0483 0.0083
vn -0.0000 -0.9854 0.1703
vn -0.0006 -0.9853 0.1708
vn 0.0001 -0.9854 0.1703
vn -0.0000 -0.9854 0.1700
vn -0.0005 -0.9854 0.1701
vn -0.0004 -0.9865 0.1639
vn 0.0001 -0.9866 0.1634
vn 0.0004 -0.9865 0.1637
vn 0.0001 -0.9865 0.1639
vn 0.0011 -0.9864 0.1643
vn 0.0017 -0.9864 0.1641
vn -0.0000 -0.9875 0.1577
vn -0.0005 -0.9874 0.1581
vn -0.0001 -0.9872 0.1592
vn 0.0018 -0.9875 0.1578
vn 0.0014 -0.9873 0.1590
vn 0.0010 -0.9872 0.1594
vn -0.0014 -0.9867 0.1625
vn -0.0012 -0.9873 0.1591
vn -0.0005 -0.9855 0.1696
vn -0.0012 -0.9867 0.1624
vn -0.0010 -0.9884 0.1518
vn -0.0009 -0.9884 0.1517
vn 0.0007 -0.9884 0.1520
vn 0.0009 -0.9884 0.1519
vn -0.0012 -0.9880 0.1542
vn 0.0008 -0.9884 0.1520
vn -0.0014 -0.9873 0.1589
vn 0.0013 -0.9881 0.1541
vn 0.0006 -0.9873 0.1588
vn -0.0017 -0.9894 0.1455
vn -0.0003 -0.9895 0.1444
vn -0.0003 -0.9891 0.1473
vn 0.0019 -0.9894 0.1455
vn -0.0005 -0.9888 0.1492
vn 0.0014 -0.9891 0.1473
vn -0.0006 -0.9885 0.1514
vn 0.0013 -0.9888 0.1492
vn -0.0024 -0.9879 0.1552
vn 0.0008 -0.9885 0.1514
vn -0.0010 -0.9901 0.1402
vn 0.0005 -0.9903 0.1390
vn 0.0004 -0.9901 0.1402
vn -0.0012 -0.9899 0.1417
vn -0.0014 -0.9895 0.1448
vn 0.0017 -0.9899 0.1417
vn -0.0021 -0.9891 0.1472
vn 0.0004 -0.9895 0.1448
vn -0.0005 -0.9911 0.1328
vn 0.0009 -0.9913 0.1317
vn -0.0013 -0.9910 0.1336
vn -0.0002 -0.9911 0.1328
vn -0.0015 -0.9908 0.1354
vn 0.0006 -0.9910 0.1336
vn -0.0004 -0.9905 0.1376
vn 0.0021 -0.9908 0.1354
vn -0.0023 -0.9902 0.1400
vn 0.0004 -0.9905 0.1376
vn 0.0001 -0.9920 0.1260
vn -0.0005 -0.9920 0.1264
vn -0.0015 -0.9919 0.1274
vn 0.0002 -0.9920 0.1260
vn -0.0011 -0.9916 0.1291
vn 0.0010 -0.9919 0.1274
vn -0.0002 -0.9915 0.1300
vn 0.0010 -0.9916 0.1290
vn -0.0019 -0.9911 0.1328
vn 0.0015 -0.9915 0.1300
vn -0.0014 -0.9928 0.1195
vn -0.0007 -0.9929 0.1190
vn -0.0008 -0.9927 0.1208
vn 0.0009 -0.9928 0.1195
vn -0.0007 -0.9926 0.1216
vn 0.0003 -0.9927 0.1208
vn -0.0009 -0.9923 0.1240
vn 0.0021 -0.9926 0.1216
vn -0.0006 -0.9922 0.1247
vn 0.0005 -0.9923 0.1240
vn -0.0013 -0.9935 0.1142
vn 0.0008 -0.9936 0.1127
vn -0.0000 -0.9934 0.1145
vn 0.0004 -0.9935 0.1142
vn -0.0010 -0.9933 0.1155
vn 0.0003 -0.9934 0.1145
vn 0.0003 -0.9933 0.1154
vn 0.0002 -0.9933 0.1155
vn -0.0015 -0.9931 0.1176
vn 0.0015 -0.9933 0.1154
vn 0.0003 -0.9943 0.1069
vn 0.0010 -0.9943 0.1063
vn -0.0005 -0.9942 0.1073
vn 0.0001 -0.9943 0.1069
vn -0.0009 -0.9941 0.1085
vn 0.0008 -0.9942 0.1073
vn -0.0014 -0.9941 0.1087
vn -0.0011 -0.9941 0.1085
vn 0.0001 -0.9940 0.1095
vn 0.0012 -0.9941 0.1087
vn 0.0005 -0.9950 0.0996
vn -0.0001 -0.9950 0.1000
vn -0.0005 -0.9950 0.1002
vn 0.0003 -0.9950 0.0996
vn -0.0001 -0.9949 0.1007
vn 0.0005 -0.9950 0.1002
vn -0.0021 -0.9948 0.1021
vn 0.0001 -0.9949 0.1007
vn 0.0001 -0.9948 0.1023
vn 0.0004 -0.9948 0.1021
vn -0.0003 -0.9955 0.0944
vn 0.0006 -0.9956 0.0937
vn -0.0000 -0.9956 0.0941
vn -0.0004 -0.9955 0.0944
vn -0.0000 -0.9956 0.0938
vn -0.0004 -0.9956 0.0941
vn -0.0005 -0.9955 0.0946
vn 0.0008 -0.9956 0.0938
vn -0.0002 -0.9955 0.0951
vn 0.0005 -0.9955 0.0946
vn 0.0005 -0.9962 0.0872
vn 0.0003 -0.9962 0.0874
vn -0.0006 -0.9962 0.0870
vn -0.0009 -0.9962 0.0872
vn -0.0006 -0.9961 0.0879
vn 0.0008 -0.9962 0.0870
vn 0.0007 -0.9961 0.0879
vn -0.0006 -0.9962 0.0871
vn 0.0004 -0.9962 0.0871
vn 0.0002 -0.9962 0.0870
vn 0.0002 -0.9967 0.0811
vn -0.0001 -0.9967 0.0809
vn -0.0008 -0.9967 0.0809
vn -0.0007 -0.9967 0.0809
vn 0.0009 -0.9967 0.0809
vn -0.0003 -0.9968 0.0801
vn -0.0010 -0.9968 0.0796
vn 0.0006 -0.9968 0.0796
vn -0.0004 -0.9969 0.0790
vn 0.0001 -0.9973 0.0737
vn -0.0000 -0.9973 0.0736
vn -0.0003 -0.9973 0.0736
vn -0.0000 -0.9973 0.0739
vn 0.0002 -0.9973 0.0739
vn -0.0007 -0.9973 0.0733
vn -0.0004 -0.9973 0.0733
vn -0.0006 -0.9973 0.0731
vn 0.0003 -0.9973 0.0731
vn -0.0003 -0.9974 0.0727
vn 0.0003 -0.9977 0.0674
vn 0.0005 -0.9977 0.0674
vn -0.0004 -0.9978 0.0668
vn 0.0002 -0.9978 0.0668
vn -0.0003 -0.9978 0.0664
vn 0.0005 -0.9978 0.0664
vn -0.0007 -0.9978 0.0656
vn 0.0010 -0.9978 0.0656
vn -0.0003 -0.9979 0.0646
vn 0.0007 -0.9981 0.0621
vn -0.0006 -0.9981 0.0612
vn 0.0003 -0.9981 0.0612
vn -0.0003 -0.9982 0.0607
vn 0.0008 -0.9982 0.0607
vn -0.0007 -0.9982 0.0596
vn 0.0008 -0.9982 0.0596
vn -0.0012 -0.9983 0.0581
vn 0.0014 -0.9983 0.0581
vn -0.0007 -0.9984 0.0565
vn -0.0001 -0.9985 0.0548
vn -0.0012 -0.9985 0.0539
vn 0.0007 -0.9985 0.0539
vn 0.0003 -0.9986 0.0536
vn 0.0008 -0.9986 0.0536
vn -0.0016 -0.9987 0.0518
vn 0.0007 -0.9987 0.0518
vn -0.0008 -0.9987 0.0506
vn 0.0013 -0.9987 0.0506
vn -0.0003 -0.9988 0.0494
vn -0.0006 -0.9988 0.0485
vn -0.0002 -0.9988 0.0487
vn 0.0012 -0.9988 0.0487
vn -0.0016 -0.9989 0.0465
vn -0.0000 -0.9989 0.0465
vn -0.0008 -0.9989 0.0459
vn 0.0010 -0.9989 0.0459
vn -0.0012 -0.9990 0.0441
vn 0.0018 -0.9990 0.0441
vn -0.0015 -0.9991 0.0413
vn 0.0006 -0.9991 0.0421
vn -0.0015 -0.9992 0.0405
vn -0.0002 -0.9992 0.0405
vn -0.0001 -0.9992 0.0406
vn 0.0011 -0.9992 0.0405
vn -0.0015 -0.9993 0.0383
vn 0.0013 -0.9993 0.0383
vn -0.0004 -0.9993 0.0367
vn 0.0006 -0.9993 0.0367
vn -0.0023 -0.9994 0.0341
vn -0.0007 -0.9994 0.0348
vn 0.0001 -0.9994 0.0354
vn 0.0013 -0.9994 0.0354
vn -0.0005 -0.9994 0.0338
vn 0.0003 -0.9994 0.0338
vn -0.0017 -0.9995 0.0320
vn 0.0020 -0.9995 0.0320
vn -0.0014 -0.9996 0.0286
vn 0.0007 -0.9996 0.0287
vn -0.0011 -0.9996 0.0269
vn 0.0011 -0.9996 0.0295
vn -0.0003 -0.9996 0.0285
vn 0.0010 -0.9996 0.0284
vn -0.0013 -0.9996 0.0265
vn 0.0007 -0.9996 0.0265
vn -0.0006 -0.9997 0.0253
vn 0.0006 -0.9997 0.0253
vn -0.0016 -0.9997 0.0228
vn 0.0016 -0.9997 0.0228
vn -0.0018 -0.9998 0.0188
vn 0.0008 -0.9998 0.0221
vn 0.0002 -0.9998 0.0217
vn 0.0001 -0.9998 0.0217
vn -0.0000 -0.9998 0.0216
vn 0.0011 -0.9998 0.0215
vn -0.0012 -0.9998 0.0191
vn 0.0009 -0.9998 0.0192
vn -0.0015 -0.9999 0.0152
vn 0.0010 -0.9999 0.0153
vn -0.0009 -0.9999 0.0117
vn 0.0008 -0.9999 0.0169
vn -0.0007 -0.9999 0.0156
vn 0.0013 -0.9999 0.0155
vn 0.0005 -0.9999 0.0149
vn -0.0009 -0.9999 0.0136
vn -0.0001 -0.9999 0.0136
vn -0.0005 -1.0000 0.0099
vn 0.0006 -0.9999 0.0102
vn 0.0009 -1.0000 0.0036
vn -0.0005 -1.0000 0.0095
vn -0.0000 -1.0000 0.0099
vn 0.0009 -1.0000 0.0098
vn 0.0004 -1.0000 0.0095
vn -0.0006 -1.0000 0.0098
vn -0.0004 -1.0000 0.0099
vn -0.0000 -1.0000 0.0032
vn 0.0001 -1.0000 0.0031
vn -0.0000 -1.0000 0.0031
vn -0.0020 -1.0000 0.0040
vn -0.0000 -1.0000 0.0043
vn -0.0000 0.9952 -0.0981
vn -0.0003 0.9952 -0.0983
vn -0.0001 0.9946 -0.1039
vn 0.0002 0.9940 -0.1094
vn -0.0004 0.9940 -0.1097
vn -0.0002 0.9934 -0.1144
vn -0.0001 0.9934 -0.1144
vn 0.0002 0.9927 -0.1210
vn 0.0001 0.9926 -0.1210
vn 0.0004 0.9919 -0.1273
vn 0.0002 0.9918 -0.1274
vn 0.0004 0.9912 -0.1327
vn -0.0001 0.9911 -0.1330
vn 0.0002 0.9903 -0.1391
vn 0.0007 0.9903 -0.1388
vn 0.0009 0.9894 -0.1450
vn 0.0002 0.9894 -0.1454
vn 0.0004 0.9884 -0.1517
vn -0.0004 0.9883 -0.1522
vn -0.0003 0.9875 -0.1577
vn -0.0000 0.9875 -0.1575
vn -0.0000 0.9865 -0.1640
vn 0.0001 0.9853 -0.1708
vn -0.0000 0.9853 -0.1709
vn -0.0000 0.9951 -0.0984
vn 0.0001 0.9952 -0.0983
vn 0.0002 0.9946 -0.1040
vn -0.0000 0.9946 -0.1042
vn 0.0001 0.9939 -0.1099
vn 0.0006 0.9940 -0.1097
vn 0.0007 0.9934 -0.1147
vn -0.0002 0.9933 -0.1153
vn -0.0001 0.9927 -0.1210
vn -0.0002 0.9927 -0.1210
vn -0.0000 0.9919 -0.1274
vn -0.0003 0.9918 -0.1276
vn -0.0002 0.9911 -0.1329
vn -0.0006 0.9911 -0.1331
vn -0.0004 0.9904 -0.1385
vn -0.0009 0.9903 -0.1388
vn -0.0007 0.9894 -0.1452
vn -0.0001 0.9895 -0.1448
vn 0.0001 0.9883 -0.1523
vn 0.0006 0.9884 -0.1519
vn 0.0007 0.9875 -0.1576
vn 0.0001 0.9874 -0.1581
vn 0.0001 0.9865 -0.1640
vn -0.0005 0.9864 -0.1645
vn -0.0005 0.9853 -0.1708
vn -0.0000 0.9854 -0.1704
vn -0.0000 0.9952 -0.0983
vn -0.0004 0.9951 -0.0985
vn -0.0003 0.9946 -0.1040
vn 0.0002 0.9946 -0.1037
vn 0.0003 0.9940 -0.1095
vn -0.0005 0.9939 -0.1100
vn -0.0004 0.9933 -0.1152
vn -0.0002 0.9934 -0.1151
vn -0.0000 0.9918 -0.1277
vn -0.0002 0.9918 -0.1278
vn -0.0001 0.9911 -0.1333
vn 0.0008 0.9912 -0.1327
vn 0.0009 0.9903 -0.1392
vn 0.0007 0.9902 -0.1394
vn 0.0007 0.9894 -0.1450
vn -0.0007 0.9893 -0.1460
vn -0.0006 0.9884 -0.1517
vn 0.0001 0.9885 -0.1512
vn 0.0002 0.9874 -0.1581
vn -0.0002 0.9874 -0.1584
vn -0.0002 0.9864 -0.1645
vn 0.0004 0.9865 -0.1640
vn 0.0004 0.9854 -0.1705
vn -0.0000 0.9951 -0.0987
vn 0.0004 0.9951 -0.0984
vn 0.0004 0.9946 -0.1038
vn -0.0003 0.9946 -0.1042
vn -0.0003 0.9939 -0.1101
vn -0.0000 0.9939 -0.1099
vn -0.0000 0.9933 -0.1152
vn 0.0002 0.9934 -0.1151
vn 0.0002 0.9926 -0.1211
vn 0.0003 0.9926 -0.1211
vn 0.0003 0.9918 -0.1279
vn 0.0003 0.9918 -0.1280
vn 0.0003 0.9912 -0.1326
vn -0.0009 0.9911 -0.1334
vn -0.0009 0.9903 -0.1390
vn -0.0010 0.9903 -0.1391
vn -0.0010 0.9893 -0.1459
vn -0.0001 0.9894 -0.1453
vn -0.0000 0.9885 -0.1511
vn -0.0003 0.9885 -0.1513
vn -0.0005 0.9873 -0.1586
vn -0.0005 0.9865 -0.1639
vn -0.0008 0.9864 -0.1641
vn -0.0007 0.9853 -0.1707
vn -0.0000 0.9854 -0.1702
vn 0.0002 0.9952 -0.0981
vn 0.0002 0.9945 -0.1045
vn 0.0005 0.9945 -0.1043
vn 0.0005 0.9939 -0.1101
vn 0.0007 0.9939 -0.1100
vn 0.0007 0.9933 -0.1153
vn -0.0003 0.9933 -0.1160
vn -0.0002 0.9927 -0.1209
vn -0.0001 0.9918 -0.1279
vn -0.0002 0.9918 -0.1279
vn -0.0001 0.9910 -0.1336
vn 0.0009 0.9911 -0.1329
vn 0.0009 0.9902 -0.1396
vn 0.0008 0.9902 -0.1397
vn 0.0009 0.9894 -0.1455
vn -0.0004 0.9892 -0.1464
vn -0.0005 0.9885 -0.1514
vn 0.0004 0.9875 -0.1579
vn 0.0004 0.9864 -0.1643
vn 0.0002 0.9864 -0.1645
vn 0.0002 0.9854 -0.1702
vn -0.0000 0.9952 -0.0980
vn 0.0002 0.9952 -0.0979
vn 0.0002 0.9946 -0.1042
vn -0.0007 0.9945 -0.1048
vn -0.0007 0.9940 -0.1095
vn -0.0006 0.9940 -0.1094
vn -0.0006 0.9933 -0.1159
vn 0.0005 0.9934 -0.1151
vn 0.0006 0.9926 -0.1212
vn -0.0005 0.9925 -0.1219
vn -0.0004 0.9918 -0.1278
vn 0.0006 0.9919 -0.1271
vn 0.0007 0.9911 -0.1328
vn -0.0005 0.9910 -0.1336
vn -0.0004 0.9902 -0.1394
vn -0.0005 0.9902 -0.1394
vn -0.0005 0.9892 -0.1463
vn 0.0005 0.9893 -0.1456
vn 0.0006 0.9884 -0.1516
vn 0.0005 0.9875 -0.1579
vn 0.0003 0.9874 -0.1580
vn 0.0003 0.9864 -0.1645
vn 0.0002 0.9864 -0.1646
vn 0.0002 0.9854 -0.1704
vn -0.0000 0.9854 -0.1705
vn -0.0000 0.9952 -0.0979
vn -0.0009 0.9951 -0.0985
vn -0.0009 0.9945 -0.1047
vn 0.0002 0.9946 -0.1039
vn 0.0002 0.9940 -0.1097
vn 0.0003 0.9940 -0.1097
vn 0.0003 0.9934 -0.1150
vn -0.0007 0.9933 -0.1157
vn -0.0006 0.9925 -0.1218
vn 0.0005 0.9926 -0.1211
vn 0.0005 0.9919 -0.1270
vn -0.0006 0.9918 -0.1278
vn -0.0006 0.9910 -0.1336
vn 0.0005 0.9911 -0.1328
vn 0.0005 0.9902 -0.1397
vn 0.0004 0.9902 -0.1397
vn 0.0004 0.9893 -0.1456
vn -0.0008 0.9883 -0.1525
vn -0.0008 0.9875 -0.1578
vn -0.0008 0.9875 -0.1579
vn -0.0008 0.9864 -0.1644
vn 0.0001 0.9865 -0.1637
vn 0.0001 0.9853 -0.1706
vn -0.0000 0.9853 -0.1707
vn -0.0000 0.9951 -0.0989
vn 0.0001 0.9951 -0.0988
vn 0.0001 0.9946 -0.1039
vn 0.0002 0.9946 -0.1038
vn 0.0002 0.9940 -0.1096
vn 0.0003 0.9940 -0.1096
vn 0.0003 0.9932 -0.1160
vn 0.0003 0.9926 -0.1210
vn -0.0007 0.9926 -0.1218
vn -0.0007 0.9918 -0.1278
vn 0.0004 0.9919 -0.1270
vn 0.0004 0.9911 -0.1328
vn -0.0007 0.9910 -0.1336
vn -0.0007 0.9902 -0.1394
vn -0.0007 0.9902 -0.1395
vn -0.0007 0.9894 -0.1454
vn -0.0008 0.9894 -0.1454
vn 0.0003 0.9884 -0.1518
vn 0.0003 0.9874 -0.1581
vn 0.0002 0.9874 -0.1582
vn 0.0002 0.9865 -0.1637
vn 0.0001 0.9865 -0.1638
vn 0.0001 0.9853 -0.1707
vn -0.0000 0.9853 -0.1708
vn -0.0000 0.9951 -0.0988
vn 0.0001 0.9951 -0.0987
vn 0.0001 0.9946 -0.1038
vn 0.0002 0.9940 -0.1095
vn -0.0008 0.9939 -0.1102
vn -0.0008 0.9933 -0.1156
vn 0.0003 0.9934 -0.1148
vn 0.0003 0.9925 -0.1221
vn 0.0003 0.9919 -0.1270
vn 0.0003 0.9910 -0.1339
vn 0.0003 0.9902 -0.1397
vn 0.0003 0.9893 -0.1457
vn 0.0002 0.9884 -0.1519
vn 0.0002 0.9865 -0.1638
vn 0.0001 0.9865 -0.1639
vn 0.0001 0.9951 -0.0986
vn 0.0001 0.9946 -0.1037
vn 0.0001 0.9939 -0.1106
vn 0.0002 0.9939 -0.1105
vn 0.0002 0.9934 -0.1148
vn -0.0008 0.9926 -0.1218
vn 0.0003 0.9927 -0.1210
vn -0.0008 0.9918 -0.1278
vn -0.0008 0.9910 -0.1336
vn 0.0003 0.9911 -0.1328
vn 0.0003 0.9902 -0.1398
vn 0.0002 0.9893 -0.1458
vn 0.0002 0.9874 -0.1583
vn 0.0002 0.9865 -0.1639
vn 0.0001 0.9853 -0.1709
vn -0.0000 0.9951 -0.0986
vn 0.0001 0.9946 -0.1036
vn 0.0001 0.9939 -0.1105
vn 0.0002 0.9933 -0.1159
vn 0.0002 0.9933 -0.1158
vn 0.0003 0.9927 -0.1209
vn -0.0008 0.9902 -0.1395
vn 0.0003 0.9903 -0.1388
vn 0.0003 0.9893 -0.1458
vn 0.0002 0.9884 -0.1520
vn 0.0001 0.9874 -0.1584
vn -0.0000 0.9853 -0.1710
vn -0.0000 0.9951 -0.0985
vn 0.0001 0.9951 -0.0985
vn -0.0009 0.9945 -0.1043
vn -0.0009 0.9939 -0.1101
vn 0.0002 0.9940 -0.1093
vn 0.0002 0.9927 -0.1209
vn -0.0008 0.9926 -0.1217
vn -0.0008 0.9902 -0.1396
vn -0.0008 0.9894 -0.1455
vn -0.0009 0.9894 -0.1455
vn -0.0009 0.9884 -0.1517
vn 0.0002 0.9885 -0.1510
vn 0.0002 0.9874 -0.1584
vn 0.0001 0.9864 -0.1641
vn 0.0001 0.9853 -0.1710
vn 0.0001 0.9951 -0.0984
vn 0.0001 0.9945 -0.1046
vn 0.0001 0.9940 -0.1093
vn 0.0002 0.9925 -0.1220
vn 0.0003 0.9925 -0.1220
vn 0.0003 0.9919 -0.1269
vn 0.0002 0.9893 -0.1459
vn -0.0009 0.9874 -0.1581
vn 0.0001 0.9875 -0.1575
vn -0.0010 0.9863 -0.1648
vn -0.0010 0.9853 -0.1707
vn -0.0000 0.9854 -0.1701
vn 0.0001 0.9945 -0.1045
vn 0.0001 0.9940 -0.1092
vn 0.0002 0.9940 -0.1092
vn 0.0002 0.9933 -0.1157
vn -0.0008 0.9910 -0.1337
vn 0.0003 0.9911 -0.1329
vn 0.0002 0.9902 -0.1399
vn 0.0003 0.9893 -0.1459
vn 0.0002 0.9884 -0.1521
vn 0.0002 0.9875 -0.1575
vn 0.0001 0.9863 -0.1652
vn 0.0001 0.9854 -0.1701
vn -0.0009 0.9939 -0.1100
vn -0.0009 0.9933 -0.1155
vn -0.0008 0.9933 -0.1155
vn 0.0002 0.9918 -0.1280
vn 0.0002 0.9903 -0.1389
vn 0.0002 0.9884 -0.1522
vn -0.0009 0.9874 -0.1582
vn -0.0009 0.9863 -0.1648
vn 0.0001 0.9864 -0.1643
vn 0.0001 0.9854 -0.1702
vn -0.0000 0.9952 -0.0982
vn 0.0001 0.9952 -0.0982
vn 0.0001 0.9945 -0.1044
vn 0.0001 0.9939 -0.1103
vn 0.0002 0.9939 -0.1102
vn 0.0003 0.9910 -0.1340
vn 0.0003 0.9903 -0.1389
vn -0.0009 0.9902 -0.1397
vn -0.0008 0.9893 -0.1457
vn 0.0002 0.9894 -0.1449
vn 0.0002 0.9873 -0.1586
vn 0.0001 0.9873 -0.1586
vn 0.0001 0.9854 -0.1703
vn -0.0000 0.9854 -0.1703
vn 0.0001 0.9952 -0.0981
vn 0.0001 0.9945 -0.1043
vn 0.0001 0.9939 -0.1102
vn 0.0002 0.9933 -0.1156
vn 0.0002 0.9925 -0.1219
vn 0.0003 0.9925 -0.1219
vn 0.0002 0.9919 -0.1269
vn 0.0003 0.9902 -0.1399
vn 0.0003 0.9894 -0.1450
vn -0.0009 0.9893 -0.1457
vn -0.0009 0.9884 -0.1519
vn 0.0002 0.9885 -0.1512
vn 0.0001 0.9873 -0.1587
vn 0.0001 0.9864 -0.1644
vn 0.0002 0.9939 -0.1101
vn -0.0008 0.9910 -0.1338
vn 0.0003 0.9902 -0.1400
vn 0.0002 0.9902 -0.1400
vn 0.0003 0.9893 -0.1460
vn 0.0002 0.9893 -0.1460
vn 0.0002 0.9885 -0.1513
vn 0.0002 0.9873 -0.1587
vn 0.0001 0.9854 -0.1704
vn -0.0009 0.9951 -0.0989
vn -0.0009 0.9946 -0.1040
vn 0.0001 0.9947 -0.1031
vn 0.0001 0.9939 -0.1101
vn -0.0008 0.9932 -0.1165
vn 0.0002 0.9927 -0.1208
vn -0.0008 0.9902 -0.1397
vn 0.0002 0.9903 -0.1390
vn 0.0003 0.9893 -0.1461
vn 0.0002 0.9893 -0.1461
vn -0.0009 0.9884 -0.1520
vn -0.0009 0.9874 -0.1584
vn 0.0001 0.9875 -0.1578
vn 0.0001 0.9864 -0.1645
vn 0.0001 0.9854 -0.1705
vn -0.0000 0.9951 -0.0991
vn 0.0001 0.9951 -0.0990
vn -0.0009 0.9939 -0.1099
vn -0.0009 0.9939 -0.1098
vn -0.0009 0.9932 -0.1165
vn 0.0002 0.9933 -0.1155
vn 0.0003 0.9903 -0.1390
vn 0.0002 0.9883 -0.1524
vn 0.0002 0.9875 -0.1578
vn 0.0001 0.9864 -0.1646
vn -0.0000 0.9853 -0.1706
vn -0.0000 0.9951 -0.0990
vn 0.0001 0.9951 -0.0989
vn 0.0001 0.9946 -0.1041
vn 0.0001 0.9939 -0.1100
vn 0.0002 0.9939 -0.1100
vn 0.0003 0.9925 -0.1218
vn -0.0008 0.9902 -0.1398
vn -0.0008 0.9893 -0.1458
vn 0.0002 0.9894 -0.1451
vn 0.0003 0.9883 -0.1524
vn 0.0002 0.9883 -0.1525
vn 0.0002 0.9875 -0.1579
vn 0.0001 0.9875 -0.1579
vn 0.0001 0.9946 -0.1040
vn 0.0002 0.9939 -0.1099
vn 0.0003 0.9933 -0.1155
vn 0.0003 0.9926 -0.1218
vn -0.0007 0.9910 -0.1338
vn 0.0004 0.9911 -0.1330
vn 0.0004 0.9901 -0.1401
vn 0.0004 0.9894 -0.1452
vn -0.0007 0.9884 -0.1521
vn 0.0003 0.9884 -0.1516
vn 0.0001 0.9863 -0.1647
vn 0.0003 0.9940 -0.1098
vn 0.0004 0.9933 -0.1155
vn -0.0006 0.9932 -0.1164
vn -0.0006 0.9926 -0.1217
vn -0.0005 0.9926 -0.1216
vn -0.0005 0.9918 -0.1279
vn 0.0007 0.9919 -0.1269
vn 0.0007 0.9911 -0.1330
vn -0.0003 0.9910 -0.1339
vn -0.0003 0.9902 -0.1399
vn -0.0003 0.9902 -0.1400
vn -0.0003 0.9893 -0.1461
vn 0.0006 0.9894 -0.1455
vn 0.0007 0.9884 -0.1517
vn -0.0007 0.9883 -0.1525
vn -0.0007 0.9875 -0.1577
vn 0.0001 0.9876 -0.1573
vn 0.0001 0.9863 -0.1648
vn -0.0000 0.9863 -0.1648
vn 0.0002 0.9951 -0.0986
vn 0.0004 0.9946 -0.1037
vn 0.0004 0.9940 -0.1098
vn -0.0004 0.9939 -0.1106
vn -0.0004 0.9932 -0.1164
vn 0.0009 0.9933 -0.1152
vn 0.0010 0.9926 -0.1218
vn 0.0001 0.9925 -0.1226
vn 0.0002 0.9919 -0.1268
vn -0.0007 0.9918 -0.1276
vn -0.0006 0.9910 -0.1338
vn -0.0006 0.9910 -0.1337
vn -0.0005 0.9902 -0.1399
vn 0.0005 0.9903 -0.1392
vn 0.0005 0.9894 -0.1454
vn -0.0009 0.9892 -0.1464
vn -0.0009 0.9883 -0.1524
vn 0.0007 0.9875 -0.1575
vn -0.0000 0.9875 -0.1578
vn -0.0002 0.9863 -0.1649
vn -0.0002 0.9854 -0.1705
vn 0.0004 0.9952 -0.0982
vn -0.0002 0.9945 -0.1043
vn -0.0002 0.9939 -0.1106
vn 0.0003 0.9939 -0.1102
vn 0.0004 0.9933 -0.1151
vn -0.0002 0.9933 -0.1157
vn -0.0001 0.9925 -0.1225
vn 0.0004 0.9918 -0.1277
vn -0.0003 0.9917 -0.1283
vn -0.0001 0.9910 -0.1338
vn -0.0000 0.9910 -0.1337
vn 0.0001 0.9903 -0.1391
vn -0.0002 0.9902 -0.1394
vn -0.0000 0.9892 -0.1467
vn 0.0001 0.9892 -0.1466
vn 0.0002 0.9885 -0.1514
vn -0.0002 0.9884 -0.1516
vn -0.0001 0.9875 -0.1578
vn -0.0005 0.9874 -0.1579
vn -0.0005 0.9863 -0.1648
vn -0.0003 0.9951 -0.0985
vn -0.0003 0.9945 -0.1043
vn -0.0005 0.9945 -0.1045
vn -0.0004 0.9939 -0.1101
vn -0.0006 0.9939 -0.1103
vn -0.0005 0.9933 -0.1157
vn -0.0007 0.9933 -0.1159
vn -0.0005 0.9925 -0.1221
vn 0.0003 0.9926 -0.1213
vn 0.0005 0.9917 -0.1284
vn 0.0001 0.9917 -0.1289
vn 0.0003 0.9910 -0.1338
vn 0.0004 0.9910 -0.1336
vn 0.0007 0.9902 -0.1395
vn -0.0000 0.9901 -0.1400
vn 0.0003 0.9892 -0.1466
vn 0.0007 0.9892 -0.1463
vn 0.0009 0.9884 -0.1520
vn 0.0003 0.9874 -0.1582
vn 0.0003 0.9864 -0.1646
vn 0.0002 0.9864 -0.1647
vn 0.0002 0.9952 -0.0983
vn 0.0003 0.9945 -0.1046
vn 0.0006 0.9945 -0.1043
vn 0.0007 0.9939 -0.1104
vn -0.0000 0.9938 -0.1111
vn 0.0005 0.9933 -0.1157
vn 0.0008 0.9926 -0.1214
vn -0.0011 0.9924 -0.1232
vn -0.0008 0.9917 -0.1288
vn 0.0001 0.9918 -0.1280
vn 0.0005 0.9910 -0.1337
vn -0.0003 0.9909 -0.1344
vn 0.0001 0.9901 -0.1401
vn -0.0007 0.9900 -0.1407
vn -0.0004 0.9893 -0.1460
vn -0.0006 0.9884 -0.1521
vn -0.0004 0.9884 -0.1519
vn -0.0003 0.9875 -0.1579
vn 0.0002 0.9875 -0.1577
vn -0.0001 0.9864 -0.1645
vn 0.0006 0.9864 -0.1643
vn 0.0002 0.9853 -0.1708
vn -0.0002 0.9951 -0.0985
vn -0.0001 0.9946 -0.1042
vn -0.0003 0.9945 -0.1044
vn -0.0002 0.9938 -0.1112
vn 0.0001 0.9933 -0.1156
vn -0.0011 0.9931 -0.1169
vn -0.0007 0.9924 -0.1232
vn -0.0001 0.9925 -0.1226
vn 0.0004 0.9918 -0.1280
vn -0.0003 0.9917 -0.1288
vn 0.0002 0.9909 -0.1344
vn -0.0001 0.9909 -0.1347
vn 0.0006 0.9900 -0.1410
vn 0.0001 0.9900 -0.1414
vn 0.0007 0.9892 -0.1468
vn -0.0001 0.9891 -0.1474
vn 0.0003 0.9884 -0.1522
vn -0.0002 0.9883 -0.1525
vn -0.0001 0.9875 -0.1576
vn -0.0005 0.9875 -0.1578
vn -0.0011 0.9866 -0.1632
vn 0.0002 0.9866 -0.1631
vn -0.0014 0.9855 -0.1698
vn -0.0000 0.9855 -0.1699
vn -0.0007 0.9951 -0.0991
vn -0.0005 0.9945 -0.1044
vn -0.0002 0.9946 -0.1040
vn 0.0002 0.9938 -0.1113
vn 0.0005 0.9938 -0.1109
vn 0.0009 0.9931 -0.1170
vn 0.0002 0.9930 -0.1177
vn 0.0007 0.9924 -0.1227
vn -0.0002 0.9923 -0.1236
vn 0.0003 0.9917 -0.1288
vn -0.0007 0.9915 -0.1299
vn -0.0014 0.9907 -0.1361
vn -0.0006 0.9900 -0.1413
vn -0.0005 0.9900 -0.1412
vn 0.0005 0.9891 -0.1475
vn -0.0002 0.9890 -0.1481
vn 0.0006 0.9883 -0.1528
vn 0.0002 0.9882 -0.1531
vn 0.0009 0.9874 -0.1584
vn 0.0010 0.9874 -0.1584
vn 0.0011 0.9865 -0.1638
vn 0.0001 0.9869 -0.1612
vn 0.0007 0.9854 -0.1705
vn -0.0004 0.9864 -0.1646
vn -0.0000 0.9951 -0.0992
vn 0.0007 0.9951 -0.0984
vn 0.0009 0.9946 -0.1041
vn -0.0004 0.9944 -0.1053
vn -0.0001 0.9938 -0.1109
vn -0.0004 0.9938 -0.1112
vn 0.0001 0.9930 -0.1177
vn -0.0002 0.9930 -0.1181
vn 0.0004 0.9923 -0.1236
vn -0.0001 0.9923 -0.1241
vn 0.0007 0.9915 -0.1299
vn 0.0003 0.9915 -0.1303
vn 0.0013 0.9907 -0.1362
vn 0.0004 0.9906 -0.1371
vn 0.0011 0.9900 -0.1413
vn -0.0007 0.9897 -0.1432
vn 0.0004 0.9890 -0.1482
vn -0.0003 0.9888 -0.1490
vn 0.0010 0.9882 -0.1532
vn -0.0007 0.9879 -0.1551
vn 0.0008 0.9874 -0.1583
vn -0.0004 0.9870 -0.1607
vn -0.0001 0.9951 -0.0986
vn 0.0001 0.9944 -0.1053
vn -0.0001 0.9944 -0.1055
vn 0.0003 0.9938 -0.1112
vn -0.0009 0.9937 -0.1124
vn -0.0004 0.9930 -0.1181
vn -0.0007 0.9930 -0.1183
vn -0.0000 0.9923 -0.1241
vn -0.0002 0.9922 -0.1243
vn 0.0006 0.9915 -0.1303
vn -0.0012 0.9912 -0.1322
vn -0.0003 0.9906 -0.1371
vn -0.0013 0.9904 -0.1381
vn -0.0002 0.9897 -0.1432
vn -0.0009 0.9896 -0.1440
vn 0.0005 0.9888 -0.1490
vn -0.0013 0.9885 -0.1509
vn 0.0003 0.9879 -0.1551
vn -0.0017 0.9875 -0.1578
vn -0.0000 0.9870 -0.1606
vn -0.0012 0.9865 -0.1636
vn 0.9976 -0.0120 -0.0682
vn 0.9933 -0.0200 -0.1135
vn 0.9933 -0.0200 -0.1134
vn 0.9870 -0.0280 -0.1585
vn 0.9785 -0.0358 -0.2032
vn 0.9679 -0.0437 -0.2476
vn 0.9552 -0.0514 -0.2913
vn 0.9406 -0.0589 -0.3344
vn 0.9406 -0.0590 -0.3345
vn 0.9239 -0.0665 -0.3769
vn 0.9239 -0.0664 -0.3768
vn 0.9052 -0.0738 -0.4185
vn 0.9052 -0.0739 -0.4185
vn 0.8847 -0.0810 -0.4592
vn 0.8621 -0.0881 -0.4990
vn 0.8621 -0.0880 -0.4990
vn 0.8379 -0.0948 -0.5376
vn 0.8378 -0.0949 -0.5377
vn 0.8117 -0.1015 -0.5752
vn 0.8118 -0.1014 -0.5751
vn 0.7840 -0.1077 -0.6114
vn 0.7838 -0.1079 -0.6115
vn 0.7543 -0.1140 -0.6465
vn 0.7544 -0.1139 -0.6465
vn 0.7233 -0.1198 -0.6801
vn 0.7232 -0.1199 -0.6801
vn 0.6905 -0.1257 -0.7123
vn 0.6906 -0.1255 -0.7123
vn 0.6565 -0.1311 -0.7429
vn 0.6209 -0.1362 -0.7719
vn 0.5841 -0.1409 -0.7994
vn 0.5839 -0.1410 -0.7994
vn 0.5460 -0.1454 -0.8251
vn 0.5066 -0.1498 -0.8491
vn 0.5067 -0.1496 -0.8490
vn 0.4663 -0.1535 -0.8712
vn 0.4662 -0.1537 -0.8712
vn 0.4249 -0.1573 -0.8915
vn 0.4250 -0.1571 -0.8914
vn 0.3827 -0.1605 -0.9098
vn 0.3396 -0.1634 -0.9263
vn 0.2959 -0.1658 -0.9407
vn 0.2957 -0.1660 -0.9407
vn 0.2512 -0.1682 -0.9532
vn 0.2514 -0.1680 -0.9532
vn 0.2065 -0.1698 -0.9636
vn 0.2064 -0.1700 -0.9636
vn 0.1609 -0.1715 -0.9720
vn 0.1611 -0.1713 -0.9720
vn 0.1153 -0.1724 -0.9783
vn 0.1151 -0.1726 -0.9782
vn 0.0693 -0.1731 -0.9825
vn 0.0229 -0.1737 -0.9845
vn 0.0231 -0.1735 -0.9846
vn 0.9870 -0.0279 -0.1585
vn 0.9785 -0.0358 -0.2033
vn 0.9785 -0.0359 -0.2033
vn 0.9679 -0.0436 -0.2476
vn 0.9052 -0.0738 -0.4186
vn 0.9052 -0.0737 -0.4185
vn 0.8847 -0.0809 -0.4592
vn 0.8621 -0.0879 -0.4990
vn 0.8378 -0.0948 -0.5377
vn 0.8379 -0.0947 -0.5376
vn 0.8118 -0.1013 -0.5751
vn 0.8117 -0.1014 -0.5752
vn 0.7544 -0.1140 -0.6465
vn 0.7543 -0.1141 -0.6466
vn 0.7232 -0.1200 -0.6801
vn 0.7233 -0.1199 -0.6800
vn 0.6906 -0.1257 -0.7122
vn 0.6565 -0.1309 -0.7429
vn 0.6564 -0.1311 -0.7430
vn 0.6209 -0.1360 -0.7720
vn 0.5460 -0.1456 -0.8251
vn 0.5459 -0.1456 -0.8251
vn 0.3827 -0.1604 -0.9099
vn 0.3396 -0.1632 -0.9263
vn 0.2514 -0.1682 -0.9532
vn 0.0693 -0.1733 -0.9824
vn 0.0231 -0.1737 -0.9845
vn 0.9239 -0.0665 -0.3768
vn 0.7543 -0.1140 -0.6466
vn 0.5459 -0.1454 -0.8251
vn 0.5068 -0.1496 -0.8490
vn 0.2064 -0.1698 -0.9636
vn 0.9552 -0.0513 -0.2913
vn 0.9406 -0.0590 -0.3344
vn 0.8378 -0.0948 -0.5376
vn 0.8117 -0.1014 -0.5751
vn 0.7839 -0.1078 -0.6114
vn 0.7544 -0.1141 -0.6465
vn 0.3827 -0.1603 -0.9099
vn 0.9239 -0.0664 -0.3769
vn 0.7839 -0.1077 -0.6115
vn 0.7232 -0.1198 -0.6801
vn 0.7543 -0.1141 -0.6465
vn 0.6906 -0.1256 -0.7122
vn 0.6209 -0.1361 -0.7720
vn 0.7838 -0.1078 -0.6115
vn 0.7543 -0.1139 -0.6465
vn 0.7233 -0.1198 -0.6800
vn 0.9976 -0.0120 -0.0683
vn 0.9933 -0.0199 -0.1135
vn 0.9869 -0.0278 -0.1586
vn 0.9785 -0.0357 -0.2033
vn 0.9785 -0.0356 -0.2034
vn 0.9679 -0.0434 -0.2476
vn 0.9552 -0.0512 -0.2914
vn 0.9552 -0.0511 -0.2914
vn 0.9406 -0.0588 -0.3345
vn 0.9405 -0.0586 -0.3346
vn 0.9239 -0.0663 -0.3769
vn 0.9238 -0.0660 -0.3772
vn 0.9052 -0.0736 -0.4186
vn 0.9051 -0.0734 -0.4188
vn 0.8847 -0.0808 -0.4592
vn 0.8845 -0.0806 -0.4595
vn 0.8621 -0.0878 -0.4990
vn 0.8620 -0.0875 -0.4993
vn 0.8378 -0.0945 -0.5377
vn 0.8377 -0.0944 -0.5379
vn 0.8117 -0.1012 -0.5752
vn 0.8116 -0.1010 -0.5754
vn 0.7839 -0.1076 -0.6115
vn 0.7837 -0.1073 -0.6118
vn 0.7543 -0.1137 -0.6466
vn 0.7231 -0.1195 -0.6804
vn 0.6905 -0.1254 -0.7124
vn 0.6565 -0.1310 -0.7429
vn 0.6562 -0.1306 -0.7432
vn 0.6209 -0.1359 -0.7720
vn 0.6208 -0.1358 -0.7721
vn 0.5841 -0.1408 -0.7994
vn 0.5839 -0.1407 -0.7995
vn 0.5457 -0.1452 -0.8253
vn 0.5066 -0.1496 -0.8491
vn 0.5064 -0.1494 -0.8492
vn 0.4662 -0.1534 -0.8713
vn 0.4249 -0.1572 -0.8915
vn 0.4247 -0.1570 -0.8916
vn 0.3827 -0.1604 -0.9098
vn 0.3825 -0.1602 -0.9100
vn 0.3396 -0.1633 -0.9263
vn 0.3393 -0.1630 -0.9264
vn 0.2959 -0.1660 -0.9407
vn 0.2955 -0.1656 -0.9409
vn 0.2514 -0.1682 -0.9531
vn 0.2508 -0.1677 -0.9534
vn 0.2064 -0.1699 -0.9636
vn 0.2060 -0.1695 -0.9638
vn 0.1609 -0.1714 -0.9720
vn 0.1607 -0.1712 -0.9721
vn 0.1153 -0.1727 -0.9782
vn 0.1147 -0.1721 -0.9784
vn 0.0688 -0.1729 -0.9825
vn 0.0230 -0.1735 -0.9846
vn -0.0001 -0.9848 0.1737
vn -0.0003 -0.9848 0.1739
vn -0.0003 -0.9848 0.1737
vn 0.0007 -0.9849 0.1729
vn 0.0007 -0.9848 0.1737
vn 0.0004 -0.9848 0.1739
vn 0.0002 -0.9848 0.1737
vn -0.0009 -0.9850 0.1727
vn 0.0002 -0.9848 0.1739
vn -0.0002 -0.9848 0.1739
vn 0.0004 -0.9848 0.1735
vn 0.0004 -0.9849 0.1729
vn -0.0003 -0.9848 0.1734
vn 0.0002 -0.9848 0.1735
vn 0.0007 -0.9848 0.1739
vn 0.0006 -0.9847 0.1744
vn -0.0002 -0.9848 0.1735
vn -0.0001 -0.9848 0.1734
vn -0.0001 -0.9848 0.1735
vn -0.0000 -0.9848 0.1734
vn -0.0000 -0.9848 0.1735
vn 0.0001 -0.9849 0.1734
vn -0.0009 -0.9849 0.1734
vn -0.0000 -0.9847 0.1743
vn 0.0003 -0.9847 0.1744
vn -0.0008 -0.9849 0.1730
vn 0.0009 -0.9848 0.1736
vn -0.0000 -0.9847 0.1741
vn 0.0001 -0.9848 0.1734
vn -0.0005 -0.9848 0.1738
vn -0.0004 -0.9849 0.1733
vn -0.0008 -0.9848 0.1735
vn 0.0001 -0.9847 0.1744
vn -0.0007 -0.9849 0.1733
vn -0.0004 -0.9849 0.1731
vn -0.0003 -0.9847 0.1741
vn 0.0001 -0.9848 0.1738
vn 0.0001 -0.9848 0.1739
vn 0.0004 -0.9848 0.1737
vn 0.0008 -0.9848 0.1735
vn -0.0000 -0.9849 0.1734
vn 0.0006 -0.9847 0.1743
vn 0.0008 -0.9848 0.1739
vn 0.0001 -0.9849 0.1730
vn -0.0001 -0.9848 0.1738
vn -0.0004 -0.9848 0.1739
vn -0.0003 -0.9848 0.1735
vn -0.0004 -0.9848 0.1736
vn -0.0003 -0.9849 0.1733
vn 0.0005 -0.9847 0.1743
vn -0.0003 -0.9849 0.1730
vn -0.0007 -0.9850 0.1728
vn 0.0005 -0.9846 0.1746
vn 0.0006 -0.9848 0.1738
vn 0.0006 -0.9848 0.1739
vn -0.0001 -0.9847 0.1742
vn 0.0002 -0.9848 0.1734
vn -0.0004 -0.9849 0.1729
vn -0.0002 -0.9849 0.1732
vn 0.0003 -0.9846 0.1746
vn -0.0004 -0.9849 0.1732
vn 0.0001 -0.9848 0.1737
vn -0.0009 -0.9847 0.1740
vn -0.0009 -0.9848 0.1739
vn 0.0010 -0.9849 0.1732
vn 0.0007 -0.9847 0.1740
vn -0.0003 -0.9847 0.1744
vn 0.0005 -0.9848 0.1735
vn 0.0002 -0.9849 0.1730
vn 0.0002 -0.9849 0.1734
vn -0.0007 -0.9847 0.1741
vn 0.0005 -0.9849 0.1730
vn 0.0001 -0.9849 0.1731
vn -0.0004 -0.9847 0.1744
vn 0.0009 -0.9848 0.1739
vn 0.0003 -0.9849 0.1730
vn 0.0008 -0.9847 0.1742
vn -0.0002 -0.9848 0.1737
vn 0.0006 -0.9848 0.1735
vn 0.0006 -0.9849 0.1734
vn -0.0005 -0.9848 0.1736
vn -0.0007 -0.9848 0.1736
vn -0.0006 -0.9848 0.1739
vn -0.0006 -0.9849 0.1733
vn 0.0009 -0.9848 0.1737
vn -0.0003 -0.9849 0.1734
vn -0.0000 -0.9849 0.1733
vn 0.0002 -0.9848 0.1736
vn 0.0003 -0.9847 0.1743
vn 0.0005 -0.9848 0.1738
vn 0.0005 -0.9848 0.1739
vn -0.0012 -0.9848 0.1736
vn -0.0001 -0.9848 0.1736
vn -0.0002 -0.9848 0.1738
vn -0.0005 -0.9848 0.1735
vn 0.0006 -0.9849 0.1732
vn -0.0001 -0.9848 0.1739
vn 0.0004 -0.9848 0.1738
vn 0.0008 -0.9849 0.1733
vn -0.0002 -0.9849 0.1733
vn 0.0001 -0.9848 0.1736
vn 0.0002 -0.9847 0.1741
vn -0.0000 -0.9848 0.1737
vn -0.0005 -0.9849 0.1731
vn -0.0004 -0.9847 0.1743
vn -0.0000 -0.9850 0.1725
vn 0.0004 -0.9847 0.1741
vn -0.0002 -0.9847 0.1741
vn -0.0001 -0.9847 0.1745
vn 0.0007 -0.9849 0.1730
vn 0.0007 -0.9848 0.1736
vn -0.0010 -0.9848 0.1738
vn -0.0006 -0.9848 0.1734
vn 0.0003 -0.9848 0.1735
vn 0.0008 -0.9848 0.1737
vn 0.0002 -0.9847 0.1743
vn -0.0002 -0.9849 0.1728
vn -0.0001 -0.9848 0.1740
vn -0.0004 -0.9847 0.1740
vn 0.0007 -0.9848 0.1734
vn -0.0004 -0.9848 0.1735
vn -0.0005 -0.9848 0.1737
vn -0.0005 -0.9848 0.1739
vn -0.0008 -0.9848 0.1736
vn 0.0010 -0.9848 0.1737
vn -0.0005 -0.9848 0.1734
vn -0.0004 -0.9848 0.1734
vn -0.0002 -0.9848 0.1734
vn -0.0001 -0.9847 0.1743
vn 0.0009 -0.9847 0.1741
vn 0.0003 -0.9848 0.1740
vn -0.0000 -0.9847 0.1742
vn -0.0004 -0.9847 0.1741
vn 0.0011 -0.9847 0.1740
vn 0.0006 -0.9847 0.1742
vn 0.0005 -0.9847 0.1745
vn 0.0004 -0.9847 0.1744
vn -0.0007 -0.9848 0.1737
vn 0.0008 -0.9848 0.1736
vn -0.0007 -0.9848 0.1735
vn -0.0001 -0.9849 0.1731
vn 0.0005 -0.9849 0.1732
vn -0.0000 -0.9847 0.1740
vn 0.0005 -0.9848 0.1740
vn -0.0006 -0.9848 0.1737
vn -0.0005 -0.9849 0.1730
vn -0.0006 -0.9849 0.1730
vn 0.0009 -0.9848 0.1735
vn -0.0001 -0.9847 0.1741
vn -0.0007 -0.9849 0.1731
vn -0.0001 -0.9849 0.1733
vn 0.0011 -0.9848 0.1740
vn 0.0012 -0.9848 0.1739
vn -0.0002 -0.9847 0.1740
vn 0.0001 -0.9847 0.1743
vn 0.0010 -0.9848 0.1738
vn -0.0005 -0.9849 0.1732
vn -0.0005 -0.9850 0.1728
vn 0.0010 -0.9848 0.1736
vn 0.0006 -0.9848 0.1734
vn -0.0006 -0.9849 0.1734
vn 0.0011 -0.9848 0.1739
vn -0.0006 -0.9850 0.1728
vn 0.0003 -0.9849 0.1733
vn -0.0006 -0.9848 0.1736
vn 0.0001 -0.9847 0.1740
vn 0.0003 -0.9848 0.1739
vn -0.0001 -0.9847 0.1744
vn 0.0004 -0.9849 0.1732
vn -0.0001 -0.9849 0.1732
vn 0.0005 -0.9848 0.1736
vn -0.0004 -0.9848 0.1738
vn 0.0006 -0.9848 0.1736
vn 0.0003 -0.9848 0.1736
vn 0.0009 -0.9847 0.1742
vn -0.0007 -0.9849 0.1732
vn -0.0000 -0.9848 0.1739
vn 0.0006 -0.9849 0.1730
vn 0.0001 -0.9848 0.1735
vn -0.0006 -0.9849 0.1732
vn 0.0006 -0.9849 0.1733
vn 0.0001 -0.9847 0.1741
vn 0.0006 -0.9847 0.1741
vn -0.0003 -0.9848 0.1736
vn 0.0006 -0.9848 0.1737
vn -0.0000 -0.9848 0.1736
vn -0.0004 -0.9850 0.1728
vn 0.0002 -0.9850 0.1728
vn -0.0000 -0.9850 0.1728
vn -0.0000 -0.9849 0.1731
vn 0.0003 -0.9849 0.1732
vn -0.0000 0.9849 -0.1733
vn 0.0002 0.9848 -0.1736
vn 0.0009 0.9847 -0.1743
vn -0.0000 0.9848 -0.1735
vn 0.0007 0.9849 -0.1733
vn 0.0008 0.9848 -0.1735
vn -0.0007 0.9849 -0.1733
vn 0.0007 0.9847 -0.1745
vn -0.0010 0.9848 -0.1736
vn -0.0000 0.9848 -0.1736
vn -0.0004 0.9849 -0.1732
vn -0.0007 0.9848 -0.1736
vn -0.0002 0.9848 -0.1735
vn -0.0007 0.9849 -0.1732
vn -0.0002 0.9847 -0.1745
vn 0.0003 0.9847 -0.1741
vn 0.0003 0.9848 -0.1735
vn 0.0008 0.9849 -0.1730
vn -0.0001 0.9849 -0.1732
vn 0.0009 0.9847 -0.1740
vn -0.0000 0.9849 -0.1731
vn -0.0001 0.9849 -0.1731
vn 0.0001 0.9847 -0.1741
vn 0.0001 0.9847 -0.1740
vn 0.0001 0.9849 -0.1730
vn -0.0002 0.9847 -0.1742
vn -0.0007 0.9848 -0.1738
vn 0.0004 0.9847 -0.1740
vn -0.0003 0.9848 -0.1735
vn 0.0003 0.9849 -0.1733
vn -0.0002 0.9847 -0.1744
vn -0.0004 0.9849 -0.1731
vn -0.0007 0.9849 -0.1734
vn 0.0006 0.9848 -0.1735
vn 0.0004 0.9849 -0.1733
vn 0.0007 0.9847 -0.1741
vn 0.0002 0.9849 -0.1734
vn -0.0002 0.9849 -0.1731
vn 0.0003 0.9847 -0.1743
vn 0.0007 0.9848 -0.1739
vn 0.0005 0.9849 -0.1732
vn -0.0002 0.9848 -0.1740
vn -0.0006 0.9848 -0.1736
vn -0.0004 0.9848 -0.1737
vn 0.0005 0.9847 -0.1741
vn -0.0006 0.9848 -0.1735
vn 0.0002 0.9849 -0.1730
vn -0.0006 0.9847 -0.1744
vn -0.0007 0.9847 -0.1742
vn 0.0002 0.9849 -0.1729
vn 0.0004 0.9848 -0.1738
vn 0.0005 0.9848 -0.1737
vn -0.0001 0.9848 -0.1736
vn -0.0004 0.9848 -0.1735
vn 0.0002 0.9849 -0.1733
vn -0.0003 0.9849 -0.1730
vn -0.0000 0.9847 -0.1742
vn 0.0006 0.9847 -0.1745
vn -0.0003 0.9849 -0.1731
vn -0.0005 0.9847 -0.1740
vn 0.0001 0.9849 -0.1731
vn 0.0004 0.9849 -0.1732
vn 0.0004 0.9849 -0.1731
vn -0.0006 0.9849 -0.1731
vn 0.0006 0.9848 -0.1736
vn 0.0013 0.9847 -0.1742
vn -0.0004 0.9848 -0.1736
vn 0.0008 0.9849 -0.1731
vn 0.0003 0.9847 -0.1740
vn -0.0006 0.9847 -0.1740
vn -0.0001 0.9849 -0.1733
vn 0.0003 0.9848 -0.1734
vn -0.0002 0.9848 -0.1739
vn -0.0006 0.9848 -0.1737
vn -0.0002 0.9848 -0.1738
vn -0.0003 0.9847 -0.1743
vn 0.0003 0.9849 -0.1731
vn 0.0005 0.9848 -0.1736
vn 0.0005 0.9848 -0.1735
vn -0.0009 0.9847 -0.1740
vn 0.0003 0.9847 -0.1744
vn 0.0006 0.9848 -0.1739
vn -0.0012 0.9849 -0.1733
vn -0.0000 0.9848 -0.1737
vn -0.0002 0.9849 -0.1733
vn -0.0005 0.9848 -0.1738
vn -0.0004 0.9848 -0.1739
vn 0.0001 0.9849 -0.1729
vn 0.0008 0.9847 -0.1741
vn -0.0009 0.9849 -0.1731
vn 0.0004 0.9848 -0.1734
vn -0.0001 0.9847 -0.1743
vn -0.0004 0.9848 -0.1738
vn -0.0003 0.9848 -0.1736
vn -0.0005 0.9849 -0.1732
vn -0.0010 0.9847 -0.1743
vn -0.0001 0.9848 -0.1737
vn 0.0003 0.9848 -0.1738
vn 0.0009 0.9848 -0.1736
vn -0.0003 0.9849 -0.1734
vn 0.0006 0.9849 -0.1731
vn 0.0005 0.9849 -0.1731
vn 0.0007 0.9848 -0.1734
vn 0.0008 0.9849 -0.1733
vn -0.0000 0.9848 -0.1739
vn -0.0007 0.9848 -0.1737
vn -0.0005 0.9848 -0.1735
vn 0.0003 0.9848 -0.1736
vn -0.0005 0.9847 -0.1743
vn -0.0006 0.9847 -0.1741
vn 0.0002 0.9849 -0.1731
vn 0.0010 0.9847 -0.1741
vn -0.0001 0.9847 -0.1740
vn -0.0006 0.9849 -0.1732
vn 0.0012 0.9848 -0.1739
vn -0.0000 0.9848 -0.1738
vn 0.0006 0.9849 -0.1732
vn 0.0005 0.9849 -0.1733
vn 0.0005 0.9849 -0.1734
vn -0.0001 0.9848 -0.1738
vn 0.0001 0.9848 -0.1738
vn -0.0005 0.9847 -0.1742
vn 0.0003 0.9847 -0.1742
vn -0.0009 0.9848 -0.1738
vn -0.0004 0.9847 -0.1740
vn -0.0002 0.9849 -0.1729
vn -0.0003 0.9847 -0.1741
vn -0.0004 0.9849 -0.1733
vn 0.0006 0.9849 -0.1733
vn 0.0002 0.9848 -0.1740
vn -0.0002 0.9848 -0.1734
vn 0.0006 0.9848 -0.1738
vn 0.0005 0.9848 -0.1738
vn -0.0009 0.9848 -0.1739
vn -0.0011 0.9848 -0.1737
vn 0.0001 0.9848 -0.1734
vn 0.0001 0.9849 -0.1733
vn -0.0000 0.9849 -0.1732
vn -0.0001 0.9846 -0.1746
vn 0.0007 0.9848 -0.1735
vn 0.0006 0.9848 -0.1737
vn 0.0009 0.9848 -0.1737
vn -0.0005 0.9849 -0.1731
vn -0.0002 0.9849 -0.1730
vn 0.0004 0.9847 -0.1741
vn 0.0004 0.9849 -0.1729
vn 0.0011 0.9848 -0.1735
vn -0.0010 0.9848 -0.1738
vn -0.0010 0.9848 -0.1739
vn -0.0004 0.9847 -0.1743
vn -0.0005 0.9849 -0.1734
vn -0.0002 0.9848 -0.1736
vn -0.0002 0.9847 -0.1740
vn -0.0009 0.9848 -0.1736
vn -0.0000 0.9849 -0.1734
vn 0.0006 0.9847 -0.1742
vn 0.0002 0.9847 -0.1743
vn -0.0005 0.9848 -0.1734
vn -0.0006 0.9849 -0.1730
vn 0.0002 0.9848 -0.1735
vn 0.0003 0.9846 -0.1747
vn -0.0000 0.9848 -0.1734
vn 0.0004 0.9848 -0.1737
vn -0.0004 0.9847 -0.1741
vn 0.0004 0.9846 -0.1746
vn 0.0001 0.9850 -0.1724
vn -0.0000 0.9847 -0.1740
vn -0.0001 0.9847 -0.1741
vn -0.0003 0.9848 -0.1740
vn 0.0007 0.9849 -0.1734
vn -0.0006 0.9848 -0.1738
vn 0.0001 0.9846 -0.1749
vn 0.0001 0.9848 -0.1736
vn 0.0004 0.9848 -0.1735
vn -0.0003 0.9848 -0.1737
vn -0.0000 0.9847 -0.1745
vn 0.0003 0.9846 -0.1746
vn 0.0002 0.9848 -0.1739
vn 0.0007 0.9848 -0.1738
vn 0.0004 0.9848 -0.1736
vn 0.0003 0.9849 -0.1730
vn 0.0002 0.9850 -0.1727
vn 0.0007 0.9848 -0.1736
vn -0.0008 0.9848 -0.1738
vn 0.0001 0.9848 -0.1735
vn -0.0003 0.9848 -0.1739
vn -0.0001 0.9847 -0.1745
vn 0.0003 0.9848 -0.1737
vn 0.0004 0.9848 -0.1739
vn -0.0008 0.9847 -0.1745
vn 0.0001 0.9847 -0.1745
vn 0.0001 0.9849 -0.1734
vn 0.0002 0.9848 -0.1738
vn 0.0003 0.9850 -0.1727
vn -0.0009 0.9848 -0.1735
vn 0.0004 0.9850 -0.1727
vn -0.0006 0.9849 -0.1729
vn -0.0003 0.9849 -0.1733
vn 0.0008 0.9847 -0.1743
vn -0.0011 0.9847 -0.1744
vn -0.0002 0.9848 -0.1737
vn 0.0007 0.9846 -0.1747
vn 0.0002 0.9848 -0.1737
vn 0.0005 0.9850 -0.1728
vn -0.0000 0.9850 -0.1727
vn 0.0007 0.9848 -0.1737
vn -0.0005 0.9850 -0.1727
vn -0.0001 0.9848 -0.1735
vn 0.0007 0.9847 -0.1740
vn -0.0003 0.9849 -0.1729
vn 0.0004 0.9847 -0.1743
vn -0.0000 0.9847 -0.1743
vn 0.0006 0.9847 -0.1743
vn -0.0004 0.9848 -0.1740
vn 0.0233 -0.1736 -0.9845
vn 0.0239 -0.1741 -0.9844
vn 0.0229 -0.1735 -0.9846
vn 0.0233 -0.1738 -0.9845
vn 0.0228 -0.1737 -0.9845
vn 0.0229 -0.1738 -0.9845
vn 0.0228 -0.1735 -0.9846
vn 0.0229 -0.1736 -0.9845
vn 0.0228 -0.1736 -0.9845
vn 0.0230 -0.1736 -0.9846
vn 0.0698 -0.1729 -0.9825
vn 0.0712 -0.1739 -0.9822
vn 0.0687 -0.1729 -0.9825
vn 0.0698 -0.1736 -0.9823
vn 0.0683 -0.1732 -0.9825
vn 0.0687 -0.1735 -0.9824
vn 0.0684 -0.1732 -0.9825
vn 0.0684 -0.1734 -0.9825
vn 0.0686 -0.1732 -0.9825
vn 0.0688 -0.1731 -0.9825
vn 0.0688 -0.1734 -0.9824
vn 0.0693 -0.1730 -0.9825
vn 0.1165 -0.1718 -0.9782
vn 0.1187 -0.1733 -0.9777
vn 0.1146 -0.1718 -0.9784
vn 0.1165 -0.1732 -0.9780
vn 0.1138 -0.1723 -0.9784
vn 0.1145 -0.1729 -0.9783
vn 0.1138 -0.1725 -0.9784
vn 0.1136 -0.1726 -0.9784
vn 0.1136 -0.1727 -0.9784
vn 0.1141 -0.1723 -0.9784
vn 0.1141 -0.1726 -0.9784
vn 0.1145 -0.1723 -0.9784
vn 0.1145 -0.1726 -0.9783
vn 0.1149 -0.1723 -0.9783
vn 0.1149 -0.1728 -0.9782
vn 0.1628 -0.1702 -0.9719
vn 0.1660 -0.1724 -0.9709
vn 0.1603 -0.1706 -0.9722
vn 0.1628 -0.1723 -0.9715
vn 0.1593 -0.1711 -0.9723
vn 0.1603 -0.1718 -0.9720
vn 0.1592 -0.1715 -0.9722
vn 0.1593 -0.1715 -0.9722
vn 0.1596 -0.1712 -0.9722
vn 0.1596 -0.1716 -0.9722
vn 0.1601 -0.1712 -0.9721
vn 0.1601 -0.1716 -0.9721
vn 0.1606 -0.1712 -0.9721
vn 0.1606 -0.1720 -0.9719
vn 0.1618 -0.1711 -0.9719
vn 0.2091 -0.1687 -0.9632
vn 0.2126 -0.1710 -0.9621
vn 0.2062 -0.1691 -0.9638
vn 0.2091 -0.1710 -0.9628
vn 0.2048 -0.1694 -0.9640
vn 0.2062 -0.1704 -0.9636
vn 0.2046 -0.1700 -0.9640
vn 0.2048 -0.1701 -0.9639
vn 0.2046 -0.1701 -0.9640
vn 0.2050 -0.1698 -0.9639
vn 0.2050 -0.1701 -0.9639
vn 0.2055 -0.1697 -0.9638
vn 0.2055 -0.1701 -0.9638
vn 0.2060 -0.1697 -0.9637
vn 0.2060 -0.1701 -0.9637
vn 0.2063 -0.1698 -0.9636
vn 0.2549 -0.1666 -0.9525
vn 0.2598 -0.1699 -0.9506
vn 0.2520 -0.1671 -0.9532
vn 0.2549 -0.1691 -0.9521
vn 0.2501 -0.1675 -0.9536
vn 0.2520 -0.1688 -0.9529
vn 0.2498 -0.1681 -0.9536
vn 0.2501 -0.1683 -0.9535
vn 0.2498 -0.1683 -0.9536
vn 0.2502 -0.1680 -0.9535
vn 0.2502 -0.1683 -0.9535
vn 0.2506 -0.1679 -0.9534
vn 0.2506 -0.1683 -0.9533
vn 0.2511 -0.1679 -0.9533
vn 0.2511 -0.1683 -0.9532
vn 0.3004 -0.1649 -0.9394
vn 0.3036 -0.1670 -0.9380
vn 0.2971 -0.1647 -0.9405
vn 0.3004 -0.1668 -0.9391
vn 0.2953 -0.1653 -0.9410
vn 0.2971 -0.1665 -0.9402
vn 0.2948 -0.1658 -0.9411
vn 0.2953 -0.1661 -0.9408
vn 0.2948 -0.1660 -0.9410
vn 0.2949 -0.1659 -0.9410
vn 0.2949 -0.1661 -0.9410
vn 0.2953 -0.1658 -0.9409
vn 0.2953 -0.1661 -0.9409
vn 0.2957 -0.1657 -0.9408
vn 0.2957 -0.1663 -0.9407
vn 0.2953 -0.1666 -0.9408
vn 0.3449 -0.1614 -0.9247
vn 0.3503 -0.1648 -0.9220
vn 0.3413 -0.1620 -0.9259
vn 0.3449 -0.1644 -0.9241
vn 0.3395 -0.1627 -0.9264
vn 0.3413 -0.1639 -0.9256
vn 0.3391 -0.1632 -0.9265
vn 0.3395 -0.1635 -0.9263
vn 0.3391 -0.1635 -0.9264
vn 0.3394 -0.1633 -0.9264
vn 0.3394 -0.1635 -0.9263
vn 0.3394 -0.1634 -0.9263
vn 0.3398 -0.1632 -0.9263
vn 0.3398 -0.1641 -0.9261
vn 0.3408 -0.1632 -0.9259
vn 0.3889 -0.1588 -0.9075
vn 0.3936 -0.1618 -0.9049
vn 0.3852 -0.1590 -0.9090
vn 0.3889 -0.1614 -0.9071
vn 0.3830 -0.1595 -0.9099
vn 0.3852 -0.1610 -0.9087
vn 0.3822 -0.1602 -0.9101
vn 0.3830 -0.1608 -0.9096
vn 0.3822 -0.1605 -0.9100
vn 0.3823 -0.1604 -0.9100
vn 0.3823 -0.1607 -0.9100
vn 0.3828 -0.1603 -0.9098
vn 0.3828 -0.1605 -0.9098
vn 0.3830 -0.1603 -0.9097
vn 0.3830 -0.1609 -0.9096
vn 0.4318 -0.1551 -0.8885
vn 0.4367 -0.1582 -0.8856
vn 0.4277 -0.1555 -0.8904
vn 0.4318 -0.1581 -0.8880
vn 0.4253 -0.1562 -0.8915
vn 0.4277 -0.1579 -0.8900
vn 0.4247 -0.1571 -0.8916
vn 0.4253 -0.1576 -0.8912
vn 0.4247 -0.1573 -0.8916
vn 0.4249 -0.1571 -0.8915
vn 0.4250 -0.1572 -0.8914
vn 0.4253 -0.1570 -0.8913
vn 0.4258 -0.1575 -0.8910
vn 0.4253 -0.1572 -0.8913
vn 0.4739 -0.1509 -0.8675
vn 0.4796 -0.1546 -0.8638
vn 0.4694 -0.1517 -0.8699
vn 0.4739 -0.1547 -0.8669
vn 0.4670 -0.1526 -0.8710
vn 0.4694 -0.1542 -0.8694
vn 0.4670 -0.1540 -0.8707
vn 0.4663 -0.1536 -0.8712
vn 0.4664 -0.1535 -0.8712
vn 0.4664 -0.1537 -0.8712
vn 0.4663 -0.1537 -0.8712
vn 0.4665 -0.1535 -0.8711
vn 0.4662 -0.1535 -0.8713
vn 0.4665 -0.1537 -0.8711
vn 0.5148 -0.1469 -0.8447
vn 0.5207 -0.1507 -0.8404
vn 0.5104 -0.1478 -0.8472
vn 0.5148 -0.1507 -0.8440
vn 0.5075 -0.1485 -0.8487
vn 0.5104 -0.1504 -0.8467
vn 0.5068 -0.1495 -0.8490
vn 0.5075 -0.1500 -0.8485
vn 0.5068 -0.1497 -0.8490
vn 0.5068 -0.1499 -0.8490
vn 0.5069 -0.1498 -0.8489
vn 0.5071 -0.1496 -0.8488
vn 0.5071 -0.1499 -0.8487
vn 0.5547 -0.1424 -0.8197
vn 0.5606 -0.1462 -0.8151
vn 0.5501 -0.1432 -0.8227
vn 0.5548 -0.1463 -0.8190
vn 0.5473 -0.1442 -0.8244
vn 0.5501 -0.1461 -0.8222
vn 0.5464 -0.1450 -0.8249
vn 0.5473 -0.1457 -0.8241
vn 0.5462 -0.1454 -0.8250
vn 0.5464 -0.1456 -0.8248
vn 0.5462 -0.1457 -0.8249
vn 0.5466 -0.1453 -0.8247
vn 0.5466 -0.1454 -0.8247
vn 0.5462 -0.1454 -0.8249
vn 0.5466 -0.1457 -0.8246
vn 0.5932 -0.1375 -0.7932
vn 0.5996 -0.1417 -0.7876
vn 0.5888 -0.1385 -0.7964
vn 0.5932 -0.1415 -0.7925
vn 0.5858 -0.1395 -0.7984
vn 0.5888 -0.1416 -0.7958
vn 0.5846 -0.1404 -0.7991
vn 0.5858 -0.1413 -0.7981
vn 0.5847 -0.1409 -0.7989
vn 0.5846 -0.1408 -0.7990
vn 0.5847 -0.1408 -0.7989
vn 0.5846 -0.1410 -0.7990
vn 0.5846 -0.1409 -0.7990
vn 0.5847 -0.1413 -0.7989
vn 0.6302 -0.1327 -0.7650
vn 0.6369 -0.1369 -0.7587
vn 0.6258 -0.1335 -0.7685
vn 0.6302 -0.1364 -0.7644
vn 0.6231 -0.1347 -0.7705
vn 0.6258 -0.1367 -0.7679
vn 0.6220 -0.1355 -0.7712
vn 0.6231 -0.1364 -0.7702
vn 0.6216 -0.1358 -0.7714
vn 0.6220 -0.1361 -0.7711
vn 0.6218 -0.1361 -0.7713
vn 0.6216 -0.1360 -0.7714
vn 0.6217 -0.1360 -0.7713
vn 0.6218 -0.1360 -0.7713
vn 0.6211 -0.1361 -0.7718
vn 0.6217 -0.1366 -0.7712
vn 0.6638 -0.1276 -0.7370
vn 0.6727 -0.1324 -0.7280
vn 0.6604 -0.1287 -0.7398
vn 0.6638 -0.1309 -0.7364
vn 0.6587 -0.1297 -0.7411
vn 0.6604 -0.1309 -0.7394
vn 0.6578 -0.1303 -0.7418
vn 0.6587 -0.1311 -0.7409
vn 0.6576 -0.1307 -0.7420
vn 0.6578 -0.1309 -0.7417
vn 0.6575 -0.1307 -0.7420
vn 0.6576 -0.1308 -0.7419
vn 0.6573 -0.1308 -0.7422
vn 0.6575 -0.1310 -0.7420
vn 0.6568 -0.1309 -0.7426
vn 0.6573 -0.1313 -0.7421
vn 0.6912 -0.1245 -0.7119
vn 0.6922 -0.1236 -0.7111
vn 0.6922 -0.1248 -0.7109
vn 0.6924 -0.1246 -0.7107
vn 0.6922 -0.1250 -0.7108
vn 0.6924 -0.1252 -0.7106
vn 0.6919 -0.1252 -0.7110
vn 0.6922 -0.1254 -0.7108
vn 0.6916 -0.1252 -0.7113
vn 0.6919 -0.1255 -0.7110
vn 0.6915 -0.1254 -0.7114
vn 0.6916 -0.1256 -0.7112
vn 0.6910 -0.1253 -0.7120
vn 0.6915 -0.1257 -0.7114
vn 0.7072 -0.1268 -0.6956
vn 0.7172 -0.1182 -0.6867
vn 0.7172 -0.1229 -0.6859
vn 0.7223 -0.1179 -0.6815
vn 0.7223 -0.1208 -0.6810
vn 0.7243 -0.1184 -0.6792
vn 0.7243 -0.1198 -0.6790
vn 0.7247 -0.1194 -0.6787
vn 0.7246 -0.1196 -0.6787
vn 0.7247 -0.1197 -0.6786
vn 0.7244 -0.1196 -0.6789
vn 0.7246 -0.1198 -0.6787
vn 0.7242 -0.1197 -0.6791
vn 0.7244 -0.1199 -0.6789
vn 0.7236 -0.1194 -0.6798
vn 0.7242 -0.1199 -0.6791
vn 0.7401 -0.1199 -0.6618
vn 0.7471 -0.1126 -0.6551
vn 0.7471 -0.1179 -0.6542
vn 0.7525 -0.1120 -0.6490
vn 0.7525 -0.1155 -0.6483
vn 0.7552 -0.1124 -0.6458
vn 0.7552 -0.1142 -0.6455
vn 0.7559 -0.1132 -0.6448
vn 0.7557 -0.1136 -0.6450
vn 0.7559 -0.1138 -0.6447
vn 0.7555 -0.1136 -0.6452
vn 0.7557 -0.1138 -0.6450
vn 0.7553 -0.1138 -0.6455
vn 0.7555 -0.1140 -0.6451
vn 0.7546 -0.1134 -0.6463
vn 0.7553 -0.1140 -0.6454
vn 0.7712 -0.1132 -0.6265
vn 0.7770 -0.1064 -0.6205
vn 0.7770 -0.1118 -0.6195
vn 0.7821 -0.1058 -0.6141
vn 0.7821 -0.1097 -0.6134
vn 0.7849 -0.1061 -0.6105
vn 0.7849 -0.1079 -0.6102
vn 0.7855 -0.1071 -0.6095
vn 0.7855 -0.1074 -0.6095
vn 0.7855 -0.1075 -0.6094
vn 0.7852 -0.1074 -0.6098
vn 0.7855 -0.1076 -0.6094
vn 0.7850 -0.1075 -0.6101
vn 0.7852 -0.1077 -0.6098
vn 0.7840 -0.1071 -0.6115
vn 0.7850 -0.1080 -0.6100
vn 0.8009 -0.1062 -0.5893
vn 0.8055 -0.1004 -0.5840
vn 0.8055 -0.1054 -0.5831
vn 0.8102 -0.0994 -0.5776
vn 0.8102 -0.1033 -0.5769
vn 0.8128 -0.0997 -0.5739
vn 0.8128 -0.1016 -0.5735
vn 0.8136 -0.1006 -0.5727
vn 0.8133 -0.1009 -0.5730
vn 0.8136 -0.1011 -0.5726
vn 0.8131 -0.1009 -0.5733
vn 0.8133 -0.1011 -0.5729
vn 0.8129 -0.1010 -0.5736
vn 0.8131 -0.1013 -0.5732
vn 0.8121 -0.1008 -0.5747
vn 0.8129 -0.1015 -0.5735
vn 0.8284 -0.0996 -0.5512
vn 0.8326 -0.0939 -0.5459
vn 0.8326 -0.0986 -0.5451
vn 0.8367 -0.0929 -0.5398
vn 0.8367 -0.0966 -0.5391
vn 0.8392 -0.0929 -0.5359
vn 0.8392 -0.0949 -0.5355
vn 0.8399 -0.0938 -0.5346
vn 0.8398 -0.0942 -0.5347
vn 0.8399 -0.0944 -0.5345
vn 0.8394 -0.0941 -0.5354
vn 0.8398 -0.0945 -0.5347
vn 0.8390 -0.0943 -0.5359
vn 0.8394 -0.0946 -0.5353
vn 0.8380 -0.0940 -0.5376
vn 0.8390 -0.0951 -0.5358
vn 0.8539 -0.0925 -0.5122
vn 0.8576 -0.0869 -0.5069
vn 0.8576 -0.0918 -0.5060
vn 0.8614 -0.0861 -0.5006
vn 0.8614 -0.0896 -0.5000
vn 0.8635 -0.0862 -0.4969
vn 0.8635 -0.0880 -0.4965
vn 0.8641 -0.0870 -0.4957
vn 0.8640 -0.0873 -0.4959
vn 0.8641 -0.0874 -0.4956
vn 0.8637 -0.0873 -0.4964
vn 0.8640 -0.0876 -0.4958
vn 0.8633 -0.0874 -0.4970
vn 0.8637 -0.0877 -0.4964
vn 0.8624 -0.0873 -0.4986
vn 0.8633 -0.0882 -0.4968
vn 0.8781 -0.0850 -0.4709
vn 0.8809 -0.0803 -0.4665
vn 0.8809 -0.0845 -0.4657
vn 0.8841 -0.0791 -0.4605
vn 0.8841 -0.0825 -0.4599
vn 0.8860 -0.0792 -0.4569
vn 0.8860 -0.0810 -0.4565
vn 0.8865 -0.0800 -0.4557
vn 0.8864 -0.0802 -0.4559
vn 0.8865 -0.0804 -0.4556
vn 0.8860 -0.0802 -0.4566
vn 0.8864 -0.0807 -0.4558
vn 0.8858 -0.0803 -0.4571
vn 0.8860 -0.0807 -0.4565
vn 0.8848 -0.0802 -0.4590
vn 0.8858 -0.0813 -0.4569
vn 0.8995 -0.0779 -0.4300
vn 0.9022 -0.0728 -0.4252
vn 0.9022 -0.0771 -0.4244
vn 0.9050 -0.0718 -0.4193
vn 0.9050 -0.0752 -0.4187
vn 0.9065 -0.0722 -0.4159
vn 0.9065 -0.0737 -0.4156
vn 0.9070 -0.0728 -0.4148
vn 0.9068 -0.0730 -0.4152
vn 0.9070 -0.0733 -0.4147
vn 0.9066 -0.0731 -0.4157
vn 0.9068 -0.0734 -0.4151
vn 0.9063 -0.0731 -0.4163
vn 0.9066 -0.0735 -0.4156
vn 0.9058 -0.0729 -0.4174
vn 0.9063 -0.0735 -0.4163
vn 0.9195 -0.0699 -0.3869
vn 0.9215 -0.0656 -0.3827
vn 0.9215 -0.0694 -0.3821
vn 0.9238 -0.0646 -0.3774
vn 0.9238 -0.0678 -0.3768
vn 0.9252 -0.0648 -0.3740
vn 0.9252 -0.0662 -0.3738
vn 0.9255 -0.0654 -0.3731
vn 0.9253 -0.0657 -0.3734
vn 0.9255 -0.0660 -0.3730
vn 0.9251 -0.0657 -0.3740
vn 0.9253 -0.0661 -0.3734
vn 0.9248 -0.0658 -0.3746
vn 0.9251 -0.0662 -0.3739
vn 0.9240 -0.0652 -0.3769
vn 0.9248 -0.0664 -0.3745
vn 0.9368 -0.0623 -0.3443
vn 0.9388 -0.0575 -0.3397
vn 0.9388 -0.0617 -0.3389
vn 0.9407 -0.0572 -0.3344
vn 0.9407 -0.0601 -0.3339
vn 0.9418 -0.0573 -0.3312
vn 0.9418 -0.0586 -0.3310
vn 0.9420 -0.0580 -0.3304
vn 0.9419 -0.0582 -0.3309
vn 0.9420 -0.0585 -0.3304
vn 0.9417 -0.0582 -0.3315
vn 0.9419 -0.0585 -0.3308
vn 0.9414 -0.0583 -0.3321
vn 0.9417 -0.0587 -0.3314
vn 0.9407 -0.0579 -0.3343
vn 0.9414 -0.0591 -0.3320
vn 0.9527 -0.0536 -0.2991
vn 0.9539 -0.0503 -0.2958
vn 0.9539 -0.0540 -0.2952
vn 0.9555 -0.0495 -0.2907
vn 0.9555 -0.0522 -0.2902
vn 0.9564 -0.0497 -0.2877
vn 0.9564 -0.0510 -0.2875
vn 0.9566 -0.0504 -0.2870
vn 0.9565 -0.0505 -0.2875
vn 0.9566 -0.0508 -0.2869
vn 0.9563 -0.0505 -0.2881
vn 0.9565 -0.0508 -0.2874
vn 0.9560 -0.0507 -0.2888
vn 0.9563 -0.0511 -0.2880
vn 0.9556 -0.0502 -0.2903
vn 0.9560 -0.0510 -0.2888
vn 0.9662 -0.0457 -0.2538
vn 0.9670 -0.0430 -0.2512
vn 0.9670 -0.0459 -0.2507
vn 0.9682 -0.0419 -0.2466
vn 0.9682 -0.0444 -0.2462
vn 0.9689 -0.0421 -0.2439
vn 0.9689 -0.0433 -0.2437
vn 0.9691 -0.0426 -0.2431
vn 0.9690 -0.0428 -0.2434
vn 0.9691 -0.0430 -0.2430
vn 0.9688 -0.0427 -0.2443
vn 0.9690 -0.0432 -0.2433
vn 0.9686 -0.0429 -0.2450
vn 0.9688 -0.0433 -0.2442
vn 0.9678 -0.0422 -0.2480
vn 0.9686 -0.0437 -0.2448
vn 0.9773 -0.0380 -0.2086
vn 0.9779 -0.0355 -0.2062
vn 0.9779 -0.0378 -0.2057
vn 0.9788 -0.0343 -0.2022
vn 0.9788 -0.0365 -0.2018
vn 0.9793 -0.0344 -0.1996
vn 0.9793 -0.0354 -0.1995
vn 0.9794 -0.0348 -0.1989
vn 0.9793 -0.0350 -0.1993
vn 0.9794 -0.0352 -0.1988
vn 0.9792 -0.0350 -0.2000
vn 0.9793 -0.0354 -0.1992
vn 0.9790 -0.0351 -0.2007
vn 0.9792 -0.0354 -0.1999
vn 0.9786 -0.0349 -0.2027
vn 0.9790 -0.0360 -0.2005
vn 0.9861 -0.0298 -0.1632
vn 0.9866 -0.0273 -0.1609
vn 0.9866 -0.0297 -0.1605
vn 0.9872 -0.0267 -0.1574
vn 0.9872 -0.0285 -0.1571
vn 0.9875 -0.0267 -0.1552
vn 0.9875 -0.0275 -0.1551
vn 0.9876 -0.0271 -0.1546
vn 0.9875 -0.0272 -0.1550
vn 0.9876 -0.0274 -0.1546
vn 0.9875 -0.0272 -0.1555
vn 0.9875 -0.0275 -0.1549
vn 0.9874 -0.0272 -0.1561
vn 0.9875 -0.0275 -0.1554
vn 0.9870 -0.0271 -0.1581
vn 0.9874 -0.0281 -0.1559
vn 0.9930 -0.0206 -0.1160
vn 0.9931 -0.0200 -0.1154
vn 0.9931 -0.0215 -0.1152
vn 0.9935 -0.0190 -0.1126
vn 0.9935 -0.0206 -0.1124
vn 0.9937 -0.0191 -0.1109
vn 0.9937 -0.0197 -0.1108
vn 0.9937 -0.0192 -0.1102
vn 0.9937 -0.0194 -0.1104
vn 0.9937 -0.0195 -0.1102
vn 0.9936 -0.0194 -0.1108
vn 0.9937 -0.0196 -0.1104
vn 0.9936 -0.0194 -0.1112
vn 0.9936 -0.0196 -0.1108
vn 0.9934 -0.0193 -0.1130
vn 0.9936 -0.0202 -0.1111
vn 0.9975 -0.0125 -0.0698
vn 0.9975 -0.0124 -0.0697
vn 0.9975 -0.0131 -0.0695
vn 0.9976 -0.0114 -0.0678
vn 0.9976 -0.0126 -0.0676
vn 0.9977 -0.0115 -0.0666
vn 0.9977 -0.0119 -0.0665
vn 0.9977 -0.0115 -0.0661
vn 0.9977 -0.0116 -0.0662
vn 0.9977 -0.0117 -0.0661
vn 0.9977 -0.0116 -0.0664
vn 0.9977 -0.0115 -0.0675
vn 0.9977 -0.0120 -0.0663
vn 0.9997 -0.0040 -0.0233
vn 0.9997 -0.0041 -0.0232
vn 0.9997 -0.0046 -0.0232
vn 0.9997 -0.0040 -0.0227
vn 0.9997 -0.0044 -0.0226
vn 0.9997 -0.0039 -0.0222
vn 0.9997 -0.0040 -0.0222
vn 0.9997 -0.0039 -0.0221
vn 0.9997 -0.0039 -0.0220
vn 0.9997 -0.0037 -0.0224
vn 0.9998 -0.0039 -0.0220
vn -0.0000 0.9849 -0.1730
vn 0.0001 0.9848 -0.1737
vn 0.0001 0.9848 -0.1739
vn -0.0002 0.9849 -0.1734
vn 0.0004 0.9847 -0.1742
vn 0.0002 0.9847 -0.1740
vn -0.0001 0.9847 -0.1742
vn 0.0007 0.9850 -0.1726
vn 0.0004 0.9850 -0.1724
vn 0.0004 0.9850 -0.1726
vn 0.0009 0.9849 -0.1732
vn -0.0005 0.9848 -0.1737
vn -0.0005 0.9847 -0.1741
vn -0.0001 0.9850 -0.1728
vn 0.0003 0.9850 -0.1726
vn -0.0006 0.9847 -0.1745
vn -0.0006 0.9846 -0.1748
vn -0.0005 0.9846 -0.1747
vn -0.0007 0.9847 -0.1745
vn 0.0003 0.9849 -0.1729
vn -0.0006 0.9847 -0.1743
vn 0.0005 0.9850 -0.1724
vn 0.0004 0.9850 -0.1725
vn 0.0007 0.9849 -0.1731
vn -0.0009 0.9847 -0.1741
vn -0.0004 0.9846 -0.1750
vn -0.0005 0.9846 -0.1750
vn -0.0006 0.9846 -0.1749
vn -0.0005 0.9846 -0.1748
vn 0.0007 0.9849 -0.1732
vn -0.0008 0.9848 -0.1739
vn 0.0005 0.9847 -0.1742
vn -0.0003 0.9846 -0.1746
vn -0.0000 0.9850 -0.1728
vn 0.0002 0.9847 -0.1742
vn 0.0003 0.9849 -0.1734
vn -0.0003 0.9850 -0.1727
vn -0.0000 0.9850 -0.1725
vn -0.0005 0.9848 -0.1739
vn -0.0005 0.9848 -0.1740
vn -0.0004 0.9846 -0.1748
vn -0.0000 0.9846 -0.1747
vn -0.0004 0.9846 -0.1746
vn -0.0004 0.9847 -0.1742
vn 0.0002 0.9847 -0.1741
vn -0.0001 0.9849 -0.1734
vn -0.0002 0.9850 -0.1728
vn -0.0003 0.9850 -0.1728
vn 0.0008 0.9849 -0.1732
vn -0.0004 0.9849 -0.1730
vn -0.0001 0.9849 -0.1729
vn -0.0006 0.9850 -0.1728
vn -0.0006 0.9850 -0.1726
vn -0.0002 0.9850 -0.1725
vn 0.0001 0.9847 -0.1744
vn 0.0005 0.9847 -0.1743
vn 0.0005 0.9847 -0.1745
vn -0.0003 0.9847 -0.1745
vn -0.0000 0.9847 -0.1744
vn 0.0005 0.9846 -0.1746
vn -0.0004 0.9849 -0.1734
vn 0.0001 0.9847 -0.1742
vn 0.0003 0.9850 -0.1728
vn -0.0001 0.9848 -0.1739
vn 0.0003 0.9849 -0.1732
vn -0.0001 0.9850 -0.1727
vn -0.0142 0.9999 -0.0053
vn -0.0388 0.9992 -0.0008
vn -0.0159 0.9999 -0.0031
vn -0.0160 0.9999 -0.0038
vn -0.0140 0.9999 -0.0073
vn -0.0150 0.9998 -0.0099
vn -0.0135 0.9998 -0.0136
vn -0.0142 0.9998 -0.0146
vn -0.0131 0.9997 -0.0188
vn -0.0142 0.9997 -0.0202
vn -0.0137 0.9996 -0.0240
vn -0.0150 0.9996 -0.0255
vn -0.0429 0.9990 -0.0090
vn -0.0530 0.9986 -0.0048
vn -0.0422 0.9991 -0.0101
vn -0.0417 0.9991 -0.0067
vn -0.0396 0.9992 -0.0113
vn -0.0402 0.9991 -0.0128
vn -0.0395 0.9991 -0.0148
vn -0.0409 0.9990 -0.0174
vn -0.0403 0.9990 -0.0199
vn -0.0407 0.9990 -0.0206
vn -0.0403 0.9989 -0.0241
vn -0.0415 0.9988 -0.0257
vn -0.0416 0.9991 0.0022
vn -0.0568 0.9984 -0.0057
vn -0.0565 0.9984 -0.0010
vn -0.0660 0.9978 -0.0071
vn -0.0657 0.9978 -0.0096
vn -0.0658 0.9978 -0.0099
vn -0.0659 0.9978 -0.0095
vn -0.0668 0.9977 -0.0119
vn -0.0664 0.9977 -0.0134
vn -0.0667 0.9977 -0.0141
vn -0.0660 0.9977 -0.0170
vn -0.0664 0.9976 -0.0178
vn -0.0660 0.9976 -0.0199
vn -0.0674 0.9975 -0.0222
vn -0.0673 0.9975 -0.0237
vn -0.0696 0.9972 -0.0269
vn -0.0711 0.9975 0.0040
vn -0.0793 0.9968 -0.0043
vn -0.0794 0.9968 -0.0000
vn -0.0866 0.9962 -0.0082
vn -0.0867 0.9962 -0.0067
vn -0.0896 0.9959 -0.0114
vn -0.0897 0.9959 -0.0106
vn -0.0907 0.9958 -0.0124
vn -0.0907 0.9958 -0.0129
vn -0.0927 0.9956 -0.0166
vn -0.0928 0.9956 -0.0164
vn -0.0947 0.9953 -0.0197
vn -0.0945 0.9953 -0.0208
vn -0.0955 0.9952 -0.0223
vn -0.0953 0.9951 -0.0244
vn -0.0966 0.9950 -0.0262
vn -0.0979 0.9952 0.0042
vn -0.1061 0.9943 -0.0058
vn -0.1061 0.9944 -0.0009
vn -0.1117 0.9937 -0.0080
vn -0.1118 0.9937 -0.0065
vn -0.1143 0.9934 -0.0102
vn -0.1144 0.9934 -0.0091
vn -0.1171 0.9930 -0.0133
vn -0.1171 0.9930 -0.0142
vn -0.1187 0.9928 -0.0168
vn -0.1187 0.9928 -0.0178
vn -0.1200 0.9926 -0.0199
vn -0.1200 0.9926 -0.0205
vn -0.1222 0.9922 -0.0240
vn -0.1222 0.9922 -0.0233
vn -0.1236 0.9920 -0.0254
vn -0.1269 0.9919 0.0016
vn -0.1311 0.9914 -0.0038
vn -0.1311 0.9914 -0.0021
vn -0.1366 0.9906 -0.0094
vn -0.1367 0.9906 -0.0050
vn -0.1403 0.9901 -0.0099
vn -0.1403 0.9901 -0.0094
vn -0.1432 0.9896 -0.0136
vn -0.1432 0.9896 -0.0138
vn -0.1458 0.9892 -0.0177
vn -0.1458 0.9892 -0.0175
vn -0.1469 0.9890 -0.0191
vn -0.1468 0.9889 -0.0218
vn -0.1486 0.9886 -0.0245
vn -0.1487 0.9886 -0.0221
vn -0.1512 0.9882 -0.0260
vn -0.1543 0.9880 0.0032
vn -0.1596 0.9872 -0.0039
vn -0.1596 0.9872 -0.0032
vn -0.1633 0.9865 -0.0082
vn -0.1633 0.9866 -0.0048
vn -0.1671 0.9859 -0.0099
vn -0.1671 0.9859 -0.0095
vn -0.1707 0.9852 -0.0146
vn -0.1707 0.9852 -0.0145
vn -0.1722 0.9849 -0.0167
vn -0.1722 0.9849 -0.0164
vn -0.1740 0.9846 -0.0192
vn -0.1739 0.9845 -0.0219
vn -0.1757 0.9841 -0.0246
vn -0.1757 0.9842 -0.0224
vn -0.1787 0.9835 -0.0268
vn -0.1807 0.9835 0.0017
vn -0.1860 0.9825 -0.0055
vn -0.1860 0.9825 -0.0027
vn -0.1900 0.9817 -0.0082
vn -0.1901 0.9818 -0.0052
vn -0.1931 0.9811 -0.0094
vn -0.1930 0.9811 -0.0109
vn -0.1957 0.9806 -0.0148
vn -0.1957 0.9806 -0.0135
vn -0.1982 0.9800 -0.0172
vn -0.1983 0.9800 -0.0163
vn -0.2002 0.9796 -0.0191
vn -0.2001 0.9795 -0.0217
vn -0.2017 0.9792 -0.0242
vn -0.2017 0.9792 -0.0232
vn -0.2047 0.9784 -0.0277
vn -0.2097 0.9778 0.0001
vn -0.2125 0.9771 -0.0038
vn -0.2125 0.9771 -0.0033
vn -0.2157 0.9764 -0.0077
vn -0.2157 0.9764 -0.0050
vn -0.2198 0.9755 -0.0108
vn -0.2198 0.9755 -0.0109
vn -0.2225 0.9748 -0.0148
vn -0.2225 0.9748 -0.0139
vn -0.2241 0.9744 -0.0162
vn -0.2241 0.9744 -0.0161
vn -0.2270 0.9737 -0.0204
vn -0.2270 0.9737 -0.0210
vn -0.2287 0.9732 -0.0237
vn -0.2317 0.9724 -0.0282
vn -0.2375 0.9714 0.0015
vn -0.2409 0.9705 -0.0033
vn -0.2409 0.9705 -0.0028
vn -0.2433 0.9699 -0.0062
vn -0.2433 0.9699 -0.0067
vn -0.2464 0.9691 -0.0111
vn -0.2482 0.9686 -0.0137
vn -0.2483 0.9686 -0.0128
vn -0.2508 0.9679 -0.0165
vn -0.2508 0.9679 -0.0172
vn -0.2537 0.9670 -0.0216
vn -0.2538 0.9671 -0.0203
vn -0.2555 0.9665 -0.0229
vn -0.2554 0.9665 -0.0241
vn -0.2578 0.9658 -0.0278
vn -0.2638 0.9646 0.0010
vn -0.2668 0.9637 -0.0033
vn -0.2668 0.9637 -0.0022
vn -0.2699 0.9629 -0.0066
vn -0.2699 0.9629 -0.0074
vn -0.2720 0.9622 -0.0105
vn -0.2720 0.9622 -0.0102
vn -0.2748 0.9614 -0.0142
vn -0.2748 0.9614 -0.0131
vn -0.2776 0.9605 -0.0172
vn -0.2776 0.9605 -0.0182
vn -0.2787 0.9602 -0.0199
vn -0.2787 0.9602 -0.0196
vn -0.2823 0.9590 -0.0252
vn -0.2824 0.9590 -0.0234
vn -0.2849 0.9582 -0.0272
vn -0.2914 0.9566 0.0008
vn -0.2941 0.9558 -0.0032
vn -0.2941 0.9558 -0.0029
vn -0.2965 0.9550 -0.0064
vn -0.2965 0.9550 -0.0069
vn -0.2988 0.9543 -0.0103
vn -0.2988 0.9543 -0.0107
vn -0.3008 0.9536 -0.0137
vn -0.3008 0.9536 -0.0138
vn -0.3026 0.9530 -0.0166
vn -0.3026 0.9530 -0.0163
vn -0.3057 0.9519 -0.0209
vn -0.3056 0.9519 -0.0217
vn -0.3075 0.9512 -0.0246
vn -0.3076 0.9512 -0.0232
vn -0.3101 0.9503 -0.0271
vn -0.3173 0.9483 0.0002
vn -0.3197 0.9475 -0.0033
vn -0.3222 0.9466 -0.0071
vn -0.3222 0.9466 -0.0072
vn -0.3238 0.9461 -0.0096
vn -0.3238 0.9461 -0.0105
vn -0.3259 0.9453 -0.0136
vn -0.3259 0.9453 -0.0132
vn -0.3287 0.9443 -0.0174
vn -0.3308 0.9435 -0.0206
vn -0.3307 0.9435 -0.0209
vn -0.3335 0.9424 -0.0252
vn -0.3336 0.9424 -0.0229
vn -0.3369 0.9411 -0.0280
vn -0.3449 0.9386 -0.0003
vn -0.3463 0.9381 -0.0024
vn -0.3463 0.9381 -0.0043
vn -0.3481 0.9374 -0.0071
vn -0.3481 0.9374 -0.0066
vn -0.3498 0.9368 -0.0092
vn -0.3498 0.9368 -0.0104
vn -0.3519 0.9359 -0.0137
vn -0.3519 0.9359 -0.0139
vn -0.3547 0.9348 -0.0181
vn -0.3547 0.9348 -0.0169
vn -0.3569 0.9339 -0.0201
vn -0.3568 0.9339 -0.0214
vn -0.3587 0.9331 -0.0243
vn -0.3587 0.9331 -0.0241
vn -0.3612 0.9321 -0.0279
vn -0.3710 0.9286 -0.0000
vn -0.3729 0.9279 -0.0029
vn -0.3729 0.9279 -0.0047
vn -0.3731 0.9278 -0.0049
vn -0.3730 0.9278 -0.0066
vn -0.3757 0.9267 -0.0107
vn -0.3757 0.9267 -0.0106
vn -0.3779 0.9257 -0.0140
vn -0.3779 0.9257 -0.0146
vn -0.3790 0.9253 -0.0163
vn -0.3790 0.9253 -0.0166
vn -0.3820 0.9239 -0.0211
vn -0.3820 0.9239 -0.0205
vn -0.3847 0.9227 -0.0247
vn -0.3848 0.9227 -0.0236
vn -0.3873 0.9216 -0.0274
vn -0.3964 0.9181 -0.0010
vn -0.3976 0.9176 -0.0028
vn -0.3976 0.9176 -0.0030
vn -0.3996 0.9167 -0.0062
vn -0.3996 0.9167 -0.0083
vn -0.4007 0.9162 -0.0100
vn -0.4006 0.9162 -0.0112
vn -0.4021 0.9155 -0.0133
vn -0.4021 0.9155 -0.0129
vn -0.4050 0.9142 -0.0172
vn -0.4050 0.9142 -0.0174
vn -0.4071 0.9131 -0.0207
vn -0.4071 0.9131 -0.0208
vn -0.4098 0.9118 -0.0250
vn -0.4099 0.9118 -0.0233
vn -0.4124 0.9106 -0.0271
vn -0.4229 0.9062 -0.0013
vn -0.4230 0.9061 -0.0015
vn -0.4230 0.9061 -0.0048
vn -0.4235 0.9059 -0.0056
vn -0.4235 0.9059 -0.0081
vn -0.4247 0.9053 -0.0099
vn -0.4246 0.9053 -0.0107
vn -0.4270 0.9041 -0.0143
vn -0.4270 0.9041 -0.0140
vn -0.4291 0.9031 -0.0171
vn -0.4291 0.9031 -0.0170
vn -0.4321 0.9016 -0.0216
vn -0.4321 0.9016 -0.0211
vn -0.4341 0.9005 -0.0242
vn -0.4342 0.9005 -0.0231
vn -0.4374 0.8988 -0.0281
vn -0.4480 0.8940 -0.0006
vn -0.4484 0.8938 -0.0013
vn -0.4484 0.8938 -0.0045
vn -0.4497 0.8932 -0.0064
vn -0.4496 0.8932 -0.0081
vn -0.4500 0.8930 -0.0087
vn -0.4499 0.8930 -0.0117
vn -0.4515 0.8921 -0.0143
vn -0.4516 0.8921 -0.0138
vn -0.4537 0.8910 -0.0171
vn -0.4536 0.8910 -0.0179
vn -0.4560 0.8897 -0.0215
vn -0.4560 0.8897 -0.0203
vn -0.4588 0.8882 -0.0246
vn -0.4589 0.8882 -0.0241
vn -0.4616 0.8867 -0.0283
vn -0.4726 0.8813 -0.0011
vn -0.4735 0.8808 -0.0025
vn -0.4734 0.8808 -0.0057
vn -0.4730 0.8811 -0.0050
vn -0.4729 0.8811 -0.0073
vn -0.4740 0.8805 -0.0090
vn -0.4739 0.8805 -0.0119
vn -0.4755 0.8796 -0.0144
vn -0.4755 0.8796 -0.0139
vn -0.4778 0.8783 -0.0174
vn -0.4778 0.8783 -0.0177
vn -0.4796 0.8773 -0.0204
vn -0.4795 0.8773 -0.0208
vn -0.4825 0.8755 -0.0254
vn -0.4826 0.8755 -0.0244
vn -0.4851 0.8740 -0.0285
vn -0.4974 0.8675 -0.0027
vn -0.4978 0.8673 -0.0019
vn -0.4974 0.8675 -0.0047
vn -0.4980 0.8672 -0.0056
vn -0.4979 0.8672 -0.0078
vn -0.4987 0.8667 -0.0091
vn -0.4986 0.8667 -0.0121
vn -0.4995 0.8662 -0.0135
vn -0.4995 0.8662 -0.0143
vn -0.5013 0.8651 -0.0171
vn -0.5013 0.8651 -0.0167
vn -0.5043 0.8633 -0.0213
vn -0.5043 0.8633 -0.0214
vn -0.5064 0.8619 -0.0247
vn -0.5089 0.8604 -0.0287
vn -0.5216 0.8532 -0.0024
vn -0.5220 0.8529 -0.0018
vn -0.5216 0.8532 -0.0056
vn -0.5213 0.8533 -0.0052
vn -0.5213 0.8534 -0.0082
vn -0.5216 0.8531 -0.0088
vn -0.5215 0.8532 -0.0114
vn -0.5230 0.8522 -0.0138
vn -0.5230 0.8522 -0.0140
vn -0.5251 0.8508 -0.0173
vn -0.5251 0.8509 -0.0177
vn -0.5274 0.8494 -0.0212
vn -0.5274 0.8494 -0.0208
vn -0.5299 0.8477 -0.0248
vn -0.5299 0.8477 -0.0250
vn -0.5321 0.8462 -0.0286
vn -0.5454 0.8382 -0.0024
vn -0.5456 0.8380 -0.0020
vn -0.5454 0.8382 -0.0054
vn -0.5448 0.8385 -0.0045
vn -0.5447 0.8386 -0.0081
vn -0.5457 0.8379 -0.0096
vn -0.5456 0.8380 -0.0118
vn -0.5462 0.8376 -0.0127
vn -0.5461 0.8376 -0.0144
vn -0.5486 0.8359 -0.0184
vn -0.5487 0.8358 -0.0177
vn -0.5503 0.8347 -0.0203
vn -0.5503 0.8347 -0.0212
vn -0.5528 0.8329 -0.0252
vn -0.5528 0.8329 -0.0250
vn -0.5545 0.8317 -0.0277
vn -0.5681 0.8229 -0.0027
vn -0.5690 0.8223 -0.0012
vn -0.5681 0.8229 -0.0047
vn -0.5684 0.8227 -0.0052
vn -0.5683 0.8228 -0.0089
vn -0.5685 0.8226 -0.0092
vn -0.5684 0.8227 -0.0109
vn -0.5703 0.8213 -0.0139
vn -0.5702 0.8213 -0.0156
vn -0.5713 0.8206 -0.0172
vn -0.5713 0.8206 -0.0170
vn -0.5738 0.8187 -0.0210
vn -0.5737 0.8188 -0.0216
vn -0.5753 0.8176 -0.0241
vn -0.5753 0.8176 -0.0244
vn -0.5775 0.8159 -0.0281
vn -0.5916 0.8062 -0.0021
vn -0.5920 0.8060 -0.0015
vn -0.5916 0.8062 -0.0054
vn -0.5915 0.8063 -0.0054
vn -0.5914 0.8063 -0.0085
vn -0.5923 0.8057 -0.0099
vn -0.5922 0.8057 -0.0121
vn -0.5928 0.8052 -0.0132
vn -0.5928 0.8052 -0.0145
vn -0.5938 0.8044 -0.0162
vn -0.5937 0.8045 -0.0180
vn -0.5957 0.8029 -0.0213
vn -0.5957 0.8029 -0.0209
vn -0.5979 0.8012 -0.0246
vn -0.5979 0.8012 -0.0251
vn -0.5990 0.8003 -0.0270
vn -0.6146 0.7889 -0.0020
vn -0.6147 0.7888 -0.0018
vn -0.6145 0.7889 -0.0055
vn -0.6144 0.7889 -0.0092
vn -0.6141 0.7892 -0.0086
vn -0.6140 0.7893 -0.0116
vn -0.6148 0.7886 -0.0130
vn -0.6148 0.7886 -0.0139
vn -0.6167 0.7870 -0.0171
vn -0.6166 0.7871 -0.0185
vn -0.6178 0.7860 -0.0205
vn -0.6177 0.7861 -0.0217
vn -0.6195 0.7846 -0.0248
vn -0.6196 0.7846 -0.0244
vn -0.6210 0.7833 -0.0269
vn -0.6364 0.7714 -0.0021
vn -0.6360 0.7717 -0.0015
vn -0.6359 0.7717 -0.0054
vn -0.6360 0.7717 -0.0055
vn -0.6359 0.7717 -0.0078
vn -0.6368 0.7710 -0.0093
vn -0.6367 0.7710 -0.0114
vn -0.6377 0.7701 -0.0132
vn -0.6377 0.7702 -0.0149
vn -0.6385 0.7695 -0.0163
vn -0.6384 0.7695 -0.0181
vn -0.6398 0.7682 -0.0206
vn -0.6397 0.7683 -0.0222
vn -0.6407 0.7675 -0.0238
vn -0.6406 0.7675 -0.0250
vn -0.6421 0.7661 -0.0277
vn -0.6576 0.7534 -0.0015
vn -0.6582 0.7529 -0.0025
vn -0.6582 0.7529 -0.0052
vn -0.6580 0.7530 -0.0049
vn -0.6579 0.7531 -0.0085
vn -0.6584 0.7526 -0.0094
vn -0.6583 0.7527 -0.0118
vn -0.6589 0.7522 -0.0127
vn -0.6588 0.7522 -0.0145
vn -0.6601 0.7510 -0.0167
vn -0.6600 0.7511 -0.0184
vn -0.6608 0.7503 -0.0199
vn -0.6607 0.7504 -0.0216
vn -0.6619 0.7492 -0.0237
vn -0.6617 0.7493 -0.0261
vn -0.6624 0.7487 -0.0275
vn -0.6790 0.7341 -0.0023
vn -0.6787 0.7344 -0.0017
vn -0.6786 0.7345 -0.0045
vn -0.6789 0.7342 -0.0050
vn -0.6788 0.7343 -0.0086
vn -0.6791 0.7340 -0.0091
vn -0.6790 0.7340 -0.0114
vn -0.6801 0.7330 -0.0133
vn -0.6800 0.7330 -0.0151
vn -0.6808 0.7323 -0.0164
vn -0.6807 0.7324 -0.0181
vn -0.6815 0.7316 -0.0195
vn -0.6813 0.7317 -0.0218
vn -0.6825 0.7305 -0.0239
vn -0.6822 0.7307 -0.0263
vn -0.6821 0.7308 -0.0261
vn -0.6986 0.7156 -0.0013
vn -0.6991 0.7150 -0.0022
vn -0.6991 0.7151 -0.0045
vn -0.6999 0.7142 -0.0060
vn -0.6998 0.7142 -0.0083
vn -0.7000 0.7141 -0.0087
vn -0.6999 0.7141 -0.0122
vn -0.7001 0.7139 -0.0126
vn -0.7000 0.7140 -0.0151
vn -0.7008 0.7132 -0.0165
vn -0.7007 0.7132 -0.0180
vn -0.7016 0.7123 -0.0196
vn -0.7014 0.7124 -0.0223
vn -0.7017 0.7121 -0.0230
vn -0.7015 0.7122 -0.0253
vn -0.7022 0.7114 -0.0266
vn -0.7194 0.6946 -0.0018
vn -0.7193 0.6947 -0.0016
vn -0.7192 0.6948 -0.0055
vn -0.7191 0.6949 -0.0053
vn -0.7190 0.6949 -0.0080
vn -0.7195 0.6945 -0.0087
vn -0.7194 0.6945 -0.0116
vn -0.7199 0.6940 -0.0125
vn -0.7197 0.6941 -0.0154
vn -0.7200 0.6938 -0.0159
vn -0.7199 0.6939 -0.0184
vn -0.7208 0.6928 -0.0201
vn -0.7207 0.6929 -0.0216
vn -0.7214 0.6921 -0.0229
vn -0.7211 0.6924 -0.0261
vn -0.7211 0.6923 -0.0261
vn -0.7381 0.6747 -0.0012
vn -0.7384 0.6743 -0.0019
vn -0.7384 0.6743 -0.0049
vn -0.7388 0.6739 -0.0056
vn -0.7388 0.6739 -0.0081
vn -0.7391 0.6736 -0.0086
vn -0.7389 0.6737 -0.0118
vn -0.7393 0.6733 -0.0124
vn -0.7391 0.6734 -0.0150
vn -0.7397 0.6728 -0.0159
vn -0.7395 0.6729 -0.0190
vn -0.7392 0.6732 -0.0186
vn -0.7390 0.6734 -0.0218
vn -0.7398 0.6724 -0.0233
vn -0.7396 0.6726 -0.0257
vn -0.7395 0.6726 -0.0257
vn -0.7567 0.6538 -0.0016
vn -0.7571 0.6533 -0.0022
vn -0.7570 0.6534 -0.0053
vn -0.7570 0.6534 -0.0052
vn -0.7569 0.6534 -0.0082
vn -0.7569 0.6535 -0.0082
vn -0.7568 0.6536 -0.0118
vn -0.7569 0.6535 -0.0119
vn -0.7567 0.6536 -0.0153
vn -0.7569 0.6533 -0.0157
vn -0.7568 0.6534 -0.0178
vn -0.7576 0.6524 -0.0194
vn -0.7574 0.6526 -0.0223
vn -0.7571 0.6528 -0.0253
vn -0.7575 0.6523 -0.0261
s 0
f 5845//1 6037//1 6042//1
f 6260//2 278//2 280//2
f 2//3 4//3 3//3
f 3//4 1//4 2//4
f 5//5 6//5 4//5
f 4//6 2//6 5//6
f 10//7 11//7 6//7
f 6//8 5//8 10//8
f 15//9 27//9 11//9
f 11//10 10//10 15//10
f 16//11 33//11 27//11
f 27//12 15//12 16//12
f 17//13 34//13 33//13
f 33//14 16//14 17//14
f 18//15 35//15 34//15
f 34//16 17//16 18//16
f 19//17 36//17 35//17
f 35//18 18//18 19//18
f 20//19 37//19 36//19
f 36//20 19//20 20//20
f 21//21 38//21 37//21
f 37//22 20//22 21//22
f 22//23 39//23 38//23
f 38//24 21//24 22//24
f 23//25 40//25 39//25
f 39//25 22//25 23//25
f 24//26 41//26 40//26
f 40//27 23//27 24//27
f 25//28 42//28 24//28
f 41//29 24//29 42//29
f 43//30 42//30 25//30
f 25//31 26//31 43//31
f 60//32 59//32 42//32
f 42//33 43//33 60//33
f 77//34 76//34 60//34
f 59//35 60//35 76//35
f 92//36 91//36 77//36
f 76//37 77//37 91//37
f 93//38 107//38 92//38
f 91//38 92//38 107//38
f 108//39 109//39 93//39
f 107//40 93//40 109//40
f 121//41 122//41 108//41
f 109//42 108//42 122//42
f 132//43 133//43 121//43
f 122//44 121//44 133//44
f 143//45 144//45 132//45
f 133//46 132//46 144//46
f 148//47 155//47 143//47
f 144//48 143//48 155//48
f 160//49 161//49 155//49
f 155//50 148//50 160//50
f 170//51 171//51 161//51
f 161//51 160//51 170//51
f 180//52 181//52 171//52
f 171//53 170//53 180//53
f 190//54 191//54 180//54
f 181//54 180//54 191//54
f 200//55 201//55 190//55
f 191//56 190//56 201//56
f 210//57 211//57 200//57
f 201//58 200//58 211//58
f 220//59 221//59 210//59
f 211//60 210//60 221//60
f 230//61 231//61 220//61
f 221//62 220//62 231//62
f 233//63 245//63 230//63
f 231//63 230//63 245//63
f 234//64 246//64 233//64
f 245//64 233//64 246//64
f 235//65 247//65 246//65
f 246//66 234//66 235//66
f 236//67 248//67 247//67
f 247//68 235//68 236//68
f 249//69 248//69 236//69
f 236//70 237//70 249//70
f 259//71 258//71 249//71
f 248//72 249//72 258//72
f 267//73 266//73 259//73
f 258//73 259//73 266//73
f 273//74 269//74 267//74
f 266//75 267//75 269//75
f 274//76 268//76 273//76
f 269//77 273//77 268//77
f 275//78 270//78 274//78
f 268//78 274//78 270//78
f 276//79 271//79 270//79
f 270//80 275//80 276//80
f 272//81 271//81 277//81
f 276//82 277//82 271//82
f 265//83 263//83 272//83
f 271//84 272//84 263//84
f 255//85 253//85 265//85
f 263//86 265//86 253//86
f 243//87 241//87 255//87
f 253//88 255//88 241//88
f 229//89 227//89 243//89
f 241//90 243//90 227//90
f 219//91 218//91 227//91
f 227//92 229//92 219//92
f 209//93 208//93 218//93
f 218//94 219//94 209//94
f 199//95 198//95 208//95
f 208//96 209//96 199//96
f 189//97 188//97 198//97
f 198//98 199//98 189//98
f 178//99 177//99 189//99
f 188//100 189//100 177//100
f 166//101 165//101 178//101
f 177//102 178//102 165//102
f 154//103 153//103 166//103
f 165//104 166//104 153//104
f 142//105 141//105 154//105
f 153//106 154//106 141//106
f 129//107 127//107 142//107
f 141//108 142//108 127//108
f 115//109 113//109 129//109
f 127//110 129//110 113//110
f 99//111 97//111 115//111
f 113//112 115//112 97//112
f 82//113 81//113 97//113
f 97//114 99//114 82//114
f 66//115 65//115 81//115
f 81//116 82//116 66//116
f 49//117 47//117 65//117
f 65//118 66//118 49//118
f 32//119 30//119 49//119
f 47//120 49//120 30//120
f 13//121 14//121 32//121
f 30//122 32//122 14//122
f 7//123 8//123 13//123
f 14//124 13//124 8//124
f 4//125 8//125 7//125
f 7//126 3//126 4//126
f 6//127 9//127 4//127
f 8//128 4//128 9//128
f 11//129 12//129 9//129
f 9//130 6//130 11//130
f 27//131 28//131 12//131
f 12//132 11//132 27//132
f 33//133 44//133 28//133
f 28//134 27//134 33//134
f 34//135 51//135 44//135
f 44//136 33//136 34//136
f 35//137 52//137 51//137
f 51//138 34//138 35//138
f 36//139 53//139 52//139
f 52//140 35//140 36//140
f 37//141 54//141 53//141
f 53//142 36//142 37//142
f 38//143 55//143 54//143
f 54//144 37//144 38//144
f 39//145 56//145 55//145
f 55//146 38//146 39//146
f 40//147 57//147 56//147
f 56//148 39//148 40//148
f 41//149 58//149 40//149
f 57//150 40//150 58//150
f 59//151 58//151 41//151
f 41//152 42//152 59//152
f 76//153 75//153 58//153
f 58//154 59//154 76//154
f 91//155 90//155 75//155
f 75//156 76//156 91//156
f 107//157 106//157 91//157
f 90//158 91//158 106//158
f 109//159 120//159 107//159
f 106//160 107//160 120//160
f 122//161 123//161 109//161
f 120//162 109//162 123//162
f 133//163 134//163 122//163
f 123//163 122//163 134//163
f 144//164 145//164 134//164
f 134//165 133//165 144//165
f 155//166 156//166 144//166
f 145//167 144//167 156//167
f 161//168 167//168 156//168
f 156//169 155//169 161//169
f 171//170 172//170 167//170
f 167//171 161//171 171//171
f 181//172 182//172 172//172
f 172//173 171//173 181//173
f 191//174 192//174 181//174
f 182//175 181//175 192//175
f 201//176 202//176 192//176
f 192//177 191//177 201//177
f 211//178 212//178 201//178
f 202//179 201//179 212//179
f 221//180 222//180 211//180
f 212//181 211//181 222//181
f 231//182 232//182 221//182
f 222//183 221//183 232//183
f 245//184 244//184 231//184
f 232//185 231//185 244//185
f 246//186 256//186 245//186
f 244//187 245//187 256//187
f 247//188 257//188 246//188
f 256//189 246//189 257//189
f 258//190 257//190 248//190
f 247//191 248//191 257//191
f 266//192 264//192 258//192
f 257//193 258//193 264//193
f 269//194 261//194 266//194
f 264//195 266//195 261//195
f 268//196 260//196 269//196
f 261//197 269//197 260//197
f 270//198 262//198 260//198
f 260//199 268//199 270//199
f 263//200 262//200 271//200
f 270//201 271//201 262//201
f 253//202 251//202 263//202
f 262//203 263//203 251//203
f 241//204 239//204 253//204
f 251//205 253//205 239//205
f 227//206 225//206 241//206
f 239//207 241//207 225//207
f 218//208 216//208 225//208
f 225//209 227//209 218//209
f 208//210 207//210 216//210
f 216//211 218//211 208//211
f 198//212 197//212 208//212
f 207//213 208//213 197//213
f 188//214 187//214 197//214
f 197//215 198//215 188//215
f 177//216 176//216 188//216
f 187//217 188//217 176//217
f 165//218 164//218 177//218
f 176//219 177//219 164//219
f 153//220 152//220 165//220
f 164//221 165//221 152//221
f 141//222 140//222 153//222
f 152//223 153//223 140//223
f 127//224 126//224 141//224
f 140//225 141//225 126//225
f 113//226 112//226 127//226
f 126//227 127//227 112//227
f 97//228 96//228 113//228
f 112//229 113//229 96//229
f 81//230 80//230 96//230
f 96//231 97//231 81//231
f 65//232 64//232 81//232
f 80//233 81//233 64//233
f 47//234 46//234 64//234
f 64//235 65//235 47//235
f 30//236 29//236 47//236
f 46//237 47//237 29//237
f 12//238 29//238 30//238
f 30//239 14//239 12//239
f 28//240 31//240 29//240
f 29//241 12//241 28//241
f 44//242 45//242 31//242
f 31//243 28//243 44//243
f 51//244 61//244 45//244
f 45//245 44//245 51//245
f 52//246 69//246 61//246
f 61//247 51//247 52//247
f 53//248 70//248 69//248
f 69//249 52//249 53//249
f 54//250 71//250 70//250
f 70//251 53//251 54//251
f 55//252 72//252 71//252
f 71//253 54//253 55//253
f 56//254 73//254 72//254
f 72//255 55//255 56//255
f 57//256 74//256 56//256
f 73//257 56//257 74//257
f 75//258 74//258 57//258
f 57//259 58//259 75//259
f 9//260 12//260 14//260
f 14//261 8//261 9//261
f 31//262 48//262 46//262
f 46//263 29//263 31//263
f 45//264 50//264 48//264
f 48//265 31//265 45//265
f 61//266 62//266 50//266
f 50//267 45//267 61//267
f 69//268 78//268 62//268
f 62//269 61//269 69//269
f 70//270 85//270 78//270
f 78//271 69//271 70//271
f 71//272 86//272 70//272
f 85//273 70//273 86//273
f 72//274 87//274 86//274
f 86//275 71//275 72//275
f 73//276 88//276 87//276
f 87//277 72//277 73//277
f 74//278 89//278 88//278
f 88//279 73//279 74//279
f 90//280 89//280 74//280
f 74//281 75//281 90//281
f 106//282 105//282 89//282
f 89//283 90//283 106//283
f 120//284 119//284 105//284
f 105//285 106//285 120//285
f 123//286 131//286 119//286
f 119//287 120//287 123//287
f 134//288 135//288 123//288
f 131//289 123//289 135//289
f 145//290 146//290 135//290
f 135//291 134//291 145//291
f 156//292 157//292 145//292
f 146//292 145//292 157//292
f 167//293 168//293 157//293
f 157//294 156//294 167//294
f 172//295 179//295 168//295
f 168//296 167//296 172//296
f 182//297 183//297 179//297
f 179//298 172//298 182//298
f 192//299 193//299 182//299
f 183//300 182//300 193//300
f 202//301 203//301 193//301
f 193//302 192//302 202//302
f 212//303 213//303 202//303
f 203//304 202//304 213//304
f 222//305 223//305 212//305
f 213//305 212//305 223//305
f 232//306 228//306 222//306
f 223//307 222//307 228//307
f 244//308 242//308 232//308
f 228//309 232//309 242//309
f 256//310 254//310 242//310
f 242//311 244//311 256//311
f 264//312 254//312 257//312
f 256//313 257//313 254//313
f 48//314 63//314 46//314
f 64//315 46//315 63//315
f 50//316 67//316 63//316
f 63//317 48//317 50//317
f 62//318 68//318 67//318
f 67//319 50//319 62//319
f 78//320 79//320 68//320
f 68//321 62//321 78//321
f 85//322 94//322 79//322
f 79//323 78//323 85//323
f 86//324 102//324 85//324
f 94//325 85//325 102//325
f 87//326 103//326 102//326
f 102//327 86//327 87//327
f 88//328 104//328 87//328
f 103//329 87//329 104//329
f 105//330 104//330 88//330
f 88//331 89//331 105//331
f 261//332 252//332 264//332
f 254//333 264//333 252//333
f 260//334 250//334 252//334
f 252//335 261//335 260//335
f 251//336 250//336 262//336
f 260//337 262//337 250//337
f 239//338 238//338 251//338
f 250//339 251//339 238//339
f 225//340 224//340 239//340
f 238//341 239//341 224//341
f 216//342 215//342 225//342
f 224//343 225//343 215//343
f 207//344 206//344 215//344
f 215//345 216//345 207//345
f 197//346 196//346 207//346
f 206//347 207//347 196//347
f 187//348 185//348 197//348
f 196//349 197//349 185//349
f 176//350 174//350 187//350
f 185//351 187//351 174//351
f 164//352 163//352 176//352
f 174//353 176//353 163//353
f 152//354 151//354 164//354
f 163//355 164//355 151//355
f 140//356 139//356 152//356
f 151//357 152//357 139//357
f 126//358 128//358 140//358
f 139//359 140//359 128//359
f 112//360 114//360 126//360
f 128//361 126//361 114//361
f 96//362 98//362 112//362
f 114//363 112//363 98//363
f 64//364 63//364 67//364
f 67//365 80//365 64//365
f 80//366 83//366 96//366
f 98//367 96//367 83//367
f 68//368 83//368 80//368
f 80//369 67//369 68//369
f 79//370 84//370 83//370
f 83//371 68//371 79//371
f 94//372 95//372 84//372
f 84//373 79//373 94//373
f 102//374 110//374 94//374
f 95//375 94//375 110//375
f 103//376 117//376 102//376
f 110//377 102//377 117//377
f 104//378 118//378 103//378
f 117//379 103//379 118//379
f 119//380 118//380 104//380
f 104//381 105//381 119//381
f 131//382 130//382 118//382
f 118//383 119//383 131//383
f 135//384 136//384 131//384
f 130//385 131//385 136//385
f 146//386 147//386 136//386
f 136//387 135//387 146//387
f 157//388 158//388 146//388
f 147//389 146//389 158//389
f 168//390 169//390 157//390
f 158//391 157//391 169//391
f 179//392 175//392 168//392
f 169//393 168//393 175//393
f 183//394 186//394 175//394
f 175//395 179//395 183//395
f 193//396 194//396 186//396
f 186//397 183//397 193//397
f 203//398 204//398 194//398
f 194//399 193//399 203//399
f 213//400 214//400 203//400
f 204//401 203//401 214//401
f 223//402 217//402 213//402
f 214//403 213//403 217//403
f 228//404 226//404 223//404
f 217//405 223//405 226//405
f 242//406 240//406 228//406
f 226//407 228//407 240//407
f 252//408 240//408 254//408
f 242//409 254//409 240//409
f 84//410 100//410 98//410
f 98//411 83//411 84//411
f 95//412 101//412 84//412
f 100//413 84//413 101//413
f 110//414 111//414 101//414
f 101//415 95//415 110//415
f 117//416 124//416 111//416
f 111//417 110//417 117//417
f 130//418 124//418 117//418
f 117//419 118//419 130//419
f 238//420 240//420 250//420
f 252//421 250//421 240//421
f 224//422 226//422 238//422
f 240//423 238//423 226//423
f 215//424 217//424 224//424
f 226//425 224//425 217//425
f 206//426 214//426 215//426
f 217//427 215//427 214//427
f 196//428 195//428 205//428
f 205//429 206//429 196//429
f 185//430 184//430 196//430
f 195//431 196//431 184//431
f 174//432 173//432 185//432
f 184//433 185//433 173//433
f 163//434 162//434 173//434
f 173//353 174//353 163//353
f 151//435 150//435 163//435
f 162//436 163//436 150//436
f 139//437 138//437 151//437
f 150//438 151//438 138//438
f 128//439 125//439 139//439
f 138//440 139//440 125//440
f 116//441 125//441 128//441
f 128//442 114//442 116//442
f 205//443 204//443 214//443
f 214//444 206//444 205//444
f 195//445 194//445 205//445
f 204//446 205//446 194//446
f 184//447 186//447 194//447
f 194//448 195//448 184//448
f 173//449 175//449 186//449
f 186//450 184//450 173//450
f 162//451 169//451 173//451
f 175//452 173//452 169//452
f 150//453 149//453 159//453
f 159//454 162//454 150//454
f 138//455 137//455 150//455
f 149//456 150//456 137//456
f 136//457 137//457 130//457
f 124//458 130//458 137//458
f 159//459 158//459 169//459
f 169//460 162//460 159//460
f 149//461 147//461 159//461
f 158//462 159//462 147//462
f 149//463 137//463 136//463
f 136//464 147//464 149//464
f 100//465 116//465 114//465
f 114//466 98//466 100//466
f 124//467 125//467 111//467
f 116//468 111//468 125//468
f 124//469 137//469 138//469
f 138//470 125//470 124//470
f 116//471 100//471 101//471
f 101//472 111//472 116//472
f 279//473 281//473 280//473
f 280//474 278//474 279//474
f 282//475 286//475 281//475
f 281//476 279//476 282//476
f 283//477 288//477 286//477
f 286//478 282//478 283//478
f 289//479 288//479 284//479
f 283//480 284//480 288//480
f 290//481 292//481 291//481
f 291//482 285//482 290//482
f 294//483 300//483 292//483
f 292//484 290//484 294//484
f 304//485 305//485 300//485
f 300//486 294//486 304//486
f 316//487 317//487 305//487
f 305//488 304//488 316//488
f 319//489 329//489 317//489
f 317//490 316//490 319//490
f 332//491 333//491 329//491
f 329//492 319//492 332//492
f 334//493 336//493 333//493
f 333//494 332//494 334//494
f 320//495 335//495 334//495
f 336//496 334//496 335//496
f 320//497 321//497 335//497
f 337//498 335//498 321//498
f 320//499 307//499 321//499
f 311//500 321//500 307//500
f 315//501 306//501 307//501
f 307//502 320//502 315//502
f 302//503 303//503 306//503
f 306//504 315//504 302//504
f 293//505 295//505 302//505
f 303//506 302//506 295//506
f 3//507 546//507 545//507
f 545//508 1//508 3//508
f 297//509 298//509 289//509
f 288//510 289//510 298//510
f 308//511 309//511 298//511
f 298//509 297//509 308//509
f 322//512 323//512 309//512
f 309//513 308//513 322//513
f 339//514 340//514 323//514
f 323//515 322//515 339//515
f 352//516 353//516 339//516
f 340//517 339//517 353//517
f 365//518 366//518 353//518
f 353//516 352//516 365//516
f 374//519 383//519 365//519
f 366//520 365//520 383//520
f 391//519 392//519 374//519
f 383//521 374//521 392//521
f 406//522 407//522 391//522
f 392//523 391//523 407//523
f 421//524 422//524 406//524
f 407//525 406//525 422//525
f 436//526 437//526 421//526
f 422//527 421//527 437//527
f 448//528 449//528 436//528
f 437//529 436//529 449//529
f 460//530 461//530 448//530
f 449//531 448//531 461//531
f 470//532 471//532 460//532
f 461//530 460//530 471//530
f 480//532 481//532 470//532
f 471//532 470//532 481//532
f 490//532 491//532 481//532
f 481//532 480//532 490//532
f 500//532 499//532 491//532
f 491//532 490//532 500//532
f 506//532 505//532 499//532
f 499//532 500//532 506//532
f 512//533 511//533 505//533
f 505//532 506//532 512//532
f 518//532 513//532 511//532
f 511//533 512//533 518//533
f 519//533 520//533 518//533
f 513//532 518//532 520//532
f 525//534 526//534 519//534
f 520//535 519//535 526//535
f 529//536 530//536 525//536
f 526//537 525//537 530//537
f 533//538 534//538 529//538
f 530//539 529//539 534//539
f 537//540 538//540 534//540
f 534//538 533//538 537//538
f 539//541 540//541 537//541
f 538//542 537//542 540//542
f 541//543 542//543 540//543
f 540//541 539//541 541//541
f 32//544 540//544 13//544
f 542//545 13//545 540//545
f 49//546 538//546 540//546
f 540//547 32//547 49//547
f 66//548 536//548 49//548
f 538//549 49//549 536//549
f 82//550 532//550 536//550
f 536//551 66//551 82//551
f 99//552 528//552 532//552
f 532//553 82//553 99//553
f 115//554 524//554 528//554
f 528//555 99//555 115//555
f 129//556 517//556 524//556
f 524//557 115//557 129//557
f 142//558 510//558 129//558
f 517//559 129//559 510//559
f 154//560 504//560 142//560
f 510//561 142//561 504//561
f 166//562 498//562 154//562
f 504//563 154//563 498//563
f 178//564 492//564 166//564
f 498//565 166//565 492//565
f 189//566 484//566 178//566
f 492//567 178//567 484//567
f 199//568 476//568 189//568
f 484//569 189//569 476//569
f 209//570 468//570 199//570
f 476//571 199//571 468//571
f 219//572 458//572 468//572
f 468//573 209//573 219//573
f 229//574 445//574 219//574
f 458//575 219//575 445//575
f 429//576 430//576 445//576
f 445//577 229//577 429//577
f 413//578 414//578 430//578
f 430//579 429//579 413//579
f 397//580 398//580 414//580
f 414//581 413//581 397//581
f 379//582 396//582 398//582
f 398//583 397//583 379//583
f 378//584 395//584 396//584
f 396//585 379//585 378//585
f 377//586 394//586 395//586
f 395//587 378//587 377//587
f 376//588 393//588 394//588
f 394//589 377//589 376//589
f 375//590 384//590 393//590
f 393//591 376//591 375//591
f 367//592 368//592 384//592
f 384//593 375//593 367//593
f 355//594 356//594 368//594
f 368//595 367//595 355//595
f 341//594 342//594 356//594
f 356//596 355//596 341//596
f 325//597 326//597 341//597
f 342//598 341//598 326//598
f 312//599 313//599 325//599
f 326//600 325//600 313//600
f 301//601 300//601 313//601
f 313//599 312//599 301//599
f 292//602 300//602 301//602
f 301//603 291//603 292//603
f 305//604 314//604 313//604
f 313//605 300//605 305//605
f 317//606 318//606 314//606
f 314//607 305//607 317//607
f 329//608 330//608 318//608
f 318//609 317//609 329//609
f 333//610 346//610 330//610
f 330//611 329//611 333//611
f 336//612 347//612 346//612
f 346//613 333//613 336//613
f 335//614 348//614 347//614
f 347//615 336//615 335//615
f 337//616 349//616 348//616
f 348//617 335//617 337//617
f 337//618 338//618 349//618
f 350//619 349//619 338//619
f 321//620 324//620 337//620
f 338//621 337//621 324//621
f 287//622 286//622 293//622
f 295//623 293//623 286//623
f 287//624 280//624 281//624
f 281//625 286//625 287//625
f 536//626 535//626 534//626
f 534//627 538//627 536//627
f 532//628 531//628 535//628
f 535//629 536//629 532//629
f 528//630 527//630 531//630
f 531//631 532//631 528//631
f 524//632 523//632 527//632
f 527//633 528//633 524//633
f 517//634 516//634 523//634
f 523//635 524//635 517//635
f 510//636 509//636 516//636
f 516//637 517//637 510//637
f 504//638 502//638 509//638
f 509//639 510//639 504//639
f 498//640 496//640 502//640
f 502//641 504//641 498//641
f 492//642 488//642 496//642
f 496//643 498//643 492//643
f 484//644 483//644 488//644
f 488//645 492//645 484//645
f 476//646 475//646 483//646
f 483//647 484//647 476//647
f 468//648 467//648 475//648
f 475//649 476//649 468//649
f 458//650 457//650 467//650
f 467//651 468//651 458//651
f 445//652 446//652 457//652
f 457//653 458//653 445//653
f 430//654 431//654 446//654
f 446//655 445//655 430//655
f 414//656 415//656 431//656
f 431//657 430//657 414//657
f 398//658 412//658 415//658
f 415//659 414//659 398//659
f 396//660 411//660 412//660
f 412//661 398//661 396//661
f 395//662 410//662 411//662
f 411//663 396//663 395//663
f 394//664 409//664 410//664
f 410//665 395//665 394//665
f 393//666 401//666 409//666
f 409//667 394//667 393//667
f 384//668 385//668 401//668
f 401//669 393//669 384//669
f 368//670 369//670 385//670
f 385//671 384//671 368//671
f 356//672 357//672 369//672
f 369//673 368//673 356//673
f 342//674 343//674 356//674
f 357//675 356//675 343//675
f 326//676 327//676 342//676
f 343//677 342//677 327//677
f 314//678 327//678 326//678
f 326//679 313//679 314//679
f 318//680 328//680 327//680
f 327//681 314//681 318//681
f 330//682 331//682 318//682
f 328//683 318//683 331//683
f 346//684 345//684 331//684
f 331//685 330//685 346//685
f 347//686 359//686 345//686
f 345//687 346//687 347//687
f 348//688 360//688 359//688
f 359//689 347//689 348//689
f 349//690 361//690 360//690
f 360//691 348//691 349//691
f 350//692 362//692 361//692
f 361//693 349//693 350//693
f 350//694 351//694 362//694
f 363//695 362//695 351//695
f 338//696 340//696 351//696
f 351//697 350//697 338//697
f 353//698 354//698 351//698
f 351//699 340//699 353//699
f 366//700 364//700 354//700
f 354//701 353//701 366//701
f 383//702 382//702 366//702
f 364//703 366//703 382//703
f 392//704 400//704 382//704
f 382//705 383//705 392//705
f 407//706 408//706 400//706
f 400//707 392//707 407//707
f 422//708 423//708 408//708
f 408//709 407//709 422//709
f 437//710 438//710 423//710
f 423//711 422//711 437//711
f 449//712 450//712 438//712
f 438//713 437//713 449//713
f 461//714 462//714 450//714
f 450//715 449//715 461//715
f 471//716 472//716 462//716
f 462//717 461//717 471//717
f 481//718 482//718 472//718
f 472//719 471//719 481//719
f 491//720 489//720 482//720
f 482//721 481//721 491//721
f 499//722 497//722 489//722
f 489//723 491//723 499//723
f 505//724 503//724 497//724
f 497//725 499//725 505//725
f 511//726 507//726 503//726
f 503//727 505//727 511//727
f 513//728 514//728 507//728
f 507//729 511//729 513//729
f 520//730 521//730 513//730
f 514//731 513//731 521//731
f 311//732 310//732 324//732
f 324//733 321//733 311//733
f 323//734 324//734 310//734
f 310//735 309//735 323//735
f 543//736 545//736 546//736
f 546//737 544//737 543//737
f 328//738 344//738 343//738
f 343//739 327//739 328//739
f 345//740 359//740 358//740
f 358//741 344//741 345//741
f 360//742 372//742 371//742
f 371//743 359//743 360//743
f 361//744 373//744 372//744
f 372//745 360//745 361//745
f 362//746 380//746 373//746
f 373//747 361//747 362//747
f 363//748 381//748 380//748
f 380//749 362//749 363//749
f 400//750 399//750 381//750
f 381//751 382//751 400//751
f 408//752 416//752 400//752
f 399//753 400//753 416//753
f 423//754 424//754 408//754
f 416//755 408//755 424//755
f 438//756 439//756 423//756
f 424//757 423//757 439//757
f 450//758 451//758 438//758
f 439//759 438//759 451//759
f 462//760 463//760 450//760
f 451//761 450//761 463//761
f 472//762 473//762 462//762
f 463//763 462//763 473//763
f 482//764 479//764 472//764
f 473//765 472//765 479//765
f 489//766 487//766 482//766
f 479//767 482//767 487//767
f 497//768 495//768 489//768
f 487//769 489//769 495//769
f 503//770 501//770 495//770
f 495//771 497//771 503//771
f 507//772 508//772 503//772
f 501//773 503//773 508//773
f 514//774 515//774 507//774
f 508//775 507//775 515//775
f 509//776 508//776 515//776
f 515//777 516//777 509//777
f 502//778 501//778 508//778
f 508//779 509//779 502//779
f 496//780 494//780 501//780
f 501//781 502//781 496//781
f 488//782 486//782 494//782
f 494//783 496//783 488//783
f 483//784 478//784 488//784
f 486//785 488//785 478//785
f 475//786 474//786 483//786
f 478//787 483//787 474//787
f 467//788 466//788 474//788
f 474//789 475//789 467//789
f 457//790 456//790 466//790
f 466//791 467//791 457//791
f 446//792 444//792 456//792
f 456//793 457//793 446//793
f 412//794 427//794 428//794
f 428//795 415//795 412//795
f 411//796 426//796 412//796
f 427//797 412//797 426//797
f 410//798 425//798 411//798
f 426//799 411//799 425//799
f 409//800 418//800 410//800
f 425//801 410//801 418//801
f 401//802 402//802 409//802
f 418//803 409//803 402//803
f 385//804 386//804 401//804
f 402//805 401//805 386//805
f 369//806 370//806 385//806
f 386//807 385//807 370//807
f 357//808 358//808 370//808
f 370//809 369//809 357//809
f 344//810 358//810 357//810
f 357//811 343//811 344//811
f 527//812 526//812 531//812
f 530//813 531//813 526//813
f 527//814 521//814 520//814
f 520//815 526//815 527//815
f 324//816 323//816 338//816
f 340//817 338//817 323//817
f 288//818 296//818 295//818
f 295//819 286//819 288//819
f 306//820 296//820 299//820
f 299//821 307//821 306//821
f 306//822 303//822 296//822
f 295//823 296//823 303//823
f 544//824 542//824 541//824
f 541//825 543//825 544//825
f 544//826 7//826 542//826
f 13//827 542//827 7//827
f 494//828 493//828 495//828
f 495//829 501//829 494//829
f 486//830 485//830 493//830
f 493//831 494//831 486//831
f 478//832 477//832 486//832
f 485//833 486//833 477//833
f 474//834 469//834 477//834
f 477//835 478//835 474//835
f 466//836 465//836 474//836
f 469//837 474//837 465//837
f 456//838 455//838 466//838
f 465//839 466//839 455//839
f 444//840 443//840 456//840
f 455//841 456//841 443//841
f 428//842 443//842 432//842
f 444//843 432//843 443//843
f 371//844 370//844 358//844
f 358//845 359//845 371//845
f 373//846 389//846 388//846
f 388//847 372//847 373//847
f 380//848 390//848 389//848
f 389//849 373//849 380//849
f 399//850 390//850 381//850
f 380//851 381//851 390//851
f 431//852 432//852 444//852
f 444//853 446//853 431//853
f 522//854 521//854 523//854
f 527//855 523//855 521//855
f 522//856 515//856 514//856
f 514//857 521//857 522//857
f 364//858 363//858 354//858
f 351//859 354//859 363//859
f 364//860 382//860 381//860
f 381//861 363//861 364//861
f 535//862 531//862 530//862
f 530//863 534//863 535//863
f 307//864 299//864 311//864
f 310//865 311//865 299//865
f 298//866 299//866 296//866
f 296//867 288//867 298//867
f 371//868 387//868 386//868
f 386//869 370//869 371//869
f 389//870 403//870 387//870
f 387//871 388//871 389//871
f 390//872 404//872 403//872
f 403//873 389//873 390//873
f 399//874 405//874 390//874
f 404//875 390//875 405//875
f 416//876 417//876 405//876
f 405//877 399//877 416//877
f 424//878 433//878 416//878
f 417//879 416//879 433//879
f 439//880 440//880 424//880
f 433//881 424//881 440//881
f 451//882 452//882 439//882
f 440//883 439//883 452//883
f 463//884 464//884 452//884
f 452//885 451//885 463//885
f 473//886 469//886 464//886
f 464//887 463//887 473//887
f 487//888 485//888 479//888
f 477//889 479//889 485//889
f 477//890 469//890 473//890
f 473//891 479//891 477//891
f 465//892 459//892 464//892
f 464//893 469//893 465//893
f 455//894 454//894 465//894
f 459//895 465//895 454//895
f 443//896 442//896 455//896
f 454//897 455//897 442//897
f 427//898 442//898 443//898
f 443//899 428//899 427//899
f 459//900 453//900 464//900
f 452//901 464//901 453//901
f 454//902 447//902 453//902
f 453//903 459//903 454//903
f 442//904 441//904 454//904
f 447//905 454//905 441//905
f 426//906 441//906 427//906
f 442//907 427//907 441//907
f 425//908 435//908 426//908
f 441//909 426//909 435//909
f 418//910 419//910 425//910
f 435//911 425//911 419//911
f 493//912 485//912 487//912
f 487//913 495//913 493//913
f 402//914 403//914 419//914
f 419//915 418//915 402//915
f 402//916 386//916 387//916
f 387//917 403//917 402//917
f 404//918 420//918 419//918
f 419//919 403//919 404//919
f 417//920 420//920 405//920
f 404//921 405//921 420//921
f 433//922 434//922 417//922
f 420//923 417//923 434//923
f 447//924 434//924 440//924
f 433//925 440//925 434//925
f 434//926 435//926 420//926
f 419//927 420//927 435//927
f 434//928 447//928 441//928
f 441//929 435//929 434//929
f 453//930 447//930 440//930
f 440//931 452//931 453//931
f 7//932 544//932 546//932
f 546//933 3//933 7//933
f 309//934 310//934 299//934
f 299//935 298//935 309//935
f 516//936 515//936 522//936
f 522//937 523//937 516//937
f 415//938 428//938 432//938
f 432//939 431//939 415//939
f 344//940 328//940 331//940
f 331//941 345//941 344//941
f 371//942 372//942 388//942
f 388//943 387//943 371//943
f 1073//944 1071//944 1074//944
f 1072//945 1074//945 1071//945
f 1064//946 1063//946 1073//946
f 1071//947 1073//947 1063//947
f 1055//948 1054//948 1064//948
f 1063//949 1064//949 1054//949
f 1046//946 1045//946 1055//946
f 1054//950 1055//950 1045//950
f 1037//946 1036//946 1046//946
f 1045//946 1046//946 1036//946
f 1028//951 1027//951 1037//951
f 1036//952 1037//952 1027//952
f 1017//946 1016//946 1028//946
f 1027//953 1028//953 1016//953
f 1006//951 1005//951 1017//951
f 1016//952 1017//952 1005//952
f 995//951 994//951 1006//951
f 1005//951 1006//951 994//951
f 982//948 993//948 995//948
f 994//954 995//954 993//954
f 981//955 983//955 993//955
f 993//948 982//948 981//948
f 970//946 971//946 983//946
f 983//946 981//946 970//946
f 959//946 961//946 971//946
f 971//946 970//946 959//946
f 947//946 946//946 961//946
f 961//946 959//946 947//946
f 929//946 930//946 946//946
f 946//946 947//946 929//946
f 908//946 909//946 930//946
f 930//946 929//946 908//946
f 885//946 886//946 909//946
f 909//946 908//946 885//946
f 860//946 863//946 886//946
f 886//946 885//946 860//946
f 835//946 836//946 863//946
f 863//946 860//946 835//946
f 804//946 834//946 836//946
f 836//946 835//946 804//946
f 803//946 833//946 834//946
f 834//946 804//946 803//946
f 802//946 810//946 833//946
f 833//946 803//946 802//946
f 776//946 778//946 810//946
f 810//946 802//946 776//946
f 744//946 745//946 778//946
f 778//946 776//946 744//946
f 709//946 743//946 745//946
f 745//946 744//946 709//946
f 708//946 738//946 743//946
f 743//946 709//946 708//946
f 703//956 705//956 738//956
f 738//946 708//946 703//946
f 668//957 705//957 667//957
f 703//944 667//944 705//944
f 595//944 597//944 572//944
f 573//944 572//944 597//944
f 618//951 620//951 595//951
f 597//958 595//958 620//958
f 641//946 643//946 618//946
f 620//953 618//953 643//953
f 649//946 673//946 641//946
f 643//945 641//945 673//945
f 685//946 684//946 649//946
f 673//952 649//952 684//952
f 685//946 721//946 684//946
f 723//956 684//956 721//956
f 683//951 720//951 685//951
f 721//951 685//951 720//951
f 682//948 719//948 683//948
f 720//948 683//948 719//948
f 681//944 718//944 682//944
f 719//944 682//944 718//944
f 680//946 717//946 681//946
f 718//946 681//946 717//946
f 679//951 711//951 680//951
f 717//951 680//951 711//951
f 671//946 686//946 679//946
f 711//946 679//946 686//946
f 650//951 653//951 671//951
f 686//951 671//951 653//951
f 627//949 652//949 653//949
f 653//948 650//948 627//948
f 651//948 652//948 626//948
f 627//958 626//958 652//958
f 1066//946 1057//946 1065//946
f 1056//946 1065//946 1057//946
f 1067//951 1058//951 1066//951
f 1057//951 1066//951 1058//951
f 1068//951 1059//951 1067//951
f 1058//951 1067//951 1059//951
f 1069//951 1060//951 1068//951
f 1059//951 1068//951 1060//951
f 1070//946 1062//946 1069//946
f 1060//946 1069//946 1062//946
f 1071//951 1062//951 1070//951
f 1070//953 1072//953 1071//953
f 654//952 687//952 651//952
f 652//948 651//948 687//948
f 691//946 690//946 654//946
f 687//951 654//951 690//951
f 691//959 692//959 729//959
f 729//946 690//946 691//946
f 655//944 657//944 692//944
f 692//953 691//953 655//953
f 629//951 628//951 657//951
f 657//946 655//946 629//946
f 603//951 604//951 629//951
f 628//951 629//951 604//951
f 580//946 581//946 603//946
f 604//946 603//946 581//946
f 557//945 558//945 580//945
f 581//948 580//948 558//948
f 547//952 559//952 558//952
f 558//945 557//945 547//945
f 548//951 560//951 559//951
f 559//951 547//951 548//951
f 549//960 561//960 560//960
f 560//951 548//951 549//951
f 550//948 562//948 561//948
f 561//948 549//948 550//948
f 551//960 563//960 562//960
f 562//948 550//948 551//948
f 552//953 564//953 563//953
f 563//948 551//948 552//948
f 553//951 565//951 552//951
f 564//951 552//951 565//951
f 554//951 566//951 553//951
f 565//954 553//954 566//954
f 555//949 568//949 554//949
f 566//953 554//953 568//953
f 556//961 569//961 568//961
f 568//946 555//946 556//946
f 567//962 570//962 569//962
f 569//959 556//959 567//959
f 590//959 592//959 570//959
f 570//947 567//947 590//947
f 613//948 615//948 590//948
f 592//953 590//953 615//953
f 636//957 638//957 613//957
f 615//944 613//944 638//944
f 663//945 665//945 636//945
f 638//963 636//963 665//963
f 699//945 701//945 665//945
f 665//945 663//945 699//945
f 734//951 736//951 701//951
f 701//959 699//959 734//959
f 767//952 769//952 736//952
f 736//951 734//951 767//951
f 798//951 800//951 769//951
f 769//952 767//952 798//952
f 829//946 831//946 798//946
f 800//951 798//951 831//951
f 856//952 858//952 829//952
f 831//956 829//956 858//956
f 881//951 883//951 856//951
f 858//960 856//960 883//960
f 904//956 906//956 881//956
f 883//944 881//944 906//944
f 925//960 927//960 904//960
f 906//960 904//960 927//960
f 942//945 944//945 925//945
f 927//946 925//946 944//946
f 955//952 957//952 942//952
f 944//945 942//945 957//945
f 966//952 968//952 955//952
f 957//952 955//952 968//952
f 977//951 979//951 966//951
f 968//954 966//954 979//954
f 989//953 991//953 977//953
f 979//951 977//951 991//951
f 999//953 1001//953 989//953
f 991//953 989//953 1001//953
f 1009//952 1011//952 999//952
f 1001//953 999//953 1011//953
f 1018//964 1021//964 1009//964
f 1011//946 1009//946 1021//946
f 1029//952 1030//952 1018//952
f 1021//951 1018//951 1030//951
f 1038//946 1039//946 1029//946
f 1030//946 1029//946 1039//946
f 1047//946 1048//946 1039//946
f 1039//946 1038//946 1047//946
f 1057//946 1048//946 1056//946
f 1047//946 1056//946 1048//946
f 574//964 596//964 594//964
f 594//944 571//944 574//944
f 576//944 599//944 596//944
f 596//964 574//964 576//964
f 578//948 601//948 599//948
f 599//948 576//948 578//948
f 579//944 602//944 601//944
f 601//944 578//944 579//944
f 577//951 600//951 602//951
f 602//951 579//951 577//951
f 575//944 598//944 577//944
f 600//944 577//944 598//944
f 597//948 598//948 575//948
f 575//948 573//948 597//948
f 669//944 706//944 668//944
f 705//957 668//957 706//957
f 704//951 707//951 706//951
f 706//951 669//951 704//951
f 704//946 710//946 707//946
f 739//946 707//946 710//946
f 670//951 672//951 704//951
f 710//952 704//952 672//952
f 640//944 642//944 670//944
f 672//953 670//953 642//953
f 617//944 619//944 642//944
f 642//944 640//944 617//944
f 596//957 619//957 594//957
f 617//944 594//944 619//944
f 1063//952 1061//952 1071//952
f 1062//951 1071//951 1061//951
f 1054//958 1053//958 1063//958
f 1061//951 1063//951 1053//951
f 1045//964 1044//964 1054//964
f 1053//947 1054//947 1044//947
f 1036//951 1035//951 1044//951
f 1044//951 1045//951 1036//951
f 1027//956 1026//956 1035//956
f 1035//954 1036//954 1027//954
f 1016//945 1015//945 1027//945
f 1026//956 1027//956 1015//956
f 1005//952 1004//952 1016//952
f 1015//952 1016//952 1004//952
f 994//951 1003//951 1005//951
f 1004//952 1005//952 1003//952
f 993//947 996//947 994//947
f 1003//953 994//953 996//953
f 983//960 984//960 996//960
f 996//965 993//965 983//965
f 971//948 973//948 984//948
f 984//948 983//948 971//948
f 961//948 960//948 973//948
f 973//948 971//948 961//948
f 946//948 948//948 960//948
f 960//948 961//948 946//948
f 930//955 931//955 948//955
f 948//948 946//948 930//948
f 909//946 910//946 931//946
f 931//946 930//946 909//946
f 886//946 889//946 910//946
f 910//946 909//946 886//946
f 863//946 864//946 889//946
f 889//946 886//946 863//946
f 836//946 862//946 864//946
f 864//946 863//946 836//946
f 834//946 861//946 862//946
f 862//946 836//946 834//946
f 833//946 842//946 861//946
f 861//946 834//946 833//946
f 810//946 812//946 842//946
f 842//946 833//946 810//946
f 778//946 779//946 812//946
f 812//946 810//946 778//946
f 745//946 777//946 779//946
f 779//946 778//946 745//946
f 743//946 771//946 777//946
f 777//946 745//946 743//946
f 738//963 741//963 771//963
f 771//946 743//946 738//946
f 706//964 741//964 705//964
f 738//959 705//959 741//959
f 620//949 622//949 597//949
f 598//959 597//959 622//959
f 643//945 645//945 620//945
f 622//945 620//945 645//945
f 673//953 675//953 643//953
f 645//946 643//946 675//946
f 684//952 713//952 673//952
f 675//951 673//951 713//951
f 723//953 722//953 684//953
f 713//946 684//946 722//946
f 723//954 757//954 722//954
f 756//946 722//946 757//946
f 721//956 755//956 723//956
f 757//954 723//954 755//954
f 720//953 753//953 721//953
f 755//953 721//953 753//953
f 719//963 752//963 720//963
f 753//945 720//945 752//945
f 718//965 751//965 719//965
f 752//963 719//963 751//963
f 717//946 747//946 718//946
f 751//966 718//966 747//966
f 711//954 724//954 717//954
f 747//946 717//946 724//946
f 686//945 689//945 711//945
f 724//960 711//960 689//960
f 653//947 688//947 689//947
f 689//953 686//953 653//953
f 687//951 688//951 652//951
f 653//952 652//952 688//952
f 1058//951 1049//951 1057//951
f 1048//951 1057//951 1049//951
f 1059//954 1050//954 1058//954
f 1049//945 1058//945 1050//945
f 1060//957 1052//957 1059//957
f 1050//952 1059//952 1052//952
f 1061//963 1052//963 1060//963
f 1060//946 1062//946 1061//946
f 690//944 725//944 687//944
f 688//964 687//964 725//964
f 729//946 728//946 690//946
f 725//944 690//944 728//944
f 729//946 730//946 728//946
f 763//954 728//954 730//954
f 692//948 694//948 730//948
f 730//948 729//948 692//948
f 657//945 656//945 694//945
f 694//944 692//944 657//944
f 628//953 630//953 656//953
f 656//953 657//953 628//953
f 604//967 605//967 630//967
f 630//953 628//953 604//953
f 581//948 582//948 605//948
f 605//949 604//949 581//949
f 558//952 559//952 582//952
f 582//948 581//948 558//948
f 561//946 584//946 583//946
f 583//954 560//954 561//954
f 562//954 585//954 584//954
f 584//946 561//946 562//946
f 563//946 586//946 585//946
f 585//954 562//954 563//954
f 564//953 587//953 563//953
f 586//946 563//946 587//946
f 565//948 588//948 564//948
f 587//954 564//954 588//954
f 566//954 589//954 565//954
f 588//959 565//959 589//959
f 568//946 591//946 566//946
f 589//945 566//945 591//945
f 569//949 593//949 591//949
f 591//957 568//957 569//957
f 615//951 616//951 592//951
f 593//951 592//951 616//951
f 638//956 639//956 615//956
f 616//946 615//946 639//946
f 665//948 666//948 638//948
f 639//945 638//945 666//945
f 701//946 702//946 665//946
f 666//951 665//951 702//951
f 736//951 737//951 701//951
f 702//953 701//953 737//953
f 769//946 770//946 736//946
f 737//946 736//946 770//946
f 800//951 801//951 769//951
f 770//951 769//951 801//951
f 831//954 832//954 800//954
f 801//951 800//951 832//951
f 858//956 859//956 831//956
f 832//952 831//952 859//952
f 883//960 884//960 858//960
f 859//953 858//953 884//953
f 906//945 907//945 883//945
f 884//954 883//954 907//954
f 927//954 928//954 906//954
f 907//953 906//953 928//953
f 944//946 945//946 927//946
f 928//952 927//952 945//952
f 957//945 958//945 944//945
f 945//946 944//946 958//946
f 968//951 969//951 957//951
f 958//951 957//951 969//951
f 979//954 980//954 968//954
f 969//951 968//951 980//951
f 991//951 992//951 979//951
f 980//946 979//946 992//946
f 1001//951 1002//951 991//951
f 992//951 991//951 1002//951
f 1011//951 1012//951 1001//951
f 1002//951 1001//951 1012//951
f 1021//953 1022//953 1011//953
f 1012//951 1011//951 1022//951
f 1030//951 1032//951 1022//951
f 1022//951 1021//951 1030//951
f 1039//951 1040//951 1030//951
f 1032//951 1030//951 1040//951
f 1049//951 1040//951 1039//951
f 1039//951 1048//951 1049//951
f 599//953 621//953 619//953
f 619//958 596//958 599//958
f 601//952 624//952 621//952
f 621//959 599//959 601//959
f 602//951 625//951 624//951
f 624//947 601//947 602//947
f 600//954 623//954 602//954
f 625//946 602//946 623//946
f 622//954 623//954 600//954
f 600//956 598//956 622//956
f 1053//964 1051//964 1052//964
f 1052//948 1061//948 1053//948
f 1044//952 1043//952 1051//952
f 1051//952 1053//952 1044//952
f 1035//965 1034//965 1043//965
f 1043//951 1044//951 1035//951
f 1026//954 1025//954 1034//954
f 1034//956 1035//956 1026//956
f 1015//959 1014//959 1026//959
f 1025//954 1026//954 1014//954
f 1004//954 1013//954 1015//954
f 1014//959 1015//959 1013//959
f 1003//952 1007//952 1004//952
f 1013//951 1004//951 1007//951
f 996//945 997//945 1003//945
f 1007//945 1003//945 997//945
f 984//944 986//944 997//944
f 997//952 996//952 984//952
f 973//944 972//944 986//944
f 986//944 984//944 973//944
f 960//957 962//957 972//957
f 972//944 973//944 960//944
f 948//946 949//946 962//946
f 962//951 960//951 948//951
f 931//953 932//953 949//953
f 949//964 948//964 931//964
f 910//961 913//961 932//961
f 932//951 931//951 910//951
f 889//968 890//968 913//968
f 913//968 910//968 889//968
f 864//968 888//968 890//968
f 890//968 889//968 864//968
f 862//968 887//968 888//968
f 888//968 864//968 862//968
f 861//968 870//968 887//968
f 887//968 862//968 861//968
f 842//968 844//968 870//968
f 870//968 861//968 842//968
f 812//968 813//968 844//968
f 844//968 842//968 812//968
f 779//968 811//968 813//968
f 813//968 812//968 779//968
f 777//968 805//968 811//968
f 811//968 779//968 777//968
f 771//968 774//968 777//968
f 805//968 777//968 774//968
f 741//958 740//958 771//958
f 774//969 771//969 740//969
f 707//951 740//951 706//951
f 741//965 706//965 740//965
f 739//945 742//945 707//945
f 740//951 707//951 742//951
f 739//959 746//959 742//959
f 772//952 742//952 746//952
f 710//951 712//951 739//951
f 746//948 739//948 712//948
f 672//947 674//947 710//947
f 712//953 710//953 674//953
f 642//953 644//953 672//953
f 674//947 672//947 644//947
f 621//951 644//951 619//951
f 642//951 619//951 644//951
f 570//948 592//948 593//948
f 593//970 569//970 570//970
f 645//953 647//953 622//953
f 623//953 622//953 647//953
f 675//960 677//960 645//960
f 647//954 645//954 677//954
f 713//951 715//951 675//951
f 677//959 675//959 715//959
f 722//946 749//946 713//946
f 715//951 713//951 749//951
f 756//946 754//946 749//946
f 749//946 722//946 756//946
f 756//945 788//945 754//945
f 786//954 754//954 788//954
f 757//946 789//946 756//946
f 788//945 756//945 789//945
f 755//959 787//959 789//959
f 789//951 757//951 755//951
f 753//951 785//951 755//951
f 787//953 755//953 785//953
f 752//946 783//946 753//946
f 785//946 753//946 783//946
f 751//960 781//960 752//960
f 783//951 752//951 781//951
f 747//971 758//971 751//971
f 781//954 751//954 758//954
f 724//955 727//955 747//955
f 758//945 747//945 727//945
f 689//951 726//951 727//951
f 727//950 724//950 689//950
f 725//964 726//964 688//964
f 689//944 688//944 726//944
f 1050//946 1042//946 1040//946
f 1040//946 1049//946 1050//946
f 1051//950 1042//950 1052//950
f 1050//946 1052//946 1042//946
f 1043//952 1041//952 1051//952
f 1042//951 1051//951 1041//951
f 1034//951 1033//951 1041//951
f 1041//945 1043//945 1034//945
f 1025//954 1024//954 1034//954
f 1033//954 1034//954 1024//954
f 1014//952 1023//952 1024//952
f 1024//954 1025//954 1014//954
f 1013//951 1019//951 1014//951
f 1023//952 1014//952 1019//952
f 1007//948 1008//948 1013//948
f 1019//948 1013//948 1008//948
f 997//959 998//959 1008//959
f 1008//953 1007//953 997//953
f 986//951 985//951 997//951
f 998//959 997//959 985//959
f 972//946 974//946 985//946
f 985//951 986//951 972//951
f 962//947 963//947 974//947
f 974//949 972//949 962//949
f 949//952 950//952 963//952
f 963//956 962//956 949//956
f 932//953 935//953 949//953
f 950//951 949//951 935//951
f 913//971 914//971 935//971
f 935//954 932//954 913//954
f 890//952 912//952 914//952
f 914//944 913//944 890//944
f 888//946 911//946 912//946
f 912//946 890//946 888//946
f 887//946 896//946 911//946
f 911//946 888//946 887//946
f 870//946 872//946 896//946
f 896//946 887//946 870//946
f 844//946 845//946 872//946
f 872//946 870//946 844//946
f 813//946 843//946 845//946
f 845//946 844//946 813//946
f 811//946 837//946 843//946
f 843//946 813//946 811//946
f 805//946 808//946 837//946
f 837//946 811//946 805//946
f 774//946 773//946 808//946
f 808//946 805//946 774//946
f 742//951 773//951 740//951
f 774//945 740//945 773//945
f 616//954 614//954 593//954
f 591//960 593//960 614//960
f 639//946 637//946 616//946
f 614//951 616//951 637//951
f 666//946 664//946 639//946
f 637//946 639//946 664//946
f 702//954 700//954 666//954
f 664//946 666//946 700//946
f 737//954 735//954 702//954
f 700//954 702//954 735//954
f 770//945 768//945 737//945
f 735//954 737//954 768//954
f 801//953 799//953 770//953
f 768//953 770//953 799//953
f 832//953 830//953 801//953
f 799//953 801//953 830//953
f 859//953 857//953 832//953
f 830//953 832//953 857//953
f 884//953 882//953 859//953
f 857//953 859//953 882//953
f 907//954 905//954 884//954
f 882//945 884//945 905//945
f 928//946 926//946 907//946
f 905//954 907//954 926//954
f 945//951 943//951 928//951
f 926//951 928//951 943//951
f 958//946 956//946 945//946
f 943//946 945//946 956//946
f 969//954 967//954 958//954
f 956//954 958//954 967//954
f 980//951 978//951 969//951
f 967//951 969//951 978//951
f 992//952 990//952 980//952
f 978//945 980//945 990//945
f 1002//947 1000//947 992//947
f 990//946 992//946 1000//946
f 1012//946 1010//946 1002//946
f 1000//952 1002//952 1010//952
f 1022//946 1020//946 1012//946
f 1010//946 1012//946 1020//946
f 1040//946 1042//946 1041//946
f 1041//951 1032//951 1040//951
f 614//964 612//964 591//964
f 589//959 591//959 612//959
f 637//952 635//952 612//952
f 612//964 614//964 637//964
f 664//945 662//945 637//945
f 635//951 637//951 662//951
f 700//946 698//946 664//946
f 662//956 664//956 698//956
f 735//953 733//953 700//953
f 698//953 700//953 733//953
f 768//951 766//951 735//951
f 733//945 735//945 766//945
f 799//954 797//954 768//954
f 766//946 768//946 797//946
f 830//951 828//951 799//951
f 797//954 799//954 828//954
f 857//952 855//952 830//952
f 828//946 830//946 855//946
f 882//946 880//946 857//946
f 855//954 857//954 880//954
f 905//946 903//946 882//946
f 880//944 882//944 903//944
f 926//951 924//951 905//951
f 903//954 905//954 924//954
f 943//951 941//951 926//951
f 924//951 926//951 941//951
f 956//945 954//945 943//945
f 941//951 943//951 954//951
f 967//946 965//946 954//946
f 954//948 956//948 967//948
f 978//952 976//952 967//952
f 965//946 967//946 976//946
f 990//946 988//946 978//946
f 976//952 978//952 988//952
f 1000//951 998//951 988//951
f 988//946 990//946 1000//946
f 985//948 987//948 988//948
f 988//953 998//953 985//953
f 974//948 975//948 987//948
f 987//948 985//948 974//948
f 963//945 964//945 975//945
f 975//960 974//960 963//960
f 950//944 952//944 964//944
f 964//952 963//952 950//952
f 935//946 936//946 950//946
f 952//944 950//944 936//944
f 914//948 934//948 936//948
f 936//945 935//945 914//945
f 912//951 933//951 934//951
f 934//960 914//960 912//960
f 911//945 918//945 933//945
f 933//951 912//951 911//951
f 896//946 898//946 918//946
f 918//946 911//946 896//946
f 872//946 873//946 898//946
f 898//946 896//946 872//946
f 845//957 871//957 873//957
f 873//946 872//946 845//946
f 843//945 865//945 871//945
f 871//951 845//951 843//951
f 837//954 840//954 865//954
f 865//946 843//946 837//946
f 808//951 807//951 837//951
f 840//951 837//951 807//951
f 773//945 775//945 807//945
f 807//951 808//951 773//951
f 772//946 775//946 742//946
f 773//952 742//952 775//952
f 583//951 582//951 560//951
f 559//946 560//946 582//946
f 583//964 606//964 605//964
f 605//948 582//948 583//948
f 584//946 607//946 606//946
f 606//946 583//946 584//946
f 585//954 608//954 607//954
f 607//952 584//952 585//952
f 586//945 610//945 608//945
f 608//951 585//951 586//951
f 587//946 609//946 586//946
f 610//946 586//946 609//946
f 662//954 661//954 634//954
f 634//954 635//954 662//954
f 698//947 697//947 662//947
f 661//952 662//952 697//952
f 733//951 732//951 698//951
f 697//951 698//951 732//951
f 766//952 765//952 733//952
f 732//952 733//952 765//952
f 797//946 796//946 766//946
f 765//951 766//951 796//951
f 828//951 827//951 797//951
f 796//951 797//951 827//951
f 855//945 854//945 828//945
f 827//946 828//946 854//946
f 880//951 879//951 855//951
f 854//951 855//951 879//951
f 903//946 902//946 880//946
f 879//956 880//956 902//956
f 924//951 923//951 903//951
f 902//951 903//951 923//951
f 941//954 940//954 924//954
f 923//945 924//945 940//945
f 954//946 953//946 941//946
f 940//946 941//946 953//946
f 965//946 951//946 954//946
f 953//946 954//946 951//946
f 988//951 987//951 976//951
f 975//951 976//951 987//951
f 728//951 759//951 726//951
f 726//951 725//951 728//951
f 763//946 762//946 759//946
f 759//954 728//954 763//954
f 763//946 764//946 762//946
f 795//951 762//951 764//951
f 730//951 731//951 764//951
f 764//951 763//951 730//951
f 694//960 693//960 730//960
f 731//945 730//945 693//945
f 656//951 658//951 693//951
f 693//952 694//952 656//952
f 630//952 631//952 658//952
f 658//951 656//951 630//951
f 606//964 631//964 605//964
f 630//972 605//972 631//972
f 624//946 646//946 644//946
f 644//946 621//946 624//946
f 625//951 648//951 646//951
f 646//951 624//951 625//951
f 647//953 648//953 623//953
f 625//946 623//946 648//946
f 677//947 678//947 647//947
f 648//951 647//951 678//951
f 715//945 716//945 677//945
f 678//944 677//944 716//944
f 749//954 750//954 716//954
f 716//946 715//946 749//946
f 754//953 782//953 750//953
f 750//948 749//948 754//948
f 786//947 784//947 754//947
f 782//953 754//953 784//953
f 786//956 818//956 784//956
f 816//963 784//963 818//963
f 788//951 820//951 786//951
f 818//945 786//945 820//945
f 789//946 821//946 820//946
f 820//946 788//946 789//946
f 787//952 819//952 821//952
f 821//948 789//948 787//948
f 785//957 817//957 787//957
f 819//952 787//952 817//952
f 783//945 815//945 785//945
f 817//963 785//963 815//963
f 781//946 790//946 815//946
f 815//953 783//953 781//953
f 758//957 761//957 781//957
f 790//944 781//944 761//944
f 727//949 760//949 758//949
f 761//949 758//949 760//949
f 759//963 760//963 727//963
f 727//951 726//951 759//951
f 634//946 610//946 609//946
f 609//954 635//954 634//954
f 634//945 633//945 610//945
f 608//945 610//945 633//945
f 661//951 660//951 634//951
f 633//945 634//945 660//945
f 697//955 696//955 661//955
f 660//973 661//973 696//973
f 732//951 731//951 697//951
f 696//971 697//971 731//971
f 765//945 764//945 732//945
f 731//951 732//951 764//951
f 796//945 795//945 764//945
f 764//953 765//953 796//953
f 827//951 826//951 796//951
f 795//945 796//945 826//945
f 854//951 853//951 826//951
f 826//946 827//946 854//946
f 879//954 878//954 854//954
f 853//946 854//946 878//946
f 902//951 901//951 878//951
f 878//944 879//944 902//944
f 923//954 922//954 902//954
f 901//951 902//951 922//951
f 940//946 937//946 923//946
f 922//946 923//946 937//946
f 953//953 939//953 940//953
f 937//954 940//954 939//954
f 951//946 938//946 953//946
f 939//956 953//956 938//956
f 918//953 920//953 938//953
f 938//953 933//953 918//953
f 898//945 899//945 920//945
f 920//951 918//951 898//951
f 873//951 897//951 899//951
f 899//946 898//946 873//946
f 871//944 891//944 897//944
f 897//957 873//957 871//957
f 865//945 868//945 891//945
f 891//956 871//956 865//956
f 840//952 839//952 868//952
f 868//952 865//952 840//952
f 807//944 809//944 840//944
f 839//946 840//946 809//946
f 775//951 806//951 809//951
f 809//956 807//956 775//956
f 772//951 780//951 806//951
f 806//951 775//951 772//951
f 746//947 748//947 772//947
f 780//951 772//951 748//951
f 712//946 714//946 748//946
f 748//956 746//956 712//956
f 674//959 676//959 712//959
f 714//952 712//952 676//952
f 646//950 676//950 674//950
f 674//952 644//952 646//952
f 607//946 632//946 606//946
f 631//953 606//953 632//953
f 633//952 632//952 608//952
f 607//952 608//952 632//952
f 660//945 659//945 633//945
f 632//954 633//954 659//954
f 696//974 695//974 660//974
f 659//945 660//945 695//945
f 658//952 659//952 695//952
f 695//951 693//951 658//951
f 658//952 631//952 659//952
f 632//953 659//953 631//953
f 612//948 611//948 589//948
f 588//953 589//953 611//953
f 612//952 635//952 611//952
f 609//949 611//949 635//949
f 1032//951 1031//951 1022//951
f 1020//954 1022//954 1031//954
f 1033//951 1031//951 1041//951
f 1032//951 1041//951 1031//951
f 1010//952 1008//952 1000//952
f 998//946 1000//946 1008//946
f 1020//944 1019//944 1010//944
f 1008//947 1010//947 1019//947
f 920//945 921//945 938//945
f 939//956 938//956 921//956
f 899//948 919//948 921//948
f 921//945 920//945 899//945
f 897//945 915//945 919//945
f 919//948 899//948 897//948
f 891//946 894//946 915//946
f 915//946 897//946 891//946
f 868//960 867//960 894//960
f 894//945 891//945 868//945
f 839//960 841//960 868//960
f 867//948 868//948 841//948
f 809//948 838//948 839//948
f 841//948 839//948 838//948
f 806//946 814//946 809//946
f 838//950 809//950 814//950
f 780//951 782//951 814//951
f 814//946 806//946 780//946
f 748//946 750//946 780//946
f 782//945 780//945 750//945
f 784//957 816//957 814//957
f 814//948 782//948 784//948
f 818//954 848//954 846//954
f 846//951 816//951 818//951
f 820//951 850//951 848//951
f 848//954 818//954 820//954
f 821//945 851//945 820//945
f 850//951 820//951 851//951
f 819//946 849//946 821//946
f 851//945 821//945 849//945
f 817//955 847//955 819//955
f 849//948 819//948 847//948
f 815//948 822//948 817//948
f 847//964 817//964 822//964
f 790//947 793//947 822//947
f 822//946 815//946 790//946
f 761//965 792//965 790//965
f 793//954 790//954 792//954
f 760//945 791//945 761//945
f 792//965 761//965 791//965
f 762//953 791//953 760//953
f 760//948 759//948 762//948
f 951//951 934//951 938//951
f 933//951 938//951 934//951
f 951//954 952//954 934//954
f 936//952 934//952 952//952
f 965//951 964//951 952//951
f 952//951 951//951 965//951
f 975//953 964//953 976//953
f 965//951 976//951 964//951
f 1024//952 1023//952 1031//952
f 1031//952 1033//952 1024//952
f 846//956 838//956 814//956
f 814//946 816//946 846//946
f 846//955 866//955 841//955
f 841//944 838//944 846//944
f 848//945 874//945 866//945
f 866//955 846//955 848//955
f 850//945 876//945 874//945
f 874//945 848//945 850//945
f 851//953 877//953 850//953
f 876//953 850//953 877//953
f 849//946 875//946 851//946
f 877//956 851//956 875//956
f 847//957 852//957 849//957
f 875//951 849//951 852//951
f 822//952 825//952 847//952
f 852//957 847//957 825//957
f 793//946 824//946 825//946
f 825//947 822//947 793//947
f 792//957 823//957 793//957
f 824//946 793//946 823//946
f 791//956 794//956 792//956
f 823//963 792//963 794//963
f 795//952 794//952 762//952
f 791//964 762//964 794//964
f 866//954 869//954 867//954
f 867//954 841//954 866//954
f 874//946 892//946 866//946
f 869//952 866//952 892//952
f 876//951 900//951 874//951
f 892//951 874//951 900//951
f 877//954 901//954 900//954
f 900//951 876//951 877//951
f 875//956 878//956 877//956
f 901//952 877//952 878//952
f 922//951 916//951 900//951
f 900//946 901//946 922//946
f 937//946 917//946 922//946
f 916//945 922//945 917//945
f 915//969 917//969 919//969
f 937//951 919//951 917//951
f 894//975 893//975 917//975
f 917//948 915//948 894//948
f 869//945 893//945 867//945
f 894//975 867//975 893//975
f 895//956 893//956 869//956
f 869//946 892//946 895//946
f 895//946 916//946 917//946
f 917//944 893//944 895//944
f 921//954 919//954 939//954
f 937//954 939//954 919//954
f 714//957 716//957 750//957
f 750//946 748//946 714//946
f 676//952 678//952 714//952
f 716//951 714//951 678//951
f 676//964 646//964 648//964
f 648//946 678//946 676//946
f 696//952 731//952 693//952
f 693//961 695//961 696//961
f 826//969 823//969 794//969
f 794//952 795//952 826//952
f 878//953 875//953 852//953
f 852//953 853//953 878//953
f 853//951 824//951 826//951
f 823//956 826//956 824//956
f 853//948 852//948 825//948
f 825//946 824//946 853//946
f 1020//952 1031//952 1023//952
f 1023//952 1019//952 1020//952
f 587//954 588//954 611//954
f 611//958 609//958 587//958
f 900//946 916//946 895//946
f 895//946 892//946 900//946
f 1075//976 1076//976 1065//976
f 1066//976 1065//976 1076//976
f 1083//976 1084//976 1075//976
f 1076//976 1075//976 1084//976
f 1091//976 1092//976 1083//976
f 1084//976 1083//976 1092//976
f 1099//976 1100//976 1091//976
f 1092//976 1091//976 1100//976
f 1107//976 1108//976 1099//976
f 1100//976 1099//976 1108//976
f 1115//976 1116//976 1107//976
f 1108//976 1107//976 1116//976
f 1123//976 1124//976 1115//976
f 1116//976 1115//976 1124//976
f 1131//976 1132//976 1123//976
f 1124//976 1123//976 1132//976
f 1139//976 1140//976 1131//976
f 1132//976 1131//976 1140//976
f 1147//976 1148//976 1139//976
f 1140//976 1139//976 1148//976
f 1155//976 1156//976 1148//976
f 1148//976 1147//976 1155//976
f 1163//976 1164//976 1156//976
f 1156//976 1155//976 1163//976
f 1170//976 1171//976 1164//976
f 1164//976 1163//976 1170//976
f 1177//976 1178//976 1171//976
f 1171//976 1170//976 1177//976
f 1184//976 1185//976 1178//976
f 1178//976 1177//976 1184//976
f 1191//976 1192//976 1185//976
f 1185//976 1184//976 1191//976
f 1198//976 1199//976 1192//976
f 1192//976 1191//976 1198//976
f 1205//976 1206//976 1199//976
f 1199//976 1198//976 1205//976
f 1212//976 1213//976 1206//976
f 1206//976 1205//976 1212//976
f 1219//976 1220//976 1213//976
f 1213//976 1212//976 1219//976
f 1226//976 1227//976 1220//976
f 1220//976 1219//976 1226//976
f 1233//976 1234//976 1227//976
f 1227//976 1226//976 1233//976
f 1240//976 1241//976 1234//976
f 1234//976 1233//976 1240//976
f 1247//976 1248//976 1241//976
f 1241//976 1240//976 1247//976
f 1254//976 1255//976 1247//976
f 1248//976 1247//976 1255//976
f 1261//976 1262//976 1255//976
f 1255//976 1254//976 1261//976
f 1269//976 1262//976 1268//976
f 1261//976 1268//976 1262//976
f 25//976 1267//976 26//976
f 1274//976 26//976 1267//976
f 24//976 1260//976 25//976
f 1267//976 25//976 1260//976
f 23//976 1253//976 24//976
f 1260//976 24//976 1253//976
f 22//976 1246//976 23//976
f 1253//976 23//976 1246//976
f 21//976 1239//976 22//976
f 1246//976 22//976 1239//976
f 20//976 1232//976 21//976
f 1239//976 21//976 1232//976
f 19//976 1225//976 20//976
f 1232//976 20//976 1225//976
f 18//976 1218//976 19//976
f 1225//976 19//976 1218//976
f 17//976 1211//976 18//976
f 1218//976 18//976 1211//976
f 16//976 1204//976 17//976
f 1211//976 17//976 1204//976
f 15//976 1197//976 1204//976
f 1204//976 16//976 15//976
f 10//976 1190//976 1197//976
f 1197//976 15//976 10//976
f 5//976 1183//976 1190//976
f 1190//976 10//976 5//976
f 2//976 1176//976 1183//976
f 1183//976 5//976 2//976
f 1//976 1169//976 1176//976
f 1176//976 2//976 1//976
f 1162//976 1161//976 1169//976
f 1169//976 1//976 1162//976
f 1154//976 1153//976 1161//976
f 1161//976 1162//976 1154//976
f 1146//976 1145//976 1153//976
f 1153//976 1154//976 1146//976
f 1138//976 1137//976 1145//976
f 1145//976 1146//976 1138//976
f 1130//976 1129//976 1137//976
f 1137//976 1138//976 1130//976
f 1122//976 1121//976 1129//976
f 1129//976 1130//976 1122//976
f 1114//976 1113//976 1121//976
f 1121//976 1122//976 1114//976
f 1106//976 1105//976 1113//976
f 1113//976 1114//976 1106//976
f 1098//976 1097//976 1105//976
f 1105//976 1106//976 1098//976
f 1090//976 1089//976 1097//976
f 1097//976 1098//976 1090//976
f 1082//976 1081//976 1089//976
f 1089//976 1090//976 1082//976
f 1072//976 1081//976 1074//976
f 1082//976 1074//976 1081//976
f 1070//976 1080//976 1072//976
f 1081//976 1072//976 1080//976
f 1069//976 1079//976 1070//976
f 1080//976 1070//976 1079//976
f 1068//976 1078//976 1069//976
f 1079//976 1069//976 1078//976
f 1067//976 1077//976 1068//976
f 1078//976 1068//976 1077//976
f 1076//976 1077//976 1067//976
f 1067//976 1066//976 1076//976
f 1270//976 1263//976 1269//976
f 1262//976 1269//976 1263//976
f 1271//976 1264//976 1270//976
f 1263//976 1270//976 1264//976
f 1272//976 1265//976 1271//976
f 1264//976 1271//976 1265//976
f 1273//976 1266//976 1272//976
f 1265//976 1272//976 1266//976
f 1267//976 1266//976 1273//976
f 1273//976 1274//976 1267//976
f 1084//976 1085//976 1076//976
f 1077//976 1076//976 1085//976
f 1092//976 1093//976 1084//976
f 1085//976 1084//976 1093//976
f 1100//976 1101//976 1092//976
f 1093//976 1092//976 1101//976
f 1108//976 1109//976 1100//976
f 1101//976 1100//976 1109//976
f 1116//976 1117//976 1108//976
f 1109//976 1108//976 1117//976
f 1124//976 1125//976 1116//976
f 1117//976 1116//976 1125//976
f 1132//976 1133//976 1124//976
f 1125//976 1124//976 1133//976
f 1140//976 1141//976 1132//976
f 1133//976 1132//976 1141//976
f 1148//976 1149//976 1141//976
f 1141//976 1140//976 1148//976
f 1156//976 1157//976 1149//976
f 1149//976 1148//976 1156//976
f 1164//976 1165//976 1157//976
f 1157//976 1156//976 1164//976
f 1171//976 1172//976 1165//976
f 1165//976 1164//976 1171//976
f 1178//976 1179//976 1172//976
f 1172//976 1171//976 1178//976
f 1185//976 1186//976 1179//976
f 1179//976 1178//976 1185//976
f 1192//976 1193//976 1186//976
f 1186//976 1185//976 1192//976
f 1199//976 1200//976 1193//976
f 1193//976 1192//976 1199//976
f 1206//976 1207//976 1200//976
f 1200//976 1199//976 1206//976
f 1213//976 1214//976 1207//976
f 1207//976 1206//976 1213//976
f 1220//976 1221//976 1214//976
f 1214//976 1213//976 1220//976
f 1227//976 1228//976 1221//976
f 1221//976 1220//976 1227//976
f 1234//976 1235//976 1228//976
f 1228//976 1227//976 1234//976
f 1241//976 1242//976 1235//976
f 1235//976 1234//976 1241//976
f 1248//976 1249//976 1242//976
f 1242//976 1241//976 1248//976
f 1255//976 1256//976 1249//976
f 1249//976 1248//976 1255//976
f 1263//976 1256//976 1262//976
f 1255//976 1262//976 1256//976
f 1260//976 1259//976 1266//976
f 1266//976 1267//976 1260//976
f 1253//976 1252//976 1260//976
f 1259//976 1260//976 1252//976
f 1246//976 1245//976 1253//976
f 1252//976 1253//976 1245//976
f 1239//976 1238//976 1246//976
f 1245//976 1246//976 1238//976
f 1232//976 1231//976 1239//976
f 1238//976 1239//976 1231//976
f 1225//976 1224//976 1232//976
f 1231//976 1232//976 1224//976
f 1218//976 1217//976 1225//976
f 1224//976 1225//976 1217//976
f 1211//976 1210//976 1218//976
f 1217//976 1218//976 1210//976
f 1204//976 1203//976 1211//976
f 1210//976 1211//976 1203//976
f 1197//976 1196//976 1203//976
f 1203//976 1204//976 1197//976
f 1190//976 1189//976 1196//976
f 1196//976 1197//976 1190//976
f 1183//976 1182//976 1189//976
f 1189//976 1190//976 1183//976
f 1176//976 1175//976 1182//976
f 1182//976 1183//976 1176//976
f 1169//976 1168//976 1176//976
f 1175//976 1176//976 1168//976
f 1161//976 1160//976 1168//976
f 1168//976 1169//976 1161//976
f 1153//976 1152//976 1160//976
f 1160//976 1161//976 1153//976
f 1145//976 1144//976 1152//976
f 1152//976 1153//976 1145//976
f 1137//976 1136//976 1144//976
f 1144//976 1145//976 1137//976
f 1129//976 1128//976 1136//976
f 1136//976 1137//976 1129//976
f 1121//976 1120//976 1128//976
f 1128//976 1129//976 1121//976
f 1113//976 1112//976 1120//976
f 1120//976 1121//976 1113//976
f 1105//976 1104//976 1112//976
f 1112//976 1113//976 1105//976
f 1097//976 1096//976 1104//976
f 1104//976 1105//976 1097//976
f 1089//976 1088//976 1096//976
f 1096//976 1097//976 1089//976
f 1080//976 1088//976 1081//976
f 1089//976 1081//976 1088//976
f 1079//976 1087//976 1080//976
f 1088//976 1080//976 1087//976
f 1078//976 1086//976 1079//976
f 1087//976 1079//976 1086//976
f 1085//976 1086//976 1077//976
f 1078//976 1077//976 1086//976
f 1093//976 1094//976 1085//976
f 1086//976 1085//976 1094//976
f 1101//976 1102//976 1094//976
f 1094//976 1093//976 1101//976
f 1109//976 1110//976 1102//976
f 1102//976 1101//976 1109//976
f 1117//976 1118//976 1110//976
f 1110//976 1109//976 1117//976
f 1125//976 1126//976 1118//976
f 1118//976 1117//976 1125//976
f 1133//976 1134//976 1126//976
f 1126//976 1125//976 1133//976
f 1141//976 1142//976 1134//976
f 1134//976 1133//976 1141//976
f 1149//976 1150//976 1142//976
f 1142//976 1141//976 1149//976
f 1157//976 1158//976 1150//976
f 1150//976 1149//976 1157//976
f 1165//976 1166//976 1158//976
f 1158//976 1157//976 1165//976
f 1172//976 1173//976 1166//976
f 1166//976 1165//976 1172//976
f 1179//976 1180//976 1172//976
f 1173//976 1172//976 1180//976
f 1186//976 1187//976 1179//976
f 1180//976 1179//976 1187//976
f 1193//976 1194//976 1186//976
f 1187//976 1186//976 1194//976
f 1200//976 1201//976 1193//976
f 1194//976 1193//976 1201//976
f 1207//976 1208//976 1200//976
f 1201//976 1200//976 1208//976
f 1214//976 1215//976 1207//976
f 1208//976 1207//976 1215//976
f 1221//976 1222//976 1214//976
f 1215//976 1214//976 1222//976
f 1228//976 1229//976 1221//976
f 1222//976 1221//976 1229//976
f 1235//976 1236//976 1228//976
f 1229//976 1228//976 1236//976
f 1242//976 1243//976 1235//976
f 1236//976 1235//976 1243//976
f 1249//976 1250//976 1242//976
f 1243//976 1242//976 1250//976
f 1256//976 1257//976 1249//976
f 1250//976 1249//976 1257//976
f 1264//976 1257//976 1263//976
f 1256//976 1263//976 1257//976
f 1265//976 1258//976 1264//976
f 1257//976 1264//976 1258//976
f 1259//976 1258//976 1265//976
f 1265//976 1266//976 1259//976
f 1252//976 1251//976 1258//976
f 1258//976 1259//976 1252//976
f 1245//976 1244//976 1251//976
f 1251//976 1252//976 1245//976
f 1238//976 1237//976 1244//976
f 1244//976 1245//976 1238//976
f 1231//976 1230//976 1237//976
f 1237//976 1238//976 1231//976
f 1224//976 1223//976 1230//976
f 1230//976 1231//976 1224//976
f 1217//976 1216//976 1223//976
f 1223//976 1224//976 1217//976
f 1210//976 1209//976 1216//976
f 1216//976 1217//976 1210//976
f 1203//976 1202//976 1209//976
f 1209//976 1210//976 1203//976
f 1196//976 1195//976 1202//976
f 1202//976 1203//976 1196//976
f 1189//976 1188//976 1195//976
f 1195//976 1196//976 1189//976
f 1182//976 1181//976 1188//976
f 1188//976 1189//976 1182//976
f 1175//976 1174//976 1181//976
f 1181//976 1182//976 1175//976
f 1168//976 1167//976 1174//976
f 1174//976 1175//976 1168//976
f 1160//976 1159//976 1167//976
f 1167//976 1168//976 1160//976
f 1152//976 1151//976 1159//976
f 1159//976 1160//976 1152//976
f 1144//976 1143//976 1151//976
f 1151//976 1152//976 1144//976
f 1136//976 1135//976 1143//976
f 1143//976 1144//976 1136//976
f 1128//976 1127//976 1135//976
f 1135//976 1136//976 1128//976
f 1120//976 1119//976 1128//976
f 1127//976 1128//976 1119//976
f 1112//976 1111//976 1120//976
f 1119//976 1120//976 1111//976
f 1104//976 1103//976 1112//976
f 1111//976 1112//976 1103//976
f 1096//976 1095//976 1104//976
f 1103//976 1104//976 1095//976
f 1087//976 1095//976 1096//976
f 1096//976 1088//976 1087//976
f 1094//976 1095//976 1086//976
f 1087//976 1086//976 1095//976
f 1102//976 1103//976 1094//976
f 1095//976 1094//976 1103//976
f 1110//976 1111//976 1103//976
f 1103//976 1102//976 1110//976
f 1118//976 1119//976 1111//976
f 1111//976 1110//976 1118//976
f 1126//976 1127//976 1119//976
f 1119//976 1118//976 1126//976
f 1134//976 1135//976 1127//976
f 1127//976 1126//976 1134//976
f 1142//976 1143//976 1135//976
f 1135//976 1134//976 1142//976
f 1150//976 1151//976 1143//976
f 1143//976 1142//976 1150//976
f 1158//976 1159//976 1151//976
f 1151//976 1150//976 1158//976
f 1166//976 1167//976 1159//976
f 1159//976 1158//976 1166//976
f 1173//976 1174//976 1167//976
f 1167//976 1166//976 1173//976
f 1180//976 1181//976 1174//976
f 1174//976 1173//976 1180//976
f 1187//976 1188//976 1181//976
f 1181//976 1180//976 1187//976
f 1194//976 1195//976 1188//976
f 1188//976 1187//976 1194//976
f 1201//976 1202//976 1195//976
f 1195//976 1194//976 1201//976
f 1208//976 1209//976 1202//976
f 1202//976 1201//976 1208//976
f 1215//976 1216//976 1209//976
f 1209//976 1208//976 1215//976
f 1222//976 1223//976 1216//976
f 1216//976 1215//976 1222//976
f 1229//976 1230//976 1223//976
f 1223//976 1222//976 1229//976
f 1236//976 1237//976 1229//976
f 1230//976 1229//976 1237//976
f 1243//976 1244//976 1236//976
f 1237//976 1236//976 1244//976
f 1250//976 1251//976 1243//976
f 1244//976 1243//976 1251//976
f 1250//976 1257//976 1251//976
f 1258//976 1251//976 1257//976
f 1537//977 1536//977 1539//977
f 1539//977 1540//977 1537//977
f 1534//977 1533//977 1537//977
f 1536//977 1537//977 1533//977
f 1529//977 1528//977 1533//977
f 1533//977 1534//977 1529//977
f 1524//977 1523//977 1529//977
f 1528//977 1529//977 1523//977
f 1519//977 1518//977 1524//977
f 1523//977 1524//977 1518//977
f 1514//977 1513//977 1518//977
f 1518//977 1519//977 1514//977
f 1509//977 1508//977 1514//977
f 1513//977 1514//977 1508//977
f 1504//977 1503//977 1509//977
f 1508//977 1509//977 1503//977
f 1499//977 1498//977 1504//977
f 1503//977 1504//977 1498//977
f 1499//977 1492//977 1498//977
f 1491//977 1498//977 1492//977
f 1493//977 1490//977 1492//977
f 1492//977 1499//977 1493//977
f 1485//977 1484//977 1490//977
f 1490//977 1493//977 1485//977
f 1475//977 1474//977 1484//977
f 1484//977 1485//977 1475//977
f 1463//977 1462//977 1474//977
f 1474//977 1475//977 1463//977
f 1448//977 1462//977 1449//977
f 1463//977 1449//977 1462//977
f 1406//977 1416//977 1401//977
f 1414//977 1401//977 1416//977
f 1408//977 1419//977 1406//977
f 1416//977 1406//977 1419//977
f 1410//977 1421//977 1408//977
f 1419//977 1408//977 1421//977
f 1411//977 1422//977 1410//977
f 1421//977 1410//977 1422//977
f 1409//977 1420//977 1411//977
f 1422//977 1411//977 1420//977
f 1409//977 1407//977 1418//977
f 1418//977 1420//977 1409//977
f 1398//977 1397//977 1407//977
f 1407//977 1409//977 1398//977
f 1390//977 1392//977 1397//977
f 1397//977 1398//977 1390//977
f 1386//977 1392//977 1383//977
f 1390//977 1383//977 1392//977
f 1286//977 1285//977 1279//977
f 1279//977 1280//977 1286//977
f 1292//977 1291//977 1285//977
f 1285//977 1286//977 1292//977
f 1298//977 1297//977 1291//977
f 1291//977 1292//977 1298//977
f 1304//977 1303//977 1297//977
f 1297//977 1298//977 1304//977
f 1310//977 1309//977 1303//977
f 1303//977 1304//977 1310//977
f 1316//977 1315//977 1309//977
f 1309//977 1310//977 1316//977
f 1322//977 1321//977 1315//977
f 1315//977 1316//977 1322//977
f 1328//977 1327//977 1321//977
f 1321//977 1322//977 1328//977
f 1334//977 1333//977 1327//977
f 1327//977 1328//977 1334//977
f 1340//977 1339//977 1334//977
f 1333//977 1334//977 1339//977
f 1344//977 1343//977 1340//977
f 1339//977 1340//977 1343//977
f 1348//977 1347//977 1344//977
f 1343//977 1344//977 1347//977
f 1352//977 1351//977 1347//977
f 1347//977 1348//977 1352//977
f 1356//977 1355//977 1351//977
f 1351//977 1352//977 1356//977
f 1360//977 1359//977 1355//977
f 1355//977 1356//977 1360//977
f 1364//977 1363//977 1359//977
f 1359//977 1360//977 1364//977
f 1368//977 1367//977 1364//977
f 1363//977 1364//977 1367//977
f 1372//977 1371//977 1367//977
f 1367//977 1368//977 1372//977
f 1376//977 1375//977 1372//977
f 1371//977 1372//977 1375//977
f 1378//977 1377//977 1375//977
f 1375//977 1376//977 1378//977
f 1379//977 1381//977 1377//977
f 1377//977 1378//977 1379//977
f 1380//977 1382//977 1379//977
f 1381//977 1379//977 1382//977
f 1384//977 1385//977 1382//977
f 1382//977 1380//977 1384//977
f 1391//977 1393//977 1384//977
f 1385//977 1384//977 1393//977
f 1399//977 1400//977 1391//977
f 1393//977 1391//977 1400//977
f 1413//977 1412//977 1400//977
f 1400//977 1399//977 1413//977
f 1425//977 1424//977 1412//977
f 1412//977 1413//977 1425//977
f 1437//977 1436//977 1424//977
f 1424//977 1425//977 1437//977
f 1454//977 1453//977 1436//977
f 1436//977 1437//977 1454//977
f 1467//977 1466//977 1453//977
f 1453//977 1454//977 1467//977
f 1478//977 1477//977 1466//977
f 1466//977 1467//977 1478//977
f 1487//977 1486//977 1477//977
f 1477//977 1478//977 1487//977
f 1494//977 1488//977 1486//977
f 1486//977 1487//977 1494//977
f 1495//977 1496//977 1488//977
f 1488//977 1494//977 1495//977
f 1500//977 1501//977 1496//977
f 1496//977 1495//977 1500//977
f 1505//977 1506//977 1501//977
f 1501//977 1500//977 1505//977
f 1510//977 1511//977 1505//977
f 1506//977 1505//977 1511//977
f 1515//977 1516//977 1510//977
f 1511//977 1510//977 1516//977
f 1520//977 1521//977 1515//977
f 1516//977 1515//977 1521//977
f 1538//977 1539//977 1535//977
f 1536//977 1535//977 1539//977
f 1536//977 1530//977 1532//977
f 1532//977 1535//977 1536//977
f 1533//977 1531//977 1530//977
f 1530//977 1536//977 1533//977
f 1523//977 1522//977 1528//977
f 1527//977 1528//977 1522//977
f 1518//977 1517//977 1522//977
f 1522//977 1523//977 1518//977
f 1513//977 1512//977 1517//977
f 1517//977 1518//977 1513//977
f 1508//977 1507//977 1512//977
f 1512//977 1513//977 1508//977
f 1503//977 1502//977 1507//977
f 1507//977 1508//977 1503//977
f 1498//977 1497//977 1502//977
f 1502//977 1503//977 1498//977
f 1491//977 1489//977 1497//977
f 1497//977 1498//977 1491//977
f 1491//977 1482//977 1489//977
f 1480//977 1489//977 1482//977
f 1492//977 1483//977 1491//977
f 1482//977 1491//977 1483//977
f 1490//977 1481//977 1492//977
f 1483//977 1492//977 1481//977
f 1484//977 1479//977 1481//977
f 1481//977 1490//977 1484//977
f 1474//977 1473//977 1484//977
f 1479//977 1484//977 1473//977
f 1462//977 1461//977 1473//977
f 1473//977 1474//977 1462//977
f 1447//977 1461//977 1448//977
f 1462//977 1448//977 1461//977
f 1388//977 1395//977 1386//977
f 1392//977 1386//977 1395//977
f 1389//977 1396//977 1388//977
f 1395//977 1388//977 1396//977
f 1387//977 1394//977 1389//977
f 1396//977 1389//977 1394//977
f 1400//977 1403//977 1393//977
f 1394//977 1393//977 1403//977
f 1412//977 1415//977 1403//977
f 1403//977 1400//977 1412//977
f 1424//977 1423//977 1415//977
f 1415//977 1412//977 1424//977
f 1436//977 1435//977 1423//977
f 1423//977 1424//977 1436//977
f 1453//977 1452//977 1435//977
f 1435//977 1436//977 1453//977
f 1466//977 1465//977 1453//977
f 1452//977 1453//977 1465//977
f 1477//977 1476//977 1465//977
f 1465//977 1466//977 1477//977
f 1486//977 1480//977 1476//977
f 1476//977 1477//977 1486//977
f 1488//977 1489//977 1480//977
f 1480//977 1486//977 1488//977
f 1446//977 1460//977 1447//977
f 1461//977 1447//977 1460//977
f 1445//977 1455//977 1460//977
f 1460//977 1446//977 1445//977
f 1438//977 1439//977 1455//977
f 1455//977 1445//977 1438//977
f 1426//977 1427//977 1438//977
f 1439//977 1438//977 1427//977
f 1416//977 1427//977 1426//977
f 1426//977 1414//977 1416//977
f 1482//977 1471//977 1480//977
f 1476//977 1480//977 1471//977
f 1483//977 1472//977 1482//977
f 1471//977 1482//977 1472//977
f 1481//977 1470//977 1483//977
f 1472//977 1483//977 1470//977
f 1479//977 1469//977 1481//977
f 1470//977 1481//977 1469//977
f 1473//977 1468//977 1479//977
f 1469//977 1479//977 1468//977
f 1460//977 1468//977 1461//977
f 1473//977 1461//977 1468//977
f 1525//977 1521//977 1520//977
f 1520//977 1526//977 1525//977
f 1527//977 1531//977 1528//977
f 1533//977 1528//977 1531//977
f 1530//977 1525//977 1526//977
f 1526//977 1532//977 1530//977
f 1276//977 1282//977 1275//977
f 1281//977 1275//977 1282//977
f 1277//977 1283//977 1276//977
f 1282//977 1276//977 1283//977
f 1278//977 1284//977 1277//977
f 1283//977 1277//977 1284//977
f 1285//977 1284//977 1278//977
f 1278//977 1279//977 1285//977
f 1282//977 1288//977 1281//977
f 1287//977 1281//977 1288//977
f 1419//977 1429//977 1416//977
f 1427//977 1416//977 1429//977
f 1421//977 1432//977 1419//977
f 1429//977 1419//977 1432//977
f 1422//977 1433//977 1421//977
f 1432//977 1421//977 1433//977
f 1420//977 1431//977 1422//977
f 1433//977 1422//977 1431//977
f 1418//977 1430//977 1420//977
f 1431//977 1420//977 1430//977
f 1418//977 1417//977 1428//977
f 1428//977 1430//977 1418//977
f 1407//977 1405//977 1418//977
f 1417//977 1418//977 1405//977
f 1397//977 1402//977 1405//977
f 1405//977 1407//977 1397//977
f 1395//977 1402//977 1397//977
f 1397//977 1392//977 1395//977
f 1396//977 1404//977 1395//977
f 1402//977 1395//977 1404//977
f 1396//977 1394//977 1403//977
f 1403//977 1404//977 1396//977
f 1496//977 1497//977 1489//977
f 1489//977 1488//977 1496//977
f 1501//977 1502//977 1497//977
f 1497//977 1496//977 1501//977
f 1506//977 1507//977 1501//977
f 1502//977 1501//977 1507//977
f 1511//977 1512//977 1506//977
f 1507//977 1506//977 1512//977
f 1516//977 1517//977 1512//977
f 1512//977 1511//977 1516//977
f 1521//977 1522//977 1516//977
f 1517//977 1516//977 1522//977
f 1521//977 1525//977 1527//977
f 1527//977 1522//977 1521//977
f 1393//977 1394//977 1385//977
f 1387//977 1385//977 1394//977
f 1415//977 1417//977 1404//977
f 1404//977 1403//977 1415//977
f 1405//977 1402//977 1404//977
f 1404//977 1417//977 1405//977
f 1382//977 1385//977 1387//977
f 1387//977 1381//977 1382//977
f 1423//977 1428//977 1415//977
f 1417//977 1415//977 1428//977
f 1435//977 1434//977 1428//977
f 1428//977 1423//977 1435//977
f 1452//977 1451//977 1434//977
f 1434//977 1435//977 1452//977
f 1465//977 1464//977 1451//977
f 1451//977 1452//977 1465//977
f 1471//977 1464//977 1476//977
f 1465//977 1476//977 1464//977
f 1455//977 1456//977 1460//977
f 1468//977 1460//977 1456//977
f 1439//977 1440//977 1456//977
f 1456//977 1455//977 1439//977
f 1429//977 1440//977 1439//977
f 1439//977 1427//977 1429//977
f 1472//977 1458//977 1471//977
f 1464//977 1471//977 1458//977
f 1470//977 1459//977 1472//977
f 1458//977 1472//977 1459//977
f 1469//977 1457//977 1470//977
f 1459//977 1470//977 1457//977
f 1456//977 1457//977 1469//977
f 1469//977 1468//977 1456//977
f 1432//977 1442//977 1429//977
f 1440//977 1429//977 1442//977
f 1433//977 1444//977 1432//977
f 1442//977 1432//977 1444//977
f 1431//977 1443//977 1433//977
f 1444//977 1433//977 1443//977
f 1430//977 1441//977 1431//977
f 1443//977 1431//977 1441//977
f 1434//977 1441//977 1428//977
f 1430//977 1428//977 1441//977
f 1374//977 1373//977 1375//977
f 1375//977 1377//977 1374//977
f 1369//977 1370//977 1373//977
f 1373//977 1374//977 1369//977
f 1365//977 1366//977 1370//977
f 1370//977 1369//977 1365//977
f 1361//977 1362//977 1366//977
f 1366//977 1365//977 1361//977
f 1357//977 1358//977 1362//977
f 1362//977 1361//977 1357//977
f 1353//977 1354//977 1358//977
f 1358//977 1357//977 1353//977
f 1349//977 1350//977 1354//977
f 1354//977 1353//977 1349//977
f 1345//977 1346//977 1350//977
f 1350//977 1349//977 1345//977
f 1341//977 1342//977 1346//977
f 1346//977 1345//977 1341//977
f 1337//977 1335//977 1342//977
f 1342//977 1341//977 1337//977
f 1330//977 1329//977 1335//977
f 1335//977 1337//977 1330//977
f 1323//977 1324//977 1329//977
f 1329//977 1330//977 1323//977
f 1317//977 1318//977 1324//977
f 1324//977 1323//977 1317//977
f 1311//977 1312//977 1318//977
f 1318//977 1317//977 1311//977
f 1305//977 1306//977 1312//977
f 1312//977 1311//977 1305//977
f 1299//977 1300//977 1306//977
f 1306//977 1305//977 1299//977
f 1293//977 1294//977 1300//977
f 1300//977 1299//977 1293//977
f 1288//977 1294//977 1293//977
f 1293//977 1287//977 1288//977
f 1291//977 1290//977 1284//977
f 1284//977 1285//977 1291//977
f 1297//977 1296//977 1290//977
f 1290//977 1291//977 1297//977
f 1303//977 1302//977 1296//977
f 1296//977 1297//977 1303//977
f 1309//977 1308//977 1302//977
f 1302//977 1303//977 1309//977
f 1315//977 1314//977 1309//977
f 1308//977 1309//977 1314//977
f 1321//977 1320//977 1314//977
f 1314//977 1315//977 1321//977
f 1327//977 1326//977 1321//977
f 1320//977 1321//977 1326//977
f 1339//977 1338//977 1333//977
f 1332//977 1333//977 1338//977
f 1343//977 1342//977 1338//977
f 1338//977 1339//977 1343//977
f 1347//977 1346//977 1343//977
f 1342//977 1343//977 1346//977
f 1351//977 1350//977 1347//977
f 1346//977 1347//977 1350//977
f 1451//977 1450//977 1434//977
f 1441//977 1434//977 1450//977
f 1458//977 1450//977 1464//977
f 1451//977 1464//977 1450//977
f 1458//977 1443//977 1450//977
f 1441//977 1450//977 1443//977
f 1459//977 1444//977 1443//977
f 1443//977 1458//977 1459//977
f 1457//977 1442//977 1459//977
f 1444//977 1459//977 1442//977
f 1457//977 1456//977 1440//977
f 1440//977 1442//977 1457//977
f 1335//977 1336//977 1338//977
f 1338//977 1342//977 1335//977
f 1329//977 1331//977 1336//977
f 1336//977 1335//977 1329//977
f 1324//977 1325//977 1331//977
f 1331//977 1329//977 1324//977
f 1318//977 1319//977 1325//977
f 1325//977 1324//977 1318//977
f 1312//977 1313//977 1319//977
f 1319//977 1318//977 1312//977
f 1306//977 1307//977 1312//977
f 1313//977 1312//977 1307//977
f 1300//977 1301//977 1306//977
f 1307//977 1306//977 1301//977
f 1294//977 1295//977 1300//977
f 1301//977 1300//977 1295//977
f 1288//977 1289//977 1295//977
f 1295//977 1294//977 1288//977
f 1283//977 1289//977 1282//977
f 1288//977 1282//977 1289//977
f 1332//977 1326//977 1327//977
f 1327//977 1333//977 1332//977
f 1355//977 1354//977 1350//977
f 1350//977 1351//977 1355//977
f 1359//977 1358//977 1354//977
f 1354//977 1355//977 1359//977
f 1363//977 1362//977 1358//977
f 1358//977 1359//977 1363//977
f 1367//977 1366//977 1362//977
f 1362//977 1363//977 1367//977
f 1371//977 1370//977 1366//977
f 1366//977 1367//977 1371//977
f 1371//977 1375//977 1373//977
f 1373//977 1370//977 1371//977
f 1290//977 1289//977 1283//977
f 1283//977 1284//977 1290//977
f 1296//977 1295//977 1290//977
f 1289//977 1290//977 1295//977
f 1302//977 1301//977 1296//977
f 1295//977 1296//977 1301//977
f 1308//977 1307//977 1302//977
f 1301//977 1302//977 1307//977
f 1314//977 1313//977 1308//977
f 1307//977 1308//977 1313//977
f 1320//977 1319//977 1313//977
f 1313//977 1314//977 1320//977
f 1326//977 1325//977 1320//977
f 1319//977 1320//977 1325//977
f 1326//977 1332//977 1331//977
f 1331//977 1325//977 1326//977
f 1527//977 1525//977 1531//977
f 1530//977 1531//977 1525//977
f 1332//977 1338//977 1336//977
f 1336//977 1331//977 1332//977
f 1541//978 1542//978 1539//978
f 1539//979 1538//979 1541//979
f 1544//980 1545//980 1541//980
f 1542//981 1541//981 1545//981
f 1547//982 1548//982 1545//982
f 1545//983 1544//983 1547//983
f 1550//984 1551//984 1548//984
f 1548//984 1547//984 1550//984
f 1555//985 1556//985 1551//985
f 1551//986 1550//986 1555//986
f 1560//987 1561//987 1556//987
f 1556//988 1555//988 1560//988
f 1565//989 1566//989 1561//989
f 1561//990 1560//990 1565//990
f 1570//991 1571//991 1565//991
f 1566//991 1565//991 1571//991
f 1575//992 1576//992 1570//992
f 1571//992 1570//992 1576//992
f 1580//993 1581//993 1576//993
f 1576//994 1575//994 1580//994
f 1585//995 1586//995 1581//995
f 1581//996 1580//996 1585//996
f 1592//997 1594//997 1586//997
f 1586//998 1585//998 1592//998
f 1593//999 1600//999 1594//999
f 1594//1000 1592//1000 1593//1000
f 1601//1001 1602//1001 1600//1001
f 1600//1001 1593//1001 1601//1001
f 1609//1002 1610//1002 1602//1002
f 1602//1002 1601//1002 1609//1002
f 1612//1003 1628//1003 1610//1003
f 1610//1004 1609//1004 1612//1004
f 1613//1005 1631//1005 1628//1005
f 1628//1006 1612//1006 1613//1006
f 1614//1007 1632//1007 1631//1007
f 1631//1008 1613//1008 1614//1008
f 1615//1009 1633//1009 1614//1009
f 1632//1009 1614//1009 1633//1009
f 1616//1010 1634//1010 1615//1010
f 1633//1011 1615//1011 1634//1011
f 1617//1012 1635//1012 1616//1012
f 1634//1012 1616//1012 1635//1012
f 1618//1013 1636//1013 1617//1013
f 1635//1014 1617//1014 1636//1014
f 1619//1015 1637//1015 1636//1015
f 1636//1016 1618//1016 1619//1016
f 1638//1017 1637//1017 1620//1017
f 1619//1018 1620//1018 1637//1018
f 654//1019 1782//1019 691//1019
f 1783//1020 691//1020 1782//1020
f 651//1021 1781//1021 654//1021
f 1782//1022 654//1022 1781//1022
f 1780//1023 1781//1023 626//1023
f 651//1024 626//1024 1781//1024
f 1654//1025 1653//1025 1638//1025
f 1637//1026 1638//1026 1653//1026
f 1655//1027 1668//1027 1653//1027
f 1653//1028 1654//1028 1655//1028
f 1669//1029 1670//1029 1668//1029
f 1668//1030 1655//1030 1669//1030
f 1681//1031 1682//1031 1670//1031
f 1670//1032 1669//1032 1681//1032
f 1691//1033 1692//1033 1682//1033
f 1682//1033 1681//1033 1691//1033
f 1701//1034 1702//1034 1692//1034
f 1692//1035 1691//1035 1701//1035
f 1711//1036 1712//1036 1702//1036
f 1702//1037 1701//1037 1711//1037
f 1721//1038 1720//1038 1711//1038
f 1712//1039 1711//1039 1720//1039
f 1728//1040 1727//1040 1720//1040
f 1720//1040 1721//1040 1728//1040
f 1735//1041 1733//1041 1727//1041
f 1727//1042 1728//1042 1735//1042
f 1742//1043 1740//1043 1733//1043
f 1733//1044 1735//1044 1742//1044
f 1747//1045 1745//1045 1740//1045
f 1740//1046 1742//1046 1747//1046
f 1752//1047 1750//1047 1745//1047
f 1745//1048 1747//1048 1752//1048
f 1757//1049 1754//1049 1750//1049
f 1750//1050 1752//1050 1757//1050
f 1759//1051 1758//1051 1754//1051
f 1754//1052 1757//1052 1759//1052
f 1763//1053 1762//1053 1758//1053
f 1758//1054 1759//1054 1763//1054
f 1767//1055 1766//1055 1763//1055
f 1762//1056 1763//1056 1766//1056
f 1771//1057 1770//1057 1766//1057
f 1766//1058 1767//1058 1771//1058
f 1775//1059 1774//1059 1770//1059
f 1770//1060 1771//1060 1775//1060
f 1779//1061 1778//1061 1775//1061
f 1774//1062 1775//1062 1778//1062
f 1782//1063 1778//1063 1779//1063
f 1779//1064 1783//1064 1782//1064
f 1776//1065 1777//1065 1780//1065
f 1781//1066 1780//1066 1777//1066
f 1772//1067 1773//1067 1777//1067
f 1777//1068 1776//1068 1772//1068
f 1768//1069 1769//1069 1773//1069
f 1773//1070 1772//1070 1768//1070
f 1764//1071 1765//1071 1768//1071
f 1769//1072 1768//1072 1765//1072
f 1760//1073 1761//1073 1764//1073
f 1765//1074 1764//1074 1761//1074
f 1756//1075 1755//1075 1761//1075
f 1761//1076 1760//1076 1756//1076
f 1751//1077 1749//1077 1756//1077
f 1755//1078 1756//1078 1749//1078
f 1746//1079 1744//1079 1749//1079
f 1749//1080 1751//1080 1746//1080
f 1741//1081 1739//1081 1744//1081
f 1744//1082 1746//1082 1741//1082
f 1734//1083 1732//1083 1739//1083
f 1739//1084 1741//1084 1734//1084
f 1726//1085 1725//1085 1734//1085
f 1732//1086 1734//1086 1725//1086
f 1718//1087 1716//1087 1725//1087
f 1725//1088 1726//1088 1718//1088
f 1709//1089 1707//1089 1716//1089
f 1716//1090 1718//1090 1709//1090
f 1700//1091 1698//1091 1707//1091
f 1707//1092 1709//1092 1700//1092
f 1689//1093 1687//1093 1698//1093
f 1698//1094 1700//1094 1689//1094
f 1675//1095 1674//1095 1687//1095
f 1687//1096 1689//1096 1675//1096
f 1659//1097 1658//1097 1674//1097
f 1674//1098 1675//1098 1659//1098
f 1643//1099 1642//1099 1658//1099
f 1658//1100 1659//1100 1643//1100
f 1626//1101 1625//1101 1642//1101
f 1642//1102 1643//1102 1626//1102
f 1607//1103 1606//1103 1625//1103
f 1625//1104 1626//1104 1607//1104
f 1599//1105 1598//1105 1606//1105
f 1606//1106 1607//1106 1599//1106
f 1591//1107 1590//1107 1598//1107
f 1598//1108 1599//1108 1591//1108
f 1584//1109 1583//1109 1591//1109
f 1590//1110 1591//1110 1583//1110
f 1579//1111 1578//1111 1583//1111
f 1583//1112 1584//1112 1579//1112
f 1574//1113 1573//1113 1578//1113
f 1578//1114 1579//1114 1574//1114
f 1569//1115 1568//1115 1573//1115
f 1573//1116 1574//1116 1569//1116
f 1564//1117 1563//1117 1568//1117
f 1568//1118 1569//1118 1564//1118
f 1558//1119 1559//1119 1563//1119
f 1563//1120 1564//1120 1558//1120
f 1552//1121 1554//1121 1558//1121
f 1559//1122 1558//1122 1554//1122
f 1549//1123 1548//1123 1552//1123
f 1554//1124 1552//1124 1548//1124
f 1546//1125 1545//1125 1549//1125
f 1548//1126 1549//1126 1545//1126
f 1540//1127 1539//1127 1542//1127
f 1542//1128 1543//1128 1540//1128
f 1545//1129 1546//1129 1543//1129
f 1543//1130 1542//1130 1545//1130
f 1551//1131 1553//1131 1554//1131
f 1554//1132 1548//1132 1551//1132
f 1556//1133 1557//1133 1553//1133
f 1553//1134 1551//1134 1556//1134
f 1561//1135 1562//1135 1557//1135
f 1557//1136 1556//1136 1561//1136
f 1566//1137 1567//1137 1562//1137
f 1562//1137 1561//1137 1566//1137
f 1571//1138 1572//1138 1567//1138
f 1567//1139 1566//1139 1571//1139
f 1576//1140 1577//1140 1572//1140
f 1572//1141 1571//1141 1576//1141
f 1581//1142 1582//1142 1577//1142
f 1577//1143 1576//1143 1581//1143
f 1586//1144 1587//1144 1581//1144
f 1582//1145 1581//1145 1587//1145
f 1594//1146 1595//1146 1587//1146
f 1587//1147 1586//1147 1594//1147
f 1600//1148 1603//1148 1595//1148
f 1595//1149 1594//1149 1600//1149
f 1602//1150 1608//1150 1603//1150
f 1603//1151 1600//1151 1602//1151
f 1610//1152 1611//1152 1608//1152
f 1608//1153 1602//1153 1610//1153
f 1628//1154 1629//1154 1611//1154
f 1611//1155 1610//1155 1628//1155
f 1631//1156 1645//1156 1629//1156
f 1629//1157 1628//1157 1631//1157
f 1632//1158 1648//1158 1645//1158
f 1645//1158 1631//1158 1632//1158
f 1633//1159 1649//1159 1648//1159
f 1648//1159 1632//1159 1633//1159
f 1634//1160 1650//1160 1649//1160
f 1649//1161 1633//1161 1634//1161
f 1635//1162 1651//1162 1634//1162
f 1650//1162 1634//1162 1651//1162
f 1636//1163 1652//1163 1651//1163
f 1651//1164 1635//1164 1636//1164
f 1653//1165 1652//1165 1637//1165
f 1636//1166 1637//1166 1652//1166
f 1777//1167 1778//1167 1781//1167
f 1782//1168 1781//1168 1778//1168
f 1773//1169 1774//1169 1777//1169
f 1778//1170 1777//1170 1774//1170
f 1769//1171 1770//1171 1773//1171
f 1774//1172 1773//1172 1770//1172
f 1765//1173 1766//1173 1770//1173
f 1770//1174 1769//1174 1765//1174
f 1761//1175 1762//1175 1765//1175
f 1766//1176 1765//1176 1762//1176
f 1755//1177 1758//1177 1761//1177
f 1762//1178 1761//1178 1758//1178
f 1749//1179 1748//1179 1753//1179
f 1753//1180 1755//1180 1749//1180
f 1744//1181 1743//1181 1748//1181
f 1748//1182 1749//1182 1744//1182
f 1739//1183 1737//1183 1744//1183
f 1743//1184 1744//1184 1737//1184
f 1732//1185 1730//1185 1737//1185
f 1737//1186 1739//1186 1732//1186
f 1725//1187 1723//1187 1730//1187
f 1730//1188 1732//1188 1725//1188
f 1716//1189 1714//1189 1723//1189
f 1723//1190 1725//1190 1716//1190
f 1707//1191 1705//1191 1714//1191
f 1714//1192 1716//1192 1707//1192
f 1698//1193 1696//1193 1705//1193
f 1705//1194 1707//1194 1698//1194
f 1687//1195 1685//1195 1696//1195
f 1696//1196 1698//1196 1687//1196
f 1674//1197 1672//1197 1685//1197
f 1685//1197 1687//1197 1674//1197
f 1658//1198 1657//1198 1672//1198
f 1672//1199 1674//1199 1658//1199
f 1642//1200 1641//1200 1657//1200
f 1657//1201 1658//1201 1642//1201
f 1625//1202 1624//1202 1641//1202
f 1641//1203 1642//1203 1625//1203
f 1606//1204 1605//1204 1624//1204
f 1624//1205 1625//1205 1606//1205
f 1598//1206 1597//1206 1605//1206
f 1605//1207 1606//1207 1598//1207
f 1590//1208 1589//1208 1597//1208
f 1597//1209 1598//1209 1590//1209
f 1583//1210 1582//1210 1589//1210
f 1589//1211 1590//1211 1583//1211
f 1578//1212 1577//1212 1583//1212
f 1582//1213 1583//1213 1577//1213
f 1587//1214 1588//1214 1589//1214
f 1589//1215 1582//1215 1587//1215
f 1595//1216 1596//1216 1588//1216
f 1588//1217 1587//1217 1595//1217
f 1603//1218 1604//1218 1596//1218
f 1596//1219 1595//1219 1603//1219
f 1608//1220 1621//1220 1604//1220
f 1604//1221 1603//1221 1608//1221
f 1611//1222 1627//1222 1621//1222
f 1621//1223 1608//1223 1611//1223
f 1629//1224 1630//1224 1627//1224
f 1627//1225 1611//1225 1629//1225
f 1645//1226 1646//1226 1630//1226
f 1630//1227 1629//1227 1645//1227
f 1648//1228 1661//1228 1646//1228
f 1646//1229 1645//1229 1648//1229
f 1649//1230 1664//1230 1661//1230
f 1661//1231 1648//1231 1649//1231
f 1650//1232 1665//1232 1664//1232
f 1664//1233 1649//1233 1650//1233
f 1651//1234 1666//1234 1650//1234
f 1665//1235 1650//1235 1666//1235
f 1652//1236 1667//1236 1651//1236
f 1666//1237 1651//1237 1667//1237
f 1668//1238 1667//1238 1653//1238
f 1652//1239 1653//1239 1667//1239
f 1753//1240 1754//1240 1758//1240
f 1758//1241 1755//1241 1753//1241
f 1748//1242 1750//1242 1753//1242
f 1754//1243 1753//1243 1750//1243
f 1743//1244 1745//1244 1748//1244
f 1750//1245 1748//1245 1745//1245
f 1670//1246 1680//1246 1668//1246
f 1667//1247 1668//1247 1680//1247
f 1682//1248 1683//1248 1670//1248
f 1680//1249 1670//1249 1683//1249
f 1692//1250 1693//1250 1682//1250
f 1683//1251 1682//1251 1693//1251
f 1702//1252 1703//1252 1692//1252
f 1693//1253 1692//1253 1703//1253
f 1712//1254 1710//1254 1702//1254
f 1703//1255 1702//1255 1710//1255
f 1720//1256 1719//1256 1712//1256
f 1710//1257 1712//1257 1719//1257
f 1727//1258 1724//1258 1719//1258
f 1719//1259 1720//1259 1727//1259
f 1733//1260 1731//1260 1727//1260
f 1724//1261 1727//1261 1731//1261
f 1740//1262 1738//1262 1731//1262
f 1731//1263 1733//1263 1740//1263
f 1743//1264 1738//1264 1745//1264
f 1740//1265 1745//1265 1738//1265
f 1737//1266 1736//1266 1743//1266
f 1738//1267 1743//1267 1736//1267
f 1730//1268 1729//1268 1736//1268
f 1736//1269 1737//1269 1730//1269
f 1723//1270 1722//1270 1729//1270
f 1729//1271 1730//1271 1723//1271
f 1714//1272 1713//1272 1722//1272
f 1722//1273 1723//1273 1714//1273
f 1705//1274 1704//1274 1714//1274
f 1713//1275 1714//1275 1704//1275
f 1696//1276 1695//1276 1705//1276
f 1704//1277 1705//1277 1695//1277
f 1685//1278 1684//1278 1695//1278
f 1695//1279 1696//1279 1685//1279
f 1672//1280 1671//1280 1684//1280
f 1684//1281 1685//1281 1672//1281
f 1657//1282 1656//1282 1671//1282
f 1671//1283 1672//1283 1657//1283
f 1641//1284 1640//1284 1656//1284
f 1656//1285 1657//1285 1641//1285
f 1624//1286 1623//1286 1640//1286
f 1640//1287 1641//1287 1624//1287
f 1605//1288 1604//1288 1623//1288
f 1623//1289 1624//1289 1605//1289
f 1589//1290 1588//1290 1597//1290
f 1596//1291 1597//1291 1588//1291
f 1596//1292 1604//1292 1597//1292
f 1605//1293 1597//1293 1604//1293
f 1621//1294 1622//1294 1623//1294
f 1623//1295 1604//1295 1621//1295
f 1627//1296 1639//1296 1622//1296
f 1622//1297 1621//1297 1627//1297
f 1630//1298 1644//1298 1639//1298
f 1639//1299 1627//1299 1630//1299
f 1646//1300 1647//1300 1644//1300
f 1644//1301 1630//1301 1646//1301
f 1661//1302 1662//1302 1647//1302
f 1647//1303 1646//1303 1661//1303
f 1664//1304 1677//1304 1661//1304
f 1662//1305 1661//1305 1677//1305
f 1665//1306 1678//1306 1664//1306
f 1677//1307 1664//1307 1678//1307
f 1666//1308 1679//1308 1678//1308
f 1678//1309 1665//1309 1666//1309
f 1680//1310 1679//1310 1667//1310
f 1666//1311 1667//1311 1679//1311
f 1729//1312 1731//1312 1736//1312
f 1738//1313 1736//1313 1731//1313
f 1722//1314 1724//1314 1731//1314
f 1731//1315 1729//1315 1722//1315
f 1713//1316 1715//1316 1722//1316
f 1724//1317 1722//1317 1715//1317
f 1704//1318 1706//1318 1713//1318
f 1715//1318 1713//1318 1706//1318
f 1695//1319 1697//1319 1704//1319
f 1706//1320 1704//1320 1697//1320
f 1684//1321 1686//1321 1695//1321
f 1697//1322 1695//1322 1686//1322
f 1671//1323 1673//1323 1684//1323
f 1686//1324 1684//1324 1673//1324
f 1656//1325 1660//1325 1671//1325
f 1673//1326 1671//1326 1660//1326
f 1623//1327 1622//1327 1640//1327
f 1639//1328 1640//1328 1622//1328
f 1573//1329 1572//1329 1577//1329
f 1577//1330 1578//1330 1573//1330
f 1568//1331 1567//1331 1572//1331
f 1572//1332 1573//1332 1568//1332
f 1563//1333 1562//1333 1567//1333
f 1567//1334 1568//1334 1563//1334
f 1563//1335 1559//1335 1562//1335
f 1557//1336 1562//1336 1559//1336
f 1553//1337 1557//1337 1559//1337
f 1559//1338 1554//1338 1553//1338
f 1683//1339 1690//1339 1680//1339
f 1679//1340 1680//1340 1690//1340
f 1693//1341 1694//1341 1683//1341
f 1690//1342 1683//1342 1694//1342
f 1703//1343 1699//1343 1694//1343
f 1694//1344 1693//1344 1703//1344
f 1710//1345 1708//1345 1703//1345
f 1699//1346 1703//1346 1708//1346
f 1697//1347 1699//1347 1708//1347
f 1708//1348 1706//1348 1697//1348
f 1686//1349 1688//1349 1697//1349
f 1699//1350 1697//1350 1688//1350
f 1673//1351 1676//1351 1686//1351
f 1688//1352 1686//1352 1676//1352
f 1678//1353 1688//1353 1676//1353
f 1676//1354 1677//1354 1678//1354
f 1690//1355 1688//1355 1678//1355
f 1678//1356 1679//1356 1690//1356
f 1699//1357 1688//1357 1690//1357
f 1690//1358 1694//1358 1699//1358
f 1676//1359 1663//1359 1677//1359
f 1662//1360 1677//1360 1663//1360
f 1660//1361 1663//1361 1673//1361
f 1676//1362 1673//1362 1663//1362
f 1660//1363 1647//1363 1663//1363
f 1662//1364 1663//1364 1647//1364
f 1656//1365 1644//1365 1660//1365
f 1647//1366 1660//1366 1644//1366
f 1656//1367 1640//1367 1644//1367
f 1639//1368 1644//1368 1640//1368
f 1715//1369 1717//1369 1719//1369
f 1719//1370 1724//1370 1715//1370
f 1715//1371 1706//1371 1717//1371
f 1708//1372 1717//1372 1706//1372
f 1710//1373 1719//1373 1717//1373
f 1717//1374 1708//1374 1710//1374
f 1784//1375 1785//1375 667//1375
f 668//1376 667//1376 1785//1376
f 1788//1377 1789//1377 1784//1377
f 1785//1378 1784//1378 1789//1378
f 1792//1379 1793//1379 1788//1379
f 1789//1380 1788//1380 1793//1380
f 1796//1381 1797//1381 1792//1381
f 1793//1382 1792//1382 1797//1382
f 1800//1383 1801//1383 1796//1383
f 1797//1384 1796//1384 1801//1384
f 1804//1385 1805//1385 1800//1385
f 1801//1386 1800//1386 1805//1386
f 1808//1387 1809//1387 1805//1387
f 1805//1388 1804//1388 1808//1388
f 1812//1389 1813//1389 1809//1389
f 1809//1390 1808//1390 1812//1390
f 1816//1391 1817//1391 1813//1391
f 1813//1392 1812//1392 1816//1392
f 1820//1393 1821//1393 1816//1393
f 1817//1394 1816//1394 1821//1394
f 1824//1395 1825//1395 1821//1395
f 1821//1396 1820//1396 1824//1396
f 1828//1397 1829//1397 1825//1397
f 1825//1398 1824//1398 1828//1398
f 284//1399 1832//1399 1829//1399
f 1829//1400 1828//1400 284//1400
f 283//1401 1835//1401 1832//1401
f 1832//1402 284//1402 283//1402
f 282//1403 1838//1403 283//1403
f 1835//1404 283//1404 1838//1404
f 279//1405 1841//1405 282//1405
f 1838//1406 282//1406 1841//1406
f 278//1407 1844//1407 279//1407
f 1841//1408 279//1408 1844//1408
f 1847//1409 1848//1409 278//1409
f 1844//1410 278//1410 1848//1410
f 1851//1411 1852//1411 1847//1411
f 1848//1412 1847//1412 1852//1412
f 1855//1413 1856//1413 1852//1413
f 1852//1414 1851//1414 1855//1414
f 1859//1415 1860//1415 1856//1415
f 1856//1416 1855//1416 1859//1416
f 1863//1417 1864//1417 1860//1417
f 1860//1417 1859//1417 1863//1417
f 1867//1418 1868//1418 1863//1418
f 1864//1418 1863//1418 1868//1418
f 1871//1419 1872//1419 1867//1419
f 1868//1419 1867//1419 1872//1419
f 1875//1420 1876//1420 1872//1420
f 1872//1421 1871//1421 1875//1421
f 1879//1422 1880//1422 1876//1422
f 1876//1423 1875//1423 1879//1423
f 1883//1424 1884//1424 1879//1424
f 1880//1425 1879//1425 1884//1425
f 1887//1426 1888//1426 1883//1426
f 1884//1427 1883//1427 1888//1427
f 1891//1428 1892//1428 1887//1428
f 1888//1429 1887//1429 1892//1429
f 1895//1430 1896//1430 1891//1430
f 1892//1431 1891//1431 1896//1431
f 1899//1432 1900//1432 1895//1432
f 1896//1433 1895//1433 1900//1433
f 1903//1434 1904//1434 1900//1434
f 1900//1435 1899//1435 1903//1435
f 1390//1436 1904//1436 1383//1436
f 1903//1437 1383//1437 1904//1437
f 1906//1438 1905//1438 1409//1438
f 1398//1438 1409//1438 1905//1438
f 1902//1439 1901//1439 1906//1439
f 1905//1440 1906//1440 1901//1440
f 1898//1432 1897//1432 1902//1432
f 1901//1441 1902//1441 1897//1441
f 1894//1442 1893//1442 1898//1442
f 1897//1443 1898//1443 1893//1443
f 1890//1444 1889//1444 1894//1444
f 1893//1445 1894//1445 1889//1445
f 1886//1446 1885//1446 1890//1446
f 1889//1447 1890//1447 1885//1447
f 1882//1448 1881//1448 1886//1448
f 1885//1449 1886//1449 1881//1449
f 1878//1450 1877//1450 1882//1450
f 1881//1451 1882//1451 1877//1451
f 1874//1452 1873//1452 1878//1452
f 1877//1452 1878//1452 1873//1452
f 1870//1453 1869//1453 1874//1453
f 1873//1454 1874//1454 1869//1454
f 1866//1455 1865//1455 1870//1455
f 1869//1455 1870//1455 1865//1455
f 1862//1456 1861//1456 1866//1456
f 1865//1457 1866//1457 1861//1457
f 1858//1458 1857//1458 1862//1458
f 1861//1459 1862//1459 1857//1459
f 1854//1460 1853//1460 1858//1460
f 1857//1461 1858//1461 1853//1461
f 1850//1462 1849//1462 1854//1462
f 1853//1463 1854//1463 1849//1463
f 1846//1464 1845//1464 1850//1464
f 1849//1465 1850//1465 1845//1465
f 1843//1466 1842//1466 1846//1466
f 1845//1467 1846//1467 1842//1467
f 1840//1468 1839//1468 1843//1468
f 1842//1469 1843//1469 1839//1469
f 1837//1470 1836//1470 1839//1470
f 1839//1471 1840//1471 1837//1471
f 1834//1472 1833//1472 1836//1472
f 1836//1473 1837//1473 1834//1473
f 1831//1474 1830//1474 1833//1474
f 1833//1475 1834//1475 1831//1475
f 1827//1476 1826//1476 1830//1476
f 1830//1477 1831//1477 1827//1477
f 1823//1478 1822//1478 1826//1478
f 1826//1479 1827//1479 1823//1479
f 1819//1480 1818//1480 1822//1480
f 1822//1481 1823//1481 1819//1481
f 1815//1482 1814//1482 1818//1482
f 1818//1483 1819//1483 1815//1483
f 1811//1484 1810//1484 1815//1484
f 1814//1485 1815//1485 1810//1485
f 1807//1486 1806//1486 1811//1486
f 1810//1486 1811//1486 1806//1486
f 1803//1487 1802//1487 1807//1487
f 1806//1488 1807//1488 1802//1488
f 1799//1489 1798//1489 1803//1489
f 1802//1489 1803//1489 1798//1489
f 1795//1490 1794//1490 1799//1490
f 1798//1491 1799//1491 1794//1491
f 1791//1492 1790//1492 1795//1492
f 1794//1492 1795//1492 1790//1492
f 1787//1493 1786//1493 1790//1493
f 1790//1493 1791//1493 1787//1493
f 669//1494 1786//1494 704//1494
f 1787//1495 704//1495 1786//1495
f 1905//1496 1904//1496 1390//1496
f 1390//1497 1398//1497 1905//1497
f 1901//1498 1900//1498 1904//1498
f 1904//1440 1905//1440 1901//1440
f 1897//1441 1896//1441 1901//1441
f 1900//1499 1901//1499 1896//1499
f 1893//1500 1892//1500 1897//1500
f 1896//1501 1897//1501 1892//1501
f 1889//1502 1888//1502 1893//1502
f 1892//1503 1893//1503 1888//1503
f 1885//1504 1884//1504 1889//1504
f 1888//1505 1889//1505 1884//1505
f 1881//1506 1880//1506 1885//1506
f 1884//1507 1885//1507 1880//1507
f 1877//1508 1876//1508 1881//1508
f 1880//1509 1881//1509 1876//1509
f 1873//1510 1872//1510 1877//1510
f 1876//1511 1877//1511 1872//1511
f 1869//1512 1868//1512 1873//1512
f 1872//1513 1873//1513 1868//1513
f 1865//1514 1864//1514 1869//1514
f 1868//1515 1869//1515 1864//1515
f 1861//1516 1860//1516 1865//1516
f 1864//1517 1865//1517 1860//1517
f 1857//1518 1856//1518 1861//1518
f 1860//1519 1861//1519 1856//1519
f 1853//1520 1852//1520 1857//1520
f 1856//1521 1857//1521 1852//1521
f 1849//1522 1848//1522 1853//1522
f 1852//1523 1853//1523 1848//1523
f 1845//1524 1844//1524 1849//1524
f 1848//1525 1849//1525 1844//1525
f 1842//1526 1841//1526 1845//1526
f 1844//1527 1845//1527 1841//1527
f 1839//1469 1838//1469 1842//1469
f 1841//1528 1842//1528 1838//1528
f 1836//1529 1835//1529 1838//1529
f 1838//1530 1839//1530 1836//1530
f 1833//1531 1832//1531 1835//1531
f 1835//1532 1836//1532 1833//1532
f 1830//1533 1829//1533 1832//1533
f 1832//1534 1833//1534 1830//1534
f 1826//1535 1825//1535 1829//1535
f 1829//1536 1830//1536 1826//1536
f 1822//1537 1821//1537 1825//1537
f 1825//1538 1826//1538 1822//1538
f 1818//1539 1817//1539 1821//1539
f 1821//1540 1822//1540 1818//1540
f 1814//1541 1813//1541 1817//1541
f 1817//1542 1818//1542 1814//1542
f 1810//1543 1809//1543 1813//1543
f 1813//1544 1814//1544 1810//1544
f 1806//1545 1805//1545 1809//1545
f 1809//1546 1810//1546 1806//1546
f 1802//1547 1801//1547 1805//1547
f 1805//1548 1806//1548 1802//1548
f 1798//1549 1797//1549 1801//1549
f 1801//1550 1802//1550 1798//1550
f 1794//1551 1793//1551 1797//1551
f 1797//1552 1798//1552 1794//1552
f 1790//1553 1789//1553 1793//1553
f 1793//1554 1794//1554 1790//1554
f 1786//1555 1785//1555 1789//1555
f 1789//1556 1790//1556 1786//1556
f 1786//1557 669//1557 1785//1557
f 668//1376 1785//1376 669//1376
f 1535//1558 3127//1558 1538//1558
f 1541//1558 1538//1558 3127//1558
f 1532//1558 3128//1558 1535//1558
f 3127//1558 1535//1558 3128//1558
f 1526//1558 3129//1558 1532//1558
f 3128//1558 1532//1558 3129//1558
f 1520//1558 3130//1558 1526//1558
f 3129//1558 1526//1558 3130//1558
f 1515//1558 3131//1558 1520//1558
f 3130//1558 1520//1558 3131//1558
f 1510//1558 3132//1558 1515//1558
f 3131//1558 1515//1558 3132//1558
f 1505//1558 3133//1558 1510//1558
f 3132//1558 1510//1558 3133//1558
f 1500//1558 3134//1558 3133//1558
f 3133//1558 1505//1558 1500//1558
f 1495//1558 3135//1558 3134//1558
f 3134//1558 1500//1558 1495//1558
f 1494//1558 3136//1558 3135//1558
f 3135//1558 1495//1558 1494//1558
f 1487//1558 3137//1558 3136//1558
f 3136//1558 1494//1558 1487//1558
f 1478//1558 3138//1558 3137//1558
f 3137//1558 1487//1558 1478//1558
f 1467//1558 3139//1558 3138//1558
f 3138//1558 1478//1558 1467//1558
f 1454//1558 3140//1558 3139//1558
f 3139//1558 1467//1558 1454//1558
f 1437//1558 3141//1558 3140//1558
f 3140//1558 1454//1558 1437//1558
f 1425//1558 3142//1558 3141//1558
f 3141//1558 1437//1558 1425//1558
f 1413//1558 3143//1558 3142//1558
f 3142//1558 1425//1558 1413//1558
f 1399//1558 3144//1558 3143//1558
f 3143//1558 1413//1558 1399//1558
f 1391//1558 3145//1558 3144//1558
f 3144//1558 1399//1558 1391//1558
f 1384//1558 3146//1558 3145//1558
f 3145//1558 1391//1558 1384//1558
f 1380//1558 3149//1558 3146//1558
f 3146//1558 1384//1558 1380//1558
f 1379//1558 3183//1558 3149//1558
f 3149//1558 1380//1558 1379//1558
f 1378//1558 3215//1558 3183//1558
f 3183//1558 1379//1558 1378//1558
f 1376//1558 3216//1558 3215//1558
f 3215//1558 1378//1558 1376//1558
f 1372//1558 3217//1558 3216//1558
f 3216//1558 1376//1558 1372//1558
f 1368//1558 3218//1558 3217//1558
f 3217//1558 1372//1558 1368//1558
f 1364//1558 3219//1558 3218//1558
f 3218//1558 1368//1558 1364//1558
f 1360//1558 3220//1558 3219//1558
f 3219//1558 1364//1558 1360//1558
f 1356//1558 3227//1558 3220//1558
f 3220//1558 1360//1558 1356//1558
f 1352//1558 3251//1558 3227//1558
f 3227//1558 1356//1558 1352//1558
f 1348//1558 3273//1558 3251//1558
f 3251//1558 1352//1558 1348//1558
f 1344//1558 3295//1558 3273//1558
f 3273//1558 1348//1558 1344//1558
f 1340//1558 3315//1558 3295//1558
f 3295//1558 1344//1558 1340//1558
f 1334//1558 3333//1558 3315//1558
f 3315//1558 1340//1558 1334//1558
f 1328//1558 3349//1558 3333//1558
f 3333//1558 1334//1558 1328//1558
f 1322//1558 3356//1558 3349//1558
f 3349//1558 1328//1558 1322//1558
f 1316//1558 3369//1558 3356//1558
f 3356//1558 1322//1558 1316//1558
f 1310//1558 3380//1558 3369//1558
f 3369//1558 1316//1558 1310//1558
f 1304//1558 3389//1558 3380//1558
f 3380//1558 1310//1558 1304//1558
f 1298//1558 3396//1558 3389//1558
f 3389//1558 1304//1558 1298//1558
f 1292//1558 3401//1558 3396//1558
f 3396//1558 1298//1558 1292//1558
f 1286//1558 3404//1558 3401//1558
f 3401//1558 1292//1558 1286//1558
f 3405//1558 3404//1558 1286//1558
f 1286//1558 1280//1558 3405//1558
f 3403//1558 3402//1558 3404//1558
f 3404//1558 3405//1558 3403//1558
f 3399//1558 3398//1558 3402//1558
f 3402//1558 3403//1558 3399//1558
f 3393//1558 3392//1558 3398//1558
f 3398//1558 3399//1558 3393//1558
f 3385//1558 3384//1558 3392//1558
f 3392//1558 3393//1558 3385//1558
f 3375//1558 3374//1558 3384//1558
f 3384//1558 3385//1558 3375//1558
f 3363//1558 3362//1558 3374//1558
f 3374//1558 3375//1558 3363//1558
f 3348//1558 3347//1558 3363//1558
f 3362//1558 3363//1558 3347//1558
f 3331//1558 3330//1558 3347//1558
f 3347//1558 3348//1558 3331//1558
f 3312//1558 3311//1558 3330//1558
f 3330//1558 3331//1558 3312//1558
f 3291//1558 3290//1558 3311//1558
f 3311//1558 3312//1558 3291//1558
f 3268//1558 3267//1558 3290//1558
f 3290//1558 3291//1558 3268//1558
f 3245//1558 3244//1558 3268//1558
f 3267//1558 3268//1558 3244//1558
f 3214//1558 3213//1558 3245//1558
f 3244//1558 3245//1558 3213//1558
f 3181//1558 3180//1558 3213//1558
f 3213//1558 3214//1558 3181//1558
f 3126//1558 3125//1558 3180//1558
f 3180//1558 3181//1558 3126//1558
f 3073//1558 3072//1558 3125//1558
f 3125//1558 3126//1558 3073//1558
f 3020//1558 3019//1558 3072//1558
f 3072//1558 3073//1558 3020//1558
f 2969//1558 2968//1558 3020//1558
f 3019//1558 3020//1558 2968//1558
f 2920//1558 2919//1558 2969//1558
f 2968//1558 2969//1558 2919//1558
f 2871//1558 2870//1558 2919//1558
f 2919//1558 2920//1558 2871//1558
f 2822//1558 2869//1558 2870//1558
f 2870//1558 2871//1558 2822//1558
f 2821//1558 2820//1558 2822//1558
f 2869//1558 2822//1558 2820//1558
f 2773//1558 2772//1558 2821//1558
f 2820//1558 2821//1558 2772//1558
f 2725//1558 2724//1558 2772//1558
f 2772//1558 2773//1558 2725//1558
f 2677//1558 2676//1558 2725//1558
f 2724//1558 2725//1558 2676//1558
f 2635//1558 2634//1558 2676//1558
f 2676//1558 2677//1558 2635//1558
f 2593//1558 2592//1558 2634//1558
f 2634//1558 2635//1558 2593//1558
f 2549//1558 2548//1558 2592//1558
f 2592//1558 2593//1558 2549//1558
f 2509//1558 2508//1558 2549//1558
f 2548//1558 2549//1558 2508//1558
f 2471//1558 2470//1558 2508//1558
f 2508//1558 2509//1558 2471//1558
f 2433//1558 2432//1558 2471//1558
f 2470//1558 2471//1558 2432//1558
f 2393//1558 2392//1558 2433//1558
f 2432//1558 2433//1558 2392//1558
f 2353//1558 2352//1558 2393//1558
f 2392//1558 2393//1558 2352//1558
f 237//1558 2315//1558 2352//1558
f 2352//1558 2353//1558 237//1558
f 236//1558 2302//1558 237//1558
f 2315//1558 237//1558 2302//1558
f 235//1558 2277//1558 236//1558
f 2302//1558 236//1558 2277//1558
f 234//1558 2243//1558 235//1558
f 2277//1558 235//1558 2243//1558
f 233//1558 2209//1558 234//1558
f 2243//1558 234//1558 2209//1558
f 230//1558 2208//1558 233//1558
f 2209//1558 233//1558 2208//1558
f 220//1558 2207//1558 230//1558
f 2208//1558 230//1558 2207//1558
f 210//1558 2200//1558 220//1558
f 2207//1558 220//1558 2200//1558
f 200//1558 2175//1558 210//1558
f 2200//1558 210//1558 2175//1558
f 190//1558 2140//1558 200//1558
f 2175//1558 200//1558 2140//1558
f 180//1558 2100//1558 190//1558
f 2140//1558 190//1558 2100//1558
f 170//1558 2099//1558 180//1558
f 2100//1558 180//1558 2099//1558
f 160//1558 2098//1558 170//1558
f 2099//1558 170//1558 2098//1558
f 148//1558 2097//1558 160//1558
f 2098//1558 160//1558 2097//1558
f 143//1558 2095//1558 148//1558
f 2097//1558 148//1558 2095//1558
f 132//1558 2060//1558 143//1558
f 2095//1558 143//1558 2060//1558
f 121//1558 2053//1558 132//1558
f 2060//1558 132//1558 2053//1558
f 108//1558 2016//1558 121//1558
f 2053//1558 121//1558 2016//1558
f 93//1558 1983//1558 108//1558
f 2016//1558 108//1558 1983//1558
f 92//1558 1981//1558 93//1558
f 1983//1558 93//1558 1981//1558
f 77//1558 1957//1558 92//1558
f 1981//1558 92//1558 1957//1558
f 60//1558 1936//1558 77//1558
f 1957//1558 77//1558 1936//1558
f 43//1558 1929//1558 60//1558
f 1936//1558 60//1558 1929//1558
f 1274//1559 1929//1559 26//1559
f 43//1560 26//1560 1929//1560
f 1930//1558 1932//1558 1269//1558
f 1269//1558 1268//1558 1930//1558
f 1951//1558 1953//1558 1932//1558
f 1932//1558 1930//1558 1951//1558
f 1975//1558 1976//1558 1953//1558
f 1953//1558 1951//1558 1975//1558
f 1989//1558 2015//1558 1975//1558
f 1976//1558 1975//1558 2015//1558
f 1990//1558 2029//1558 1989//1558
f 2015//1558 1989//1558 2029//1558
f 1991//1558 2030//1558 1990//1558
f 2029//1558 1990//1558 2030//1558
f 1994//1558 2031//1558 1991//1558
f 2030//1558 1991//1558 2031//1558
f 1996//1558 2034//1558 1994//1558
f 2031//1558 1994//1558 2034//1558
f 1998//1558 2036//1558 1996//1558
f 2034//1558 1996//1558 2036//1558
f 2000//1558 2038//1558 1998//1558
f 2036//1558 1998//1558 2038//1558
f 2002//1558 2040//1558 2000//1558
f 2038//1558 2000//1558 2040//1558
f 2004//1558 2042//1558 2002//1558
f 2040//1558 2002//1558 2042//1558
f 2005//1558 2043//1558 2004//1558
f 2042//1558 2004//1558 2043//1558
f 2003//1558 2041//1558 2005//1558
f 2043//1558 2005//1558 2041//1558
f 2001//1558 2039//1558 2003//1558
f 2041//1558 2003//1558 2039//1558
f 1999//1558 2037//1558 2001//1558
f 2039//1558 2001//1558 2037//1558
f 1997//1558 2035//1558 1999//1558
f 2037//1558 1999//1558 2035//1558
f 1995//1558 2033//1558 1997//1558
f 2035//1558 1997//1558 2033//1558
f 1993//1558 2013//1558 1995//1558
f 2033//1558 1995//1558 2013//1558
f 1973//1558 1974//1558 1993//1558
f 2013//1558 1993//1558 1974//1558
f 1950//1558 1972//1558 1974//1558
f 1974//1558 1973//1558 1950//1558
f 1949//1558 1971//1558 1972//1558
f 1972//1558 1950//1558 1949//1558
f 1948//1558 1970//1558 1971//1558
f 1971//1558 1949//1558 1948//1558
f 1947//1558 1946//1558 1970//1558
f 1970//1558 1948//1558 1947//1558
f 1928//1558 1927//1558 1947//1558
f 1946//1558 1947//1558 1927//1558
f 1919//1558 1918//1558 1928//1558
f 1927//1558 1928//1558 1918//1558
f 1912//1558 1911//1558 1919//1558
f 1918//1558 1919//1558 1911//1558
f 1907//1558 1910//1558 1911//1558
f 1911//1558 1912//1558 1907//1558
f 1908//1558 1909//1558 1910//1558
f 1910//1558 1907//1558 1908//1558
f 1913//1558 1914//1558 1909//1558
f 1909//1558 1908//1558 1913//1558
f 1920//1558 1921//1558 1914//1558
f 1914//1558 1913//1558 1920//1558
f 1937//1558 1938//1558 1921//1558
f 1921//1558 1920//1558 1937//1558
f 1959//1558 1960//1558 1938//1558
f 1938//1558 1937//1558 1959//1558
f 1984//1558 1985//1558 1960//1558
f 1960//1558 1959//1558 1984//1558
f 2023//1558 2024//1558 1984//1558
f 1985//1558 1984//1558 2024//1558
f 2061//1558 2062//1558 2023//1558
f 2024//1558 2023//1558 2062//1558
f 2102//1558 2101//1558 2061//1558
f 2062//1558 2061//1558 2101//1558
f 2141//1558 2103//1558 2101//1558
f 2101//1558 2102//1558 2141//1558
f 2142//1558 2104//1558 2103//1558
f 2103//1558 2141//1558 2142//1558
f 2143//1558 2105//1558 2104//1558
f 2104//1558 2142//1558 2143//1558
f 2144//1558 2107//1558 2105//1558
f 2105//1558 2143//1558 2144//1558
f 1620//1558 2108//1558 2107//1558
f 2107//1558 2144//1558 1620//1558
f 1620//1558 2146//1558 2108//1558
f 2109//1558 2108//1558 2146//1558
f 1619//1558 2177//1558 2146//1558
f 2146//1558 1620//1558 1619//1558
f 1618//1558 2211//1558 1619//1558
f 2177//1558 1619//1558 2211//1558
f 1617//1558 2245//1558 2211//1558
f 2211//1558 1618//1558 1617//1558
f 1616//1558 2279//1558 2245//1558
f 2245//1558 1617//1558 1616//1558
f 1615//1558 2316//1558 2279//1558
f 2279//1558 1616//1558 1615//1558
f 1614//1558 2354//1558 2316//1558
f 2316//1558 1615//1558 1614//1558
f 1613//1558 2394//1558 2354//1558
f 2354//1558 1614//1558 1613//1558
f 1612//1558 2434//1558 2394//1558
f 2394//1558 1613//1558 1612//1558
f 1609//1558 2472//1558 2434//1558
f 2434//1558 1612//1558 1609//1558
f 1601//1558 2510//1558 2472//1558
f 2472//1558 1609//1558 1601//1558
f 1593//1558 2550//1558 2510//1558
f 2510//1558 1601//1558 1593//1558
f 1592//1558 2594//1558 2550//1558
f 2550//1558 1593//1558 1592//1558
f 1585//1558 2636//1558 2594//1558
f 2594//1558 1592//1558 1585//1558
f 1580//1558 2678//1558 2636//1558
f 2636//1558 1585//1558 1580//1558
f 1575//1558 2726//1558 2678//1558
f 2678//1558 1580//1558 1575//1558
f 1570//1558 2774//1558 2726//1558
f 2726//1558 1575//1558 1570//1558
f 1565//1558 2823//1558 2774//1558
f 2774//1558 1570//1558 1565//1558
f 1560//1558 2872//1558 2823//1558
f 2823//1558 1565//1558 1560//1558
f 1555//1558 2921//1558 2872//1558
f 2872//1558 1560//1558 1555//1558
f 1550//1558 2970//1558 2921//1558
f 2921//1558 1555//1558 1550//1558
f 1547//1558 3021//1558 2970//1558
f 2970//1558 1550//1558 1547//1558
f 1544//1558 3074//1558 1547//1558
f 3021//1558 1547//1558 3074//1558
f 3127//1558 3074//1558 1544//1558
f 1544//1558 1541//1558 3127//1558
f 1273//1558 1931//1558 1274//1558
f 1929//1558 1274//1558 1931//1558
f 1272//1558 1934//1558 1273//1558
f 1931//1558 1273//1558 1934//1558
f 1271//1558 1935//1558 1272//1558
f 1934//1558 1272//1558 1935//1558
f 1270//1558 1933//1558 1935//1558
f 1935//1558 1271//1558 1270//1558
f 1932//1558 1933//1558 1269//1558
f 1270//1558 1269//1558 1933//1558
f 3128//1558 3075//1558 3127//1558
f 3074//1558 3127//1558 3075//1558
f 3129//1558 3076//1558 3128//1558
f 3075//1558 3128//1558 3076//1558
f 3130//1558 3077//1558 3129//1558
f 3076//1558 3129//1558 3077//1558
f 3131//1558 3078//1558 3130//1558
f 3077//1558 3130//1558 3078//1558
f 3132//1558 3079//1558 3131//1558
f 3078//1558 3131//1558 3079//1558
f 3133//1558 3080//1558 3132//1558
f 3079//1558 3132//1558 3080//1558
f 3134//1558 3081//1558 3133//1558
f 3080//1558 3133//1558 3081//1558
f 3135//1558 3082//1558 3134//1558
f 3081//1558 3134//1558 3082//1558
f 3136//1558 3083//1558 3082//1558
f 3082//1558 3135//1558 3136//1558
f 3137//1558 3084//1558 3083//1558
f 3083//1558 3136//1558 3137//1558
f 3138//1558 3085//1558 3084//1558
f 3084//1558 3137//1558 3138//1558
f 3139//1558 3086//1558 3085//1558
f 3085//1558 3138//1558 3139//1558
f 3140//1558 3087//1558 3086//1558
f 3086//1558 3139//1558 3140//1558
f 3141//1558 3088//1558 3087//1558
f 3087//1558 3140//1558 3141//1558
f 3142//1558 3089//1558 3088//1558
f 3088//1558 3141//1558 3142//1558
f 3143//1558 3090//1558 3089//1558
f 3089//1558 3142//1558 3143//1558
f 3144//1558 3091//1558 3090//1558
f 3090//1558 3143//1558 3144//1558
f 3145//1558 3092//1558 3091//1558
f 3091//1558 3144//1558 3145//1558
f 3146//1558 3095//1558 3092//1558
f 3092//1558 3145//1558 3146//1558
f 3149//1558 3148//1558 3095//1558
f 3095//1558 3146//1558 3149//1558
f 3183//1558 3182//1558 3148//1558
f 3148//1558 3149//1558 3183//1558
f 3215//1558 3184//1558 3182//1558
f 3182//1558 3183//1558 3215//1558
f 3216//1558 3185//1558 3184//1558
f 3184//1558 3215//1558 3216//1558
f 3217//1558 3186//1558 3185//1558
f 3185//1558 3216//1558 3217//1558
f 3218//1558 3187//1558 3186//1558
f 3186//1558 3217//1558 3218//1558
f 3219//1558 3188//1558 3187//1558
f 3187//1558 3218//1558 3219//1558
f 3220//1558 3195//1558 3188//1558
f 3188//1558 3219//1558 3220//1558
f 3227//1558 3226//1558 3195//1558
f 3195//1558 3220//1558 3227//1558
f 3251//1558 3250//1558 3226//1558
f 3226//1558 3227//1558 3251//1558
f 3273//1558 3272//1558 3250//1558
f 3250//1558 3251//1558 3273//1558
f 3295//1558 3294//1558 3272//1558
f 3272//1558 3273//1558 3295//1558
f 3315//1558 3314//1558 3294//1558
f 3294//1558 3295//1558 3315//1558
f 3333//1558 3332//1558 3314//1558
f 3314//1558 3315//1558 3333//1558
f 3349//1558 3340//1558 3332//1558
f 3332//1558 3333//1558 3349//1558
f 3356//1558 3355//1558 3340//1558
f 3340//1558 3349//1558 3356//1558
f 3369//1558 3368//1558 3355//1558
f 3355//1558 3356//1558 3369//1558
f 3380//1558 3379//1558 3368//1558
f 3368//1558 3369//1558 3380//1558
f 3389//1558 3388//1558 3379//1558
f 3379//1558 3380//1558 3389//1558
f 3396//1558 3395//1558 3388//1558
f 3388//1558 3389//1558 3396//1558
f 3401//1558 3400//1558 3396//1558
f 3395//1558 3396//1558 3400//1558
f 3402//1558 3400//1558 3401//1558
f 3401//1558 3404//1558 3402//1558
f 3398//1558 3397//1558 3400//1558
f 3400//1558 3402//1558 3398//1558
f 3392//1558 3391//1558 3397//1558
f 3397//1558 3398//1558 3392//1558
f 3384//1558 3383//1558 3391//1558
f 3391//1558 3392//1558 3384//1558
f 3374//1558 3373//1558 3383//1558
f 3383//1558 3384//1558 3374//1558
f 3362//1558 3361//1558 3373//1558
f 3373//1558 3374//1558 3362//1558
f 3347//1558 3346//1558 3361//1558
f 3361//1558 3362//1558 3347//1558
f 3330//1558 3329//1558 3346//1558
f 3346//1558 3347//1558 3330//1558
f 3311//1558 3310//1558 3329//1558
f 3329//1558 3330//1558 3311//1558
f 3290//1558 3289//1558 3310//1558
f 3310//1558 3311//1558 3290//1558
f 3267//1558 3266//1558 3289//1558
f 3289//1558 3290//1558 3267//1558
f 3244//1558 3243//1558 3266//1558
f 3266//1558 3267//1558 3244//1558
f 3213//1558 3212//1558 3243//1558
f 3243//1558 3244//1558 3213//1558
f 3180//1558 3179//1558 3212//1558
f 3212//1558 3213//1558 3180//1558
f 3125//1558 3124//1558 3179//1558
f 3179//1558 3180//1558 3125//1558
f 3072//1558 3071//1558 3124//1558
f 3124//1558 3125//1558 3072//1558
f 3019//1558 3018//1558 3071//1558
f 3071//1558 3072//1558 3019//1558
f 2968//1558 2967//1558 3018//1558
f 3018//1558 3019//1558 2968//1558
f 2919//1558 2918//1558 2967//1558
f 2967//1558 2968//1558 2919//1558
f 2870//1558 2917//1558 2918//1558
f 2918//1558 2919//1558 2870//1558
f 2869//1558 2868//1558 2917//1558
f 2917//1558 2870//1558 2869//1558
f 2820//1558 2819//1558 2868//1558
f 2868//1558 2869//1558 2820//1558
f 2772//1558 2771//1558 2819//1558
f 2819//1558 2820//1558 2772//1558
f 2724//1558 2723//1558 2771//1558
f 2771//1558 2772//1558 2724//1558
f 2676//1558 2675//1558 2723//1558
f 2723//1558 2724//1558 2676//1558
f 2634//1558 2633//1558 2675//1558
f 2675//1558 2676//1558 2634//1558
f 2592//1558 2591//1558 2633//1558
f 2633//1558 2634//1558 2592//1558
f 2548//1558 2547//1558 2591//1558
f 2591//1558 2592//1558 2548//1558
f 2508//1558 2507//1558 2547//1558
f 2547//1558 2548//1558 2508//1558
f 2470//1558 2469//1558 2507//1558
f 2507//1558 2508//1558 2470//1558
f 2432//1558 2431//1558 2470//1558
f 2469//1558 2470//1558 2431//1558
f 2392//1558 2391//1558 2432//1558
f 2431//1558 2432//1558 2391//1558
f 2352//1558 2351//1558 2392//1558
f 2391//1558 2392//1558 2351//1558
f 2315//1558 2338//1558 2351//1558
f 2351//1558 2352//1558 2315//1558
f 2302//1558 2313//1558 2338//1558
f 2338//1558 2315//1558 2302//1558
f 2277//1558 2276//1558 2313//1558
f 2313//1558 2302//1558 2277//1558
f 2243//1558 2244//1558 2276//1558
f 2276//1558 2277//1558 2243//1558
f 2209//1558 2242//1558 2244//1558
f 2244//1558 2243//1558 2209//1558
f 2208//1558 2241//1558 2242//1558
f 2242//1558 2209//1558 2208//1558
f 2207//1558 2234//1558 2241//1558
f 2241//1558 2208//1558 2207//1558
f 2200//1558 2206//1558 2207//1558
f 2234//1558 2207//1558 2206//1558
f 2175//1558 2174//1558 2206//1558
f 2206//1558 2200//1558 2175//1558
f 2140//1558 2139//1558 2174//1558
f 2174//1558 2175//1558 2140//1558
f 2100//1558 2138//1558 2140//1558
f 2139//1558 2140//1558 2138//1558
f 2099//1558 2137//1558 2138//1558
f 2138//1558 2100//1558 2099//1558
f 2098//1558 2136//1558 2099//1558
f 2137//1558 2099//1558 2136//1558
f 2097//1558 2134//1558 2098//1558
f 2136//1558 2098//1558 2134//1558
f 2095//1558 2096//1558 2097//1558
f 2134//1558 2097//1558 2096//1558
f 2060//1558 2090//1558 2095//1558
f 2096//1558 2095//1558 2090//1558
f 2053//1558 2055//1558 2060//1558
f 2090//1558 2060//1558 2055//1558
f 2016//1558 2022//1558 2055//1558
f 2055//1558 2053//1558 2016//1558
f 1983//1558 2020//1558 2016//1558
f 2022//1558 2016//1558 2020//1558
f 1981//1558 1980//1558 2020//1558
f 2020//1558 1983//1558 1981//1558
f 1957//1558 1958//1558 1980//1558
f 1980//1558 1981//1558 1957//1558
f 1936//1558 1952//1558 1958//1558
f 1958//1558 1957//1558 1936//1558
f 1931//1558 1952//1558 1929//1558
f 1936//1558 1929//1558 1952//1558
f 1953//1558 1955//1558 1933//1558
f 1933//1558 1932//1558 1953//1558
f 1976//1558 1978//1558 1955//1558
f 1955//1558 1953//1558 1976//1558
f 2015//1558 2017//1558 1978//1558
f 1978//1558 1976//1558 2015//1558
f 2029//1558 2054//1558 2015//1558
f 2017//1558 2015//1558 2054//1558
f 2030//1558 2069//1558 2029//1558
f 2054//1558 2029//1558 2069//1558
f 2031//1558 2070//1558 2030//1558
f 2069//1558 2030//1558 2070//1558
f 2034//1558 2071//1558 2031//1558
f 2070//1558 2031//1558 2071//1558
f 2036//1558 2074//1558 2034//1558
f 2071//1558 2034//1558 2074//1558
f 2038//1558 2076//1558 2036//1558
f 2074//1558 2036//1558 2076//1558
f 2040//1558 2078//1558 2038//1558
f 2076//1558 2038//1558 2078//1558
f 2042//1558 2080//1558 2040//1558
f 2078//1558 2040//1558 2080//1558
f 2043//1558 2081//1558 2042//1558
f 2080//1558 2042//1558 2081//1558
f 2041//1558 2079//1558 2043//1558
f 2081//1558 2043//1558 2079//1558
f 2039//1558 2077//1558 2041//1558
f 2079//1558 2041//1558 2077//1558
f 2037//1558 2075//1558 2039//1558
f 2077//1558 2039//1558 2075//1558
f 2035//1558 2073//1558 2037//1558
f 2075//1558 2037//1558 2073//1558
f 2033//1558 2051//1558 2035//1558
f 2073//1558 2035//1558 2051//1558
f 2013//1558 2014//1558 2033//1558
f 2051//1558 2033//1558 2014//1558
f 1974//1558 2012//1558 2013//1558
f 2014//1558 2013//1558 2012//1558
f 1972//1558 2011//1558 1974//1558
f 2012//1558 1974//1558 2011//1558
f 1971//1558 2010//1558 1972//1558
f 2011//1558 1972//1558 2010//1558
f 1970//1558 1969//1558 1971//1558
f 2010//1558 1971//1558 1969//1558
f 1946//1558 1945//1558 1970//1558
f 1969//1558 1970//1558 1945//1558
f 1927//1558 1926//1558 1946//1558
f 1945//1558 1946//1558 1926//1558
f 1918//1558 1917//1558 1926//1558
f 1926//1558 1927//1558 1918//1558
f 1911//1558 1910//1558 1917//1558
f 1917//1558 1918//1558 1911//1558
f 1914//1558 1915//1558 1916//1558
f 1916//1558 1909//1558 1914//1558
f 1921//1558 1922//1558 1915//1558
f 1915//1558 1914//1558 1921//1558
f 1938//1558 1939//1558 1922//1558
f 1922//1558 1921//1558 1938//1558
f 1960//1558 1961//1558 1938//1558
f 1939//1558 1938//1558 1961//1558
f 1985//1558 1986//1558 1961//1558
f 1961//1558 1960//1558 1985//1558
f 2024//1558 2025//1558 1985//1558
f 1986//1558 1985//1558 2025//1558
f 2062//1558 2063//1558 2025//1558
f 2025//1558 2024//1558 2062//1558
f 2101//1558 2103//1558 2063//1558
f 2063//1558 2062//1558 2101//1558
f 2105//1558 2066//1558 2064//1558
f 2064//1558 2104//1558 2105//1558
f 2107//1558 2067//1558 2066//1558
f 2066//1558 2105//1558 2107//1558
f 2108//1558 2068//1558 2067//1558
f 2067//1558 2107//1558 2108//1558
f 2109//1558 2072//1558 2108//1558
f 2068//1558 2108//1558 2072//1558
f 2109//1558 2113//1558 2083//1558
f 2083//1558 2072//1558 2109//1558
f 2146//1558 2147//1558 2113//1558
f 2113//1558 2109//1558 2146//1558
f 2177//1558 2178//1558 2147//1558
f 2147//1558 2146//1558 2177//1558
f 2211//1558 2212//1558 2178//1558
f 2178//1558 2177//1558 2211//1558
f 2245//1558 2246//1558 2212//1558
f 2212//1558 2211//1558 2245//1558
f 2279//1558 2280//1558 2246//1558
f 2246//1558 2245//1558 2279//1558
f 2316//1558 2317//1558 2280//1558
f 2280//1558 2279//1558 2316//1558
f 2354//1558 2355//1558 2317//1558
f 2317//1558 2316//1558 2354//1558
f 2394//1558 2395//1558 2355//1558
f 2355//1558 2354//1558 2394//1558
f 2434//1558 2435//1558 2395//1558
f 2395//1558 2394//1558 2434//1558
f 2472//1558 2473//1558 2435//1558
f 2435//1558 2434//1558 2472//1558
f 2510//1558 2511//1558 2473//1558
f 2473//1558 2472//1558 2510//1558
f 2550//1558 2551//1558 2511//1558
f 2511//1558 2510//1558 2550//1558
f 2594//1558 2595//1558 2551//1558
f 2551//1558 2550//1558 2594//1558
f 2636//1558 2637//1558 2595//1558
f 2595//1558 2594//1558 2636//1558
f 2678//1558 2679//1558 2637//1558
f 2637//1558 2636//1558 2678//1558
f 2726//1558 2727//1558 2679//1558
f 2679//1558 2678//1558 2726//1558
f 2774//1558 2775//1558 2727//1558
f 2727//1558 2726//1558 2774//1558
f 2823//1558 2824//1558 2775//1558
f 2775//1558 2774//1558 2823//1558
f 2872//1558 2873//1558 2824//1558
f 2824//1558 2823//1558 2872//1558
f 2921//1558 2922//1558 2873//1558
f 2873//1558 2872//1558 2921//1558
f 2970//1558 2971//1558 2922//1558
f 2922//1558 2921//1558 2970//1558
f 3021//1558 3022//1558 2970//1558
f 2971//1558 2970//1558 3022//1558
f 3075//1558 3022//1558 3074//1558
f 3021//1558 3074//1558 3022//1558
f 1934//1558 1954//1558 1931//1558
f 1952//1558 1931//1558 1954//1558
f 1935//1558 1956//1558 1934//1558
f 1954//1558 1934//1558 1956//1558
f 1955//1558 1956//1558 1935//1558
f 1935//1558 1933//1558 1955//1558
f 3076//1558 3023//1558 3075//1558
f 3022//1558 3075//1558 3023//1558
f 3077//1558 3024//1558 3076//1558
f 3023//1558 3076//1558 3024//1558
f 3078//1558 3025//1558 3077//1558
f 3024//1558 3077//1558 3025//1558
f 3079//1558 3026//1558 3078//1558
f 3025//1558 3078//1558 3026//1558
f 3080//1558 3027//1558 3079//1558
f 3026//1558 3079//1558 3027//1558
f 3081//1558 3028//1558 3080//1558
f 3027//1558 3080//1558 3028//1558
f 3082//1558 3029//1558 3081//1558
f 3028//1558 3081//1558 3029//1558
f 3083//1558 3030//1558 3082//1558
f 3029//1558 3082//1558 3030//1558
f 3084//1558 3031//1558 3030//1558
f 3030//1558 3083//1558 3084//1558
f 3085//1558 3032//1558 3031//1558
f 3031//1558 3084//1558 3085//1558
f 3086//1558 3033//1558 3032//1558
f 3032//1558 3085//1558 3086//1558
f 3087//1558 3034//1558 3033//1558
f 3033//1558 3086//1558 3087//1558
f 3088//1558 3035//1558 3034//1558
f 3034//1558 3087//1558 3088//1558
f 3089//1558 3036//1558 3035//1558
f 3035//1558 3088//1558 3089//1558
f 3090//1558 3037//1558 3036//1558
f 3036//1558 3089//1558 3090//1558
f 3091//1558 3038//1558 3037//1558
f 3037//1558 3090//1558 3091//1558
f 3092//1558 3041//1558 3038//1558
f 3038//1558 3091//1558 3092//1558
f 3095//1558 3094//1558 3041//1558
f 3041//1558 3092//1558 3095//1558
f 3148//1558 3147//1558 3094//1558
f 3094//1558 3095//1558 3148//1558
f 3182//1558 3150//1558 3147//1558
f 3147//1558 3148//1558 3182//1558
f 3184//1558 3151//1558 3150//1558
f 3150//1558 3182//1558 3184//1558
f 3185//1558 3152//1558 3151//1558
f 3151//1558 3184//1558 3185//1558
f 3186//1558 3153//1558 3152//1558
f 3152//1558 3185//1558 3186//1558
f 3187//1558 3154//1558 3153//1558
f 3153//1558 3186//1558 3187//1558
f 3188//1558 3161//1558 3154//1558
f 3154//1558 3187//1558 3188//1558
f 3195//1558 3194//1558 3161//1558
f 3161//1558 3188//1558 3195//1558
f 3226//1558 3225//1558 3194//1558
f 3194//1558 3195//1558 3226//1558
f 3250//1558 3249//1558 3225//1558
f 3225//1558 3226//1558 3250//1558
f 3272//1558 3271//1558 3249//1558
f 3249//1558 3250//1558 3272//1558
f 3294//1558 3293//1558 3271//1558
f 3271//1558 3272//1558 3294//1558
f 3314//1558 3313//1558 3293//1558
f 3293//1558 3294//1558 3314//1558
f 3332//1558 3322//1558 3313//1558
f 3313//1558 3314//1558 3332//1558
f 3340//1558 3339//1558 3322//1558
f 3322//1558 3332//1558 3340//1558
f 3355//1558 3354//1558 3339//1558
f 3339//1558 3340//1558 3355//1558
f 3368//1558 3367//1558 3354//1558
f 3354//1558 3355//1558 3368//1558
f 3379//1558 3378//1558 3367//1558
f 3367//1558 3368//1558 3379//1558
f 3388//1558 3387//1558 3378//1558
f 3378//1558 3379//1558 3388//1558
f 3395//1558 3394//1558 3388//1558
f 3387//1558 3388//1558 3394//1558
f 3397//1558 3394//1558 3395//1558
f 3395//1558 3400//1558 3397//1558
f 3391//1558 3390//1558 3394//1558
f 3394//1558 3397//1558 3391//1558
f 3383//1558 3382//1558 3390//1558
f 3390//1558 3391//1558 3383//1558
f 3373//1558 3372//1558 3382//1558
f 3382//1558 3383//1558 3373//1558
f 3361//1558 3360//1558 3372//1558
f 3372//1558 3373//1558 3361//1558
f 3346//1558 3345//1558 3360//1558
f 3360//1558 3361//1558 3346//1558
f 3329//1558 3328//1558 3345//1558
f 3345//1558 3346//1558 3329//1558
f 3310//1558 3309//1558 3328//1558
f 3328//1558 3329//1558 3310//1558
f 3289//1558 3288//1558 3309//1558
f 3309//1558 3310//1558 3289//1558
f 3266//1558 3265//1558 3288//1558
f 3288//1558 3289//1558 3266//1558
f 3243//1558 3242//1558 3265//1558
f 3265//1558 3266//1558 3243//1558
f 3212//1558 3211//1558 3242//1558
f 3242//1558 3243//1558 3212//1558
f 3179//1558 3178//1558 3211//1558
f 3211//1558 3212//1558 3179//1558
f 3124//1558 3123//1558 3178//1558
f 3178//1558 3179//1558 3124//1558
f 3071//1558 3070//1558 3123//1558
f 3123//1558 3124//1558 3071//1558
f 3018//1558 3017//1558 3070//1558
f 3070//1558 3071//1558 3018//1558
f 2967//1558 2966//1558 3017//1558
f 3017//1558 3018//1558 2967//1558
f 2918//1558 2965//1558 2966//1558
f 2966//1558 2967//1558 2918//1558
f 2917//1558 2916//1558 2965//1558
f 2965//1558 2918//1558 2917//1558
f 2868//1558 2867//1558 2916//1558
f 2916//1558 2917//1558 2868//1558
f 2819//1558 2818//1558 2867//1558
f 2867//1558 2868//1558 2819//1558
f 2771//1558 2770//1558 2818//1558
f 2818//1558 2819//1558 2771//1558
f 2723//1558 2722//1558 2770//1558
f 2770//1558 2771//1558 2723//1558
f 2675//1558 2674//1558 2722//1558
f 2722//1558 2723//1558 2675//1558
f 2633//1558 2632//1558 2674//1558
f 2674//1558 2675//1558 2633//1558
f 2591//1558 2590//1558 2632//1558
f 2632//1558 2633//1558 2591//1558
f 2547//1558 2546//1558 2590//1558
f 2590//1558 2591//1558 2547//1558
f 2507//1558 2506//1558 2546//1558
f 2546//1558 2547//1558 2507//1558
f 2469//1558 2468//1558 2506//1558
f 2506//1558 2507//1558 2469//1558
f 2431//1558 2430//1558 2468//1558
f 2468//1558 2469//1558 2431//1558
f 2391//1558 2390//1558 2430//1558
f 2430//1558 2431//1558 2391//1558
f 2351//1558 2377//1558 2390//1558
f 2390//1558 2391//1558 2351//1558
f 2338//1558 2349//1558 2377//1558
f 2377//1558 2351//1558 2338//1558
f 2313//1558 2312//1558 2349//1558
f 2349//1558 2338//1558 2313//1558
f 2276//1558 2278//1558 2312//1558
f 2312//1558 2313//1558 2276//1558
f 2244//1558 2275//1558 2278//1558
f 2278//1558 2276//1558 2244//1558
f 2242//1558 2274//1558 2275//1558
f 2275//1558 2244//1558 2242//1558
f 2241//1558 2267//1558 2274//1558
f 2274//1558 2242//1558 2241//1558
f 2234//1558 2240//1558 2267//1558
f 2267//1558 2241//1558 2234//1558
f 2206//1558 2205//1558 2234//1558
f 2240//1558 2234//1558 2205//1558
f 2174//1558 2173//1558 2206//1558
f 2205//1558 2206//1558 2173//1558
f 2139//1558 2172//1558 2173//1558
f 2173//1558 2174//1558 2139//1558
f 2138//1558 2171//1558 2139//1558
f 2172//1558 2139//1558 2171//1558
f 2137//1558 2170//1558 2171//1558
f 2171//1558 2138//1558 2137//1558
f 2136//1558 2168//1558 2137//1558
f 2170//1558 2137//1558 2168//1558
f 2134//1558 2135//1558 2168//1558
f 2168//1558 2136//1558 2134//1558
f 2096//1558 2129//1558 2135//1558
f 2135//1558 2134//1558 2096//1558
f 2090//1558 2092//1558 2096//1558
f 2129//1558 2096//1558 2092//1558
f 2055//1558 2059//1558 2090//1558
f 2092//1558 2090//1558 2059//1558
f 2022//1558 2058//1558 2059//1558
f 2059//1558 2055//1558 2022//1558
f 2020//1558 2019//1558 2058//1558
f 2058//1558 2022//1558 2020//1558
f 1980//1558 1982//1558 2020//1558
f 2019//1558 2020//1558 1982//1558
f 1958//1558 1977//1558 1980//1558
f 1982//1558 1980//1558 1977//1558
f 1954//1558 1977//1558 1952//1558
f 1958//1558 1952//1558 1977//1558
f 1978//1558 1979//1558 1956//1558
f 1956//1558 1955//1558 1978//1558
f 2017//1558 2018//1558 1979//1558
f 1979//1558 1978//1558 2017//1558
f 2054//1558 2056//1558 2017//1558
f 2018//1558 2017//1558 2056//1558
f 2069//1558 2091//1558 2054//1558
f 2056//1558 2054//1558 2091//1558
f 2070//1558 2110//1558 2069//1558
f 2091//1558 2069//1558 2110//1558
f 2071//1558 2111//1558 2070//1558
f 2110//1558 2070//1558 2111//1558
f 2074//1558 2112//1558 2071//1558
f 2111//1558 2071//1558 2112//1558
f 2076//1558 2115//1558 2074//1558
f 2112//1558 2074//1558 2115//1558
f 2078//1558 2117//1558 2076//1558
f 2115//1558 2076//1558 2117//1558
f 2080//1558 2119//1558 2078//1558
f 2117//1558 2078//1558 2119//1558
f 2081//1558 2120//1558 2080//1558
f 2119//1558 2080//1558 2120//1558
f 2079//1558 2118//1558 2081//1558
f 2120//1558 2081//1558 2118//1558
f 2077//1558 2116//1558 2079//1558
f 2118//1558 2079//1558 2116//1558
f 2075//1558 2114//1558 2077//1558
f 2116//1558 2077//1558 2114//1558
f 2073//1558 2088//1558 2075//1558
f 2114//1558 2075//1558 2088//1558
f 2051//1558 2052//1558 2073//1558
f 2088//1558 2073//1558 2052//1558
f 2014//1558 2050//1558 2051//1558
f 2052//1558 2051//1558 2050//1558
f 2012//1558 2049//1558 2014//1558
f 2050//1558 2014//1558 2049//1558
f 2011//1558 2048//1558 2012//1558
f 2049//1558 2012//1558 2048//1558
f 2010//1558 2009//1558 2011//1558
f 2048//1558 2011//1558 2009//1558
f 1969//1558 1968//1558 2010//1558
f 2009//1558 2010//1558 1968//1558
f 1945//1558 1944//1558 1969//1558
f 1968//1558 1969//1558 1944//1558
f 1926//1558 1925//1558 1945//1558
f 1944//1558 1945//1558 1925//1558
f 1915//1558 1924//1558 1925//1558
f 1925//1558 1916//1558 1915//1558
f 1922//1558 1923//1558 1924//1558
f 1924//1558 1915//1558 1922//1558
f 1939//1558 1940//1558 1923//1558
f 1923//1558 1922//1558 1939//1558
f 1961//1558 1962//1558 1940//1558
f 1940//1558 1939//1558 1961//1558
f 1986//1558 1987//1558 1962//1558
f 1962//1558 1961//1558 1986//1558
f 2025//1558 2026//1558 1986//1558
f 1987//1558 1986//1558 2026//1558
f 2103//1558 2104//1558 2063//1558
f 2064//1558 2063//1558 2104//1558
f 2064//1558 2026//1558 2025//1558
f 2025//1558 2063//1558 2064//1558
f 2066//1558 2027//1558 2026//1558
f 2026//1558 2064//1558 2066//1558
f 2067//1558 2028//1558 2027//1558
f 2027//1558 2066//1558 2067//1558
f 2068//1558 2032//1558 2067//1558
f 2028//1558 2067//1558 2032//1558
f 2072//1558 2044//1558 2068//1558
f 2032//1558 2068//1558 2044//1558
f 2083//1558 2082//1558 2072//1558
f 2044//1558 2072//1558 2082//1558
f 2083//1558 2121//1558 2106//1558
f 2106//1558 2082//1558 2083//1558
f 2113//1558 2122//1558 2121//1558
f 2121//1558 2083//1558 2113//1558
f 2147//1558 2151//1558 2122//1558
f 2122//1558 2113//1558 2147//1558
f 2178//1558 2179//1558 2151//1558
f 2151//1558 2147//1558 2178//1558
f 2212//1558 2213//1558 2179//1558
f 2179//1558 2178//1558 2212//1558
f 2246//1558 2247//1558 2213//1558
f 2213//1558 2212//1558 2246//1558
f 2280//1558 2281//1558 2247//1558
f 2247//1558 2246//1558 2280//1558
f 2317//1558 2318//1558 2281//1558
f 2281//1558 2280//1558 2317//1558
f 2355//1558 2356//1558 2318//1558
f 2318//1558 2317//1558 2355//1558
f 2395//1558 2396//1558 2356//1558
f 2356//1558 2355//1558 2395//1558
f 2435//1558 2436//1558 2396//1558
f 2396//1558 2395//1558 2435//1558
f 2473//1558 2474//1558 2436//1558
f 2436//1558 2435//1558 2473//1558
f 2511//1558 2512//1558 2474//1558
f 2474//1558 2473//1558 2511//1558
f 2551//1558 2552//1558 2512//1558
f 2512//1558 2511//1558 2551//1558
f 2595//1558 2596//1558 2552//1558
f 2552//1558 2551//1558 2595//1558
f 2637//1558 2638//1558 2596//1558
f 2596//1558 2595//1558 2637//1558
f 2679//1558 2680//1558 2638//1558
f 2638//1558 2637//1558 2679//1558
f 2727//1558 2728//1558 2680//1558
f 2680//1558 2679//1558 2727//1558
f 2775//1558 2776//1558 2728//1558
f 2728//1558 2727//1558 2775//1558
f 2824//1558 2825//1558 2776//1558
f 2776//1558 2775//1558 2824//1558
f 2873//1558 2874//1558 2825//1558
f 2825//1558 2824//1558 2873//1558
f 2922//1558 2923//1558 2874//1558
f 2874//1558 2873//1558 2922//1558
f 2971//1558 2972//1558 2922//1558
f 2923//1558 2922//1558 2972//1558
f 3023//1558 2972//1558 3022//1558
f 2971//1558 3022//1558 2972//1558
f 3024//1558 2973//1558 3023//1558
f 2972//1558 3023//1558 2973//1558
f 3025//1558 2974//1558 3024//1558
f 2973//1558 3024//1558 2974//1558
f 3026//1558 2975//1558 3025//1558
f 2974//1558 3025//1558 2975//1558
f 3027//1558 2976//1558 3026//1558
f 2975//1558 3026//1558 2976//1558
f 3028//1558 2977//1558 3027//1558
f 2976//1558 3027//1558 2977//1558
f 3029//1558 2978//1558 3028//1558
f 2977//1558 3028//1558 2978//1558
f 3030//1558 2979//1558 3029//1558
f 2978//1558 3029//1558 2979//1558
f 3031//1558 2980//1558 3030//1558
f 2979//1558 3030//1558 2980//1558
f 3032//1558 2981//1558 2980//1558
f 2980//1558 3031//1558 3032//1558
f 3033//1558 2982//1558 2981//1558
f 2981//1558 3032//1558 3033//1558
f 3034//1558 2983//1558 2982//1558
f 2982//1558 3033//1558 3034//1558
f 3035//1558 2984//1558 2983//1558
f 2983//1558 3034//1558 3035//1558
f 3036//1558 2985//1558 2984//1558
f 2984//1558 3035//1558 3036//1558
f 3037//1558 2986//1558 2985//1558
f 2985//1558 3036//1558 3037//1558
f 3038//1558 2989//1558 2986//1558
f 2986//1558 3037//1558 3038//1558
f 3041//1558 3040//1558 2989//1558
f 2989//1558 3038//1558 3041//1558
f 3094//1558 3093//1558 3040//1558
f 3040//1558 3041//1558 3094//1558
f 3147//1558 3096//1558 3093//1558
f 3093//1558 3094//1558 3147//1558
f 3150//1558 3097//1558 3096//1558
f 3096//1558 3147//1558 3150//1558
f 3151//1558 3098//1558 3097//1558
f 3097//1558 3150//1558 3151//1558
f 3152//1558 3099//1558 3098//1558
f 3098//1558 3151//1558 3152//1558
f 3153//1558 3100//1558 3099//1558
f 3099//1558 3152//1558 3153//1558
f 3154//1558 3107//1558 3100//1558
f 3100//1558 3153//1558 3154//1558
f 3161//1558 3160//1558 3107//1558
f 3107//1558 3154//1558 3161//1558
f 3194//1558 3193//1558 3160//1558
f 3160//1558 3161//1558 3194//1558
f 3225//1558 3224//1558 3193//1558
f 3193//1558 3194//1558 3225//1558
f 3249//1558 3248//1558 3224//1558
f 3224//1558 3225//1558 3249//1558
f 3271//1558 3270//1558 3248//1558
f 3248//1558 3249//1558 3271//1558
f 3293//1558 3292//1558 3270//1558
f 3270//1558 3271//1558 3293//1558
f 3313//1558 3302//1558 3292//1558
f 3292//1558 3293//1558 3313//1558
f 3322//1558 3321//1558 3302//1558
f 3302//1558 3313//1558 3322//1558
f 3339//1558 3338//1558 3321//1558
f 3321//1558 3322//1558 3339//1558
f 3354//1558 3353//1558 3338//1558
f 3338//1558 3339//1558 3354//1558
f 3367//1558 3366//1558 3353//1558
f 3353//1558 3354//1558 3367//1558
f 3378//1558 3377//1558 3366//1558
f 3366//1558 3367//1558 3378//1558
f 3387//1558 3386//1558 3378//1558
f 3377//1558 3378//1558 3386//1558
f 3390//1558 3386//1558 3387//1558
f 3387//1558 3394//1558 3390//1558
f 3382//1558 3381//1558 3386//1558
f 3386//1558 3390//1558 3382//1558
f 3372//1558 3371//1558 3381//1558
f 3381//1558 3382//1558 3372//1558
f 3360//1558 3359//1558 3371//1558
f 3371//1558 3372//1558 3360//1558
f 3345//1558 3344//1558 3359//1558
f 3359//1558 3360//1558 3345//1558
f 3328//1558 3327//1558 3344//1558
f 3344//1558 3345//1558 3328//1558
f 3309//1558 3308//1558 3327//1558
f 3327//1558 3328//1558 3309//1558
f 3288//1558 3287//1558 3308//1558
f 3308//1558 3309//1558 3288//1558
f 3265//1558 3264//1558 3287//1558
f 3287//1558 3288//1558 3265//1558
f 3242//1558 3241//1558 3264//1558
f 3264//1558 3265//1558 3242//1558
f 3211//1558 3210//1558 3241//1558
f 3241//1558 3242//1558 3211//1558
f 3178//1558 3177//1558 3210//1558
f 3210//1558 3211//1558 3178//1558
f 3123//1558 3122//1558 3177//1558
f 3177//1558 3178//1558 3123//1558
f 3070//1558 3069//1558 3122//1558
f 3122//1558 3123//1558 3070//1558
f 3017//1558 3016//1558 3069//1558
f 3069//1558 3070//1558 3017//1558
f 2966//1558 3015//1558 3016//1558
f 3016//1558 3017//1558 2966//1558
f 2965//1558 2964//1558 3015//1558
f 3015//1558 2966//1558 2965//1558
f 2916//1558 2915//1558 2964//1558
f 2964//1558 2965//1558 2916//1558
f 2867//1558 2866//1558 2915//1558
f 2915//1558 2916//1558 2867//1558
f 2818//1558 2817//1558 2866//1558
f 2866//1558 2867//1558 2818//1558
f 2770//1558 2769//1558 2817//1558
f 2817//1558 2818//1558 2770//1558
f 2722//1558 2721//1558 2769//1558
f 2769//1558 2770//1558 2722//1558
f 2674//1558 2673//1558 2721//1558
f 2721//1558 2722//1558 2674//1558
f 2632//1558 2631//1558 2673//1558
f 2673//1558 2674//1558 2632//1558
f 2590//1558 2589//1558 2631//1558
f 2631//1558 2632//1558 2590//1558
f 2546//1558 2545//1558 2589//1558
f 2589//1558 2590//1558 2546//1558
f 2506//1558 2505//1558 2545//1558
f 2545//1558 2546//1558 2506//1558
f 2468//1558 2467//1558 2505//1558
f 2505//1558 2506//1558 2468//1558
f 2430//1558 2429//1558 2467//1558
f 2467//1558 2468//1558 2430//1558
f 2390//1558 2414//1558 2429//1558
f 2429//1558 2430//1558 2390//1558
f 2377//1558 2388//1558 2414//1558
f 2414//1558 2390//1558 2377//1558
f 2349//1558 2348//1558 2388//1558
f 2388//1558 2377//1558 2349//1558
f 2312//1558 2314//1558 2348//1558
f 2348//1558 2349//1558 2312//1558
f 2278//1558 2311//1558 2314//1558
f 2314//1558 2312//1558 2278//1558
f 2275//1558 2310//1558 2311//1558
f 2311//1558 2278//1558 2275//1558
f 2274//1558 2303//1558 2310//1558
f 2310//1558 2275//1558 2274//1558
f 2267//1558 2273//1558 2303//1558
f 2303//1558 2274//1558 2267//1558
f 2240//1558 2239//1558 2273//1558
f 2273//1558 2267//1558 2240//1558
f 2205//1558 2204//1558 2240//1558
f 2239//1558 2240//1558 2204//1558
f 2173//1558 2203//1558 2205//1558
f 2204//1558 2205//1558 2203//1558
f 2172//1558 2202//1558 2203//1558
f 2203//1558 2173//1558 2172//1558
f 2171//1558 2201//1558 2172//1558
f 2202//1558 2172//1558 2201//1558
f 2170//1558 2198//1558 2201//1558
f 2201//1558 2171//1558 2170//1558
f 2168//1558 2169//1558 2198//1558
f 2198//1558 2170//1558 2168//1558
f 2135//1558 2165//1558 2169//1558
f 2169//1558 2168//1558 2135//1558
f 2129//1558 2131//1558 2165//1558
f 2165//1558 2135//1558 2129//1558
f 2092//1558 2094//1558 2129//1558
f 2131//1558 2129//1558 2094//1558
f 2059//1558 2093//1558 2094//1558
f 2094//1558 2092//1558 2059//1558
f 2058//1558 2057//1558 2059//1558
f 2093//1558 2059//1558 2057//1558
f 2019//1558 2021//1558 2058//1558
f 2057//1558 2058//1558 2021//1558
f 1982//1558 2018//1558 2021//1558
f 2021//1558 2019//1558 1982//1558
f 1954//1558 1956//1558 1979//1558
f 1979//1558 1977//1558 1954//1558
f 1924//1558 1943//1558 1944//1558
f 1944//1558 1925//1558 1924//1558
f 1923//1558 1942//1558 1943//1558
f 1943//1558 1924//1558 1923//1558
f 1940//1558 1941//1558 1942//1558
f 1942//1558 1923//1558 1940//1558
f 1962//1558 1963//1558 1941//1558
f 1941//1558 1940//1558 1962//1558
f 1987//1558 1988//1558 1963//1558
f 1963//1558 1962//1558 1987//1558
f 2027//1558 1988//1558 1987//1558
f 1987//1558 2026//1558 2027//1558
f 1979//1558 2018//1558 1977//1558
f 1982//1558 1977//1558 2018//1558
f 2056//1558 2057//1558 2021//1558
f 2021//1558 2018//1558 2056//1558
f 2091//1558 2093//1558 2057//1558
f 2057//1558 2056//1558 2091//1558
f 2110//1558 2130//1558 2091//1558
f 2093//1558 2091//1558 2130//1558
f 2111//1558 2148//1558 2110//1558
f 2130//1558 2110//1558 2148//1558
f 2112//1558 2149//1558 2111//1558
f 2148//1558 2111//1558 2149//1558
f 2115//1558 2150//1558 2112//1558
f 2149//1558 2112//1558 2150//1558
f 2117//1558 2153//1558 2115//1558
f 2150//1558 2115//1558 2153//1558
f 2119//1558 2155//1558 2117//1558
f 2153//1558 2117//1558 2155//1558
f 2120//1558 2156//1558 2119//1558
f 2155//1558 2119//1558 2156//1558
f 2118//1558 2154//1558 2120//1558
f 2156//1558 2120//1558 2154//1558
f 2116//1558 2152//1558 2118//1558
f 2154//1558 2118//1558 2152//1558
f 2114//1558 2127//1558 2116//1558
f 2152//1558 2116//1558 2127//1558
f 2088//1558 2089//1558 2114//1558
f 2127//1558 2114//1558 2089//1558
f 2052//1558 2087//1558 2088//1558
f 2089//1558 2088//1558 2087//1558
f 2050//1558 2086//1558 2052//1558
f 2087//1558 2052//1558 2086//1558
f 2049//1558 2085//1558 2050//1558
f 2086//1558 2050//1558 2085//1558
f 2048//1558 2047//1558 2049//1558
f 2085//1558 2049//1558 2047//1558
f 2009//1558 2008//1558 2048//1558
f 2047//1558 2048//1558 2008//1558
f 1968//1558 1967//1558 2008//1558
f 2008//1558 2009//1558 1968//1558
f 1943//1558 1967//1558 1968//1558
f 1968//1558 1944//1558 1943//1558
f 2130//1558 2132//1558 2094//1558
f 2094//1558 2093//1558 2130//1558
f 2148//1558 2166//1558 2130//1558
f 2132//1558 2130//1558 2166//1558
f 2149//1558 2180//1558 2148//1558
f 2166//1558 2148//1558 2180//1558
f 2150//1558 2181//1558 2149//1558
f 2180//1558 2149//1558 2181//1558
f 2153//1558 2182//1558 2150//1558
f 2181//1558 2150//1558 2182//1558
f 2155//1558 2185//1558 2153//1558
f 2182//1558 2153//1558 2185//1558
f 2156//1558 2186//1558 2155//1558
f 2185//1558 2155//1558 2186//1558
f 2154//1558 2184//1558 2156//1558
f 2186//1558 2156//1558 2184//1558
f 2152//1558 2163//1558 2154//1558
f 2184//1558 2154//1558 2163//1558
f 2127//1558 2128//1558 2152//1558
f 2163//1558 2152//1558 2128//1558
f 2089//1558 2126//1558 2127//1558
f 2128//1558 2127//1558 2126//1558
f 2087//1558 2125//1558 2089//1558
f 2126//1558 2089//1558 2125//1558
f 2086//1558 2124//1558 2087//1558
f 2125//1558 2087//1558 2124//1558
f 2085//1558 2084//1558 2124//1558
f 2124//1558 2086//1558 2085//1558
f 2047//1558 2046//1558 2085//1558
f 2084//1558 2085//1558 2046//1558
f 2008//1558 2007//1558 2047//1558
f 2046//1558 2047//1558 2007//1558
f 1967//1558 1966//1558 2008//1558
f 2007//1558 2008//1558 1966//1558
f 1942//1558 1966//1558 1943//1558
f 1967//1558 1943//1558 1966//1558
f 1941//1558 1965//1558 1942//1558
f 1966//1558 1942//1558 1965//1558
f 1963//1558 1964//1558 1965//1558
f 1965//1558 1941//1558 1963//1558
f 1988//1558 1992//1558 1964//1558
f 1964//1558 1963//1558 1988//1558
f 2028//1558 1992//1558 1988//1558
f 1988//1558 2027//1558 2028//1558
f 1992//1558 2006//1558 1964//1558
f 2007//1558 1964//1558 2006//1558
f 2032//1558 2006//1558 2028//1558
f 1992//1558 2028//1558 2006//1558
f 2132//1558 2133//1558 2094//1558
f 2131//1558 2094//1558 2133//1558
f 2166//1558 2167//1558 2133//1558
f 2133//1558 2132//1558 2166//1558
f 2180//1558 2197//1558 2167//1558
f 2167//1558 2166//1558 2180//1558
f 2181//1558 2215//1558 2180//1558
f 2197//1558 2180//1558 2215//1558
f 2182//1558 2216//1558 2181//1558
f 2215//1558 2181//1558 2216//1558
f 2185//1558 2217//1558 2182//1558
f 2216//1558 2182//1558 2217//1558
f 2186//1558 2219//1558 2217//1558
f 2217//1558 2185//1558 2186//1558
f 2184//1558 2195//1558 2186//1558
f 2219//1558 2186//1558 2195//1558
f 2163//1558 2164//1558 2184//1558
f 2195//1558 2184//1558 2164//1558
f 2128//1558 2162//1558 2163//1558
f 2164//1558 2163//1558 2162//1558
f 2126//1558 2161//1558 2128//1558
f 2162//1558 2128//1558 2161//1558
f 2125//1558 2160//1558 2161//1558
f 2161//1558 2126//1558 2125//1558
f 2124//1558 2123//1558 2125//1558
f 2160//1558 2125//1558 2123//1558
f 2121//1558 2145//1558 2123//1558
f 2123//1558 2106//1558 2121//1558
f 2122//1558 2157//1558 2145//1558
f 2145//1558 2121//1558 2122//1558
f 2151//1558 2158//1558 2157//1558
f 2157//1558 2122//1558 2151//1558
f 2179//1558 2183//1558 2158//1558
f 2158//1558 2151//1558 2179//1558
f 2213//1558 2214//1558 2183//1558
f 2183//1558 2179//1558 2213//1558
f 2247//1558 2248//1558 2214//1558
f 2214//1558 2213//1558 2247//1558
f 2281//1558 2282//1558 2248//1558
f 2248//1558 2247//1558 2281//1558
f 2318//1558 2319//1558 2282//1558
f 2282//1558 2281//1558 2318//1558
f 2356//1558 2357//1558 2319//1558
f 2319//1558 2318//1558 2356//1558
f 2396//1558 2397//1558 2357//1558
f 2357//1558 2356//1558 2396//1558
f 2436//1558 2437//1558 2397//1558
f 2397//1558 2396//1558 2436//1558
f 2474//1558 2475//1558 2437//1558
f 2437//1558 2436//1558 2474//1558
f 2512//1558 2513//1558 2475//1558
f 2475//1558 2474//1558 2512//1558
f 2552//1558 2553//1558 2513//1558
f 2513//1558 2512//1558 2552//1558
f 2596//1558 2597//1558 2553//1558
f 2553//1558 2552//1558 2596//1558
f 2638//1558 2639//1558 2597//1558
f 2597//1558 2596//1558 2638//1558
f 2680//1558 2681//1558 2639//1558
f 2639//1558 2638//1558 2680//1558
f 2728//1558 2729//1558 2681//1558
f 2681//1558 2680//1558 2728//1558
f 2776//1558 2777//1558 2729//1558
f 2729//1558 2728//1558 2776//1558
f 2825//1558 2826//1558 2777//1558
f 2777//1558 2776//1558 2825//1558
f 2874//1558 2875//1558 2826//1558
f 2826//1558 2825//1558 2874//1558
f 2923//1558 2924//1558 2874//1558
f 2875//1558 2874//1558 2924//1558
f 2973//1558 2924//1558 2972//1558
f 2923//1558 2972//1558 2924//1558
f 1917//1558 1916//1558 1926//1558
f 1925//1558 1926//1558 1916//1558
f 1917//1558 1910//1558 1909//1558
f 1909//1558 1916//1558 1917//1558
f 3381//1558 3376//1558 3377//1558
f 3377//1558 3386//1558 3381//1558
f 3371//1558 3370//1558 3376//1558
f 3376//1558 3381//1558 3371//1558
f 3359//1558 3358//1558 3370//1558
f 3370//1558 3371//1558 3359//1558
f 3344//1558 3343//1558 3358//1558
f 3358//1558 3359//1558 3344//1558
f 3327//1558 3326//1558 3343//1558
f 3343//1558 3344//1558 3327//1558
f 3308//1558 3307//1558 3326//1558
f 3326//1558 3327//1558 3308//1558
f 3287//1558 3286//1558 3307//1558
f 3307//1558 3308//1558 3287//1558
f 3264//1558 3263//1558 3286//1558
f 3286//1558 3287//1558 3264//1558
f 3241//1558 3240//1558 3263//1558
f 3263//1558 3264//1558 3241//1558
f 3210//1558 3209//1558 3240//1558
f 3240//1558 3241//1558 3210//1558
f 3177//1558 3176//1558 3209//1558
f 3209//1558 3210//1558 3177//1558
f 3122//1558 3121//1558 3176//1558
f 3176//1558 3177//1558 3122//1558
f 3069//1558 3068//1558 3121//1558
f 3121//1558 3122//1558 3069//1558
f 3016//1558 3067//1558 3068//1558
f 3068//1558 3069//1558 3016//1558
f 3015//1558 3014//1558 3067//1558
f 3067//1558 3016//1558 3015//1558
f 2964//1558 2963//1558 3014//1558
f 3014//1558 3015//1558 2964//1558
f 2915//1558 2914//1558 2963//1558
f 2963//1558 2964//1558 2915//1558
f 2866//1558 2865//1558 2914//1558
f 2914//1558 2915//1558 2866//1558
f 2817//1558 2816//1558 2865//1558
f 2865//1558 2866//1558 2817//1558
f 2769//1558 2768//1558 2816//1558
f 2816//1558 2817//1558 2769//1558
f 2721//1558 2720//1558 2768//1558
f 2768//1558 2769//1558 2721//1558
f 2673//1558 2672//1558 2720//1558
f 2720//1558 2721//1558 2673//1558
f 2631//1558 2630//1558 2672//1558
f 2672//1558 2673//1558 2631//1558
f 2589//1558 2588//1558 2630//1558
f 2630//1558 2631//1558 2589//1558
f 2545//1558 2544//1558 2588//1558
f 2588//1558 2589//1558 2545//1558
f 2505//1558 2504//1558 2544//1558
f 2544//1558 2545//1558 2505//1558
f 2467//1558 2466//1558 2504//1558
f 2504//1558 2505//1558 2467//1558
f 2429//1558 2453//1558 2466//1558
f 2466//1558 2467//1558 2429//1558
f 2414//1558 2427//1558 2453//1558
f 2453//1558 2429//1558 2414//1558
f 2388//1558 2387//1558 2427//1558
f 2427//1558 2414//1558 2388//1558
f 2348//1558 2350//1558 2387//1558
f 2387//1558 2388//1558 2348//1558
f 2314//1558 2347//1558 2350//1558
f 2350//1558 2348//1558 2314//1558
f 2311//1558 2346//1558 2347//1558
f 2347//1558 2314//1558 2311//1558
f 2310//1558 2339//1558 2346//1558
f 2346//1558 2311//1558 2310//1558
f 2303//1558 2309//1558 2339//1558
f 2339//1558 2310//1558 2303//1558
f 2273//1558 2272//1558 2309//1558
f 2309//1558 2303//1558 2273//1558
f 2239//1558 2238//1558 2272//1558
f 2272//1558 2273//1558 2239//1558
f 2204//1558 2237//1558 2239//1558
f 2238//1558 2239//1558 2237//1558
f 2203//1558 2236//1558 2204//1558
f 2237//1558 2204//1558 2236//1558
f 2202//1558 2235//1558 2203//1558
f 2236//1558 2203//1558 2235//1558
f 2201//1558 2232//1558 2202//1558
f 2235//1558 2202//1558 2232//1558
f 2198//1558 2199//1558 2232//1558
f 2232//1558 2201//1558 2198//1558
f 2169//1558 2197//1558 2199//1558
f 2199//1558 2198//1558 2169//1558
f 2131//1558 2133//1558 2165//1558
f 2167//1558 2165//1558 2133//1558
f 2974//1558 2925//1558 2973//1558
f 2924//1558 2973//1558 2925//1558
f 2975//1558 2926//1558 2974//1558
f 2925//1558 2974//1558 2926//1558
f 2976//1558 2927//1558 2975//1558
f 2926//1558 2975//1558 2927//1558
f 2977//1558 2928//1558 2976//1558
f 2927//1558 2976//1558 2928//1558
f 2978//1558 2929//1558 2977//1558
f 2928//1558 2977//1558 2929//1558
f 2979//1558 2930//1558 2978//1558
f 2929//1558 2978//1558 2930//1558
f 2980//1558 2931//1558 2979//1558
f 2930//1558 2979//1558 2931//1558
f 2981//1558 2932//1558 2980//1558
f 2931//1558 2980//1558 2932//1558
f 2982//1558 2933//1558 2932//1558
f 2932//1558 2981//1558 2982//1558
f 2983//1558 2934//1558 2933//1558
f 2933//1558 2982//1558 2983//1558
f 2984//1558 2935//1558 2934//1558
f 2934//1558 2983//1558 2984//1558
f 2985//1558 2936//1558 2935//1558
f 2935//1558 2984//1558 2985//1558
f 2986//1558 2939//1558 2936//1558
f 2936//1558 2985//1558 2986//1558
f 2989//1558 2988//1558 2939//1558
f 2939//1558 2986//1558 2989//1558
f 3040//1558 3039//1558 2988//1558
f 2988//1558 2989//1558 3040//1558
f 3093//1558 3042//1558 3039//1558
f 3039//1558 3040//1558 3093//1558
f 3096//1558 3043//1558 3042//1558
f 3042//1558 3093//1558 3096//1558
f 3097//1558 3044//1558 3043//1558
f 3043//1558 3096//1558 3097//1558
f 3098//1558 3045//1558 3044//1558
f 3044//1558 3097//1558 3098//1558
f 3099//1558 3046//1558 3045//1558
f 3045//1558 3098//1558 3099//1558
f 3100//1558 3053//1558 3046//1558
f 3046//1558 3099//1558 3100//1558
f 3107//1558 3106//1558 3053//1558
f 3053//1558 3100//1558 3107//1558
f 3160//1558 3159//1558 3106//1558
f 3106//1558 3107//1558 3160//1558
f 3193//1558 3192//1558 3159//1558
f 3159//1558 3160//1558 3193//1558
f 3224//1558 3223//1558 3192//1558
f 3192//1558 3193//1558 3224//1558
f 3248//1558 3247//1558 3223//1558
f 3223//1558 3224//1558 3248//1558
f 3270//1558 3269//1558 3247//1558
f 3247//1558 3248//1558 3270//1558
f 3292//1558 3280//1558 3269//1558
f 3269//1558 3270//1558 3292//1558
f 3302//1558 3301//1558 3280//1558
f 3280//1558 3292//1558 3302//1558
f 3321//1558 3320//1558 3301//1558
f 3301//1558 3302//1558 3321//1558
f 3338//1558 3337//1558 3320//1558
f 3320//1558 3321//1558 3338//1558
f 3353//1558 3352//1558 3337//1558
f 3337//1558 3338//1558 3353//1558
f 3366//1558 3365//1558 3353//1558
f 3352//1558 3353//1558 3365//1558
f 3376//1558 3365//1558 3366//1558
f 3366//1558 3377//1558 3376//1558
f 2044//1558 2045//1558 2032//1558
f 2006//1558 2032//1558 2045//1558
f 2082//1558 2065//1558 2044//1558
f 2045//1558 2044//1558 2065//1558
f 2123//1558 2124//1558 2106//1558
f 2084//1558 2106//1558 2124//1558
f 2084//1558 2065//1558 2106//1558
f 2082//1558 2106//1558 2065//1558
f 2046//1558 2045//1558 2065//1558
f 2065//1558 2084//1558 2046//1558
f 2046//1558 2007//1558 2006//1558
f 2006//1558 2045//1558 2046//1558
f 1965//1558 1964//1558 1966//1558
f 2007//1558 1966//1558 1964//1558
f 2167//1558 2197//1558 2169//1558
f 2169//1558 2165//1558 2167//1558
f 2215//1558 2231//1558 2199//1558
f 2199//1558 2197//1558 2215//1558
f 2216//1558 2250//1558 2215//1558
f 2231//1558 2215//1558 2250//1558
f 2217//1558 2251//1558 2216//1558
f 2250//1558 2216//1558 2251//1558
f 2219//1558 2252//1558 2217//1558
f 2251//1558 2217//1558 2252//1558
f 2195//1558 2196//1558 2229//1558
f 2229//1558 2219//1558 2195//1558
f 2164//1558 2194//1558 2195//1558
f 2196//1558 2195//1558 2194//1558
f 2162//1558 2193//1558 2164//1558
f 2194//1558 2164//1558 2193//1558
f 2161//1558 2192//1558 2162//1558
f 2193//1558 2162//1558 2192//1558
f 2160//1558 2191//1558 2161//1558
f 2192//1558 2161//1558 2191//1558
f 2145//1558 2159//1558 2123//1558
f 2160//1558 2123//1558 2159//1558
f 3370//1558 3364//1558 3365//1558
f 3365//1558 3376//1558 3370//1558
f 3358//1558 3357//1558 3364//1558
f 3364//1558 3370//1558 3358//1558
f 3343//1558 3342//1558 3357//1558
f 3357//1558 3358//1558 3343//1558
f 3326//1558 3325//1558 3342//1558
f 3342//1558 3343//1558 3326//1558
f 3307//1558 3306//1558 3325//1558
f 3325//1558 3326//1558 3307//1558
f 3286//1558 3285//1558 3306//1558
f 3306//1558 3307//1558 3286//1558
f 3263//1558 3262//1558 3285//1558
f 3285//1558 3286//1558 3263//1558
f 3240//1558 3239//1558 3262//1558
f 3262//1558 3263//1558 3240//1558
f 3209//1558 3208//1558 3239//1558
f 3239//1558 3240//1558 3209//1558
f 3176//1558 3175//1558 3208//1558
f 3208//1558 3209//1558 3176//1558
f 3121//1558 3120//1558 3175//1558
f 3175//1558 3176//1558 3121//1558
f 3068//1558 3119//1558 3120//1558
f 3120//1558 3121//1558 3068//1558
f 3067//1558 3066//1558 3119//1558
f 3119//1558 3068//1558 3067//1558
f 3014//1558 3013//1558 3066//1558
f 3066//1558 3067//1558 3014//1558
f 2963//1558 2962//1558 3013//1558
f 3013//1558 3014//1558 2963//1558
f 2914//1558 2913//1558 2962//1558
f 2962//1558 2963//1558 2914//1558
f 2865//1558 2864//1558 2913//1558
f 2913//1558 2914//1558 2865//1558
f 2816//1558 2815//1558 2864//1558
f 2864//1558 2865//1558 2816//1558
f 2768//1558 2767//1558 2815//1558
f 2815//1558 2816//1558 2768//1558
f 2720//1558 2719//1558 2767//1558
f 2767//1558 2768//1558 2720//1558
f 2672//1558 2671//1558 2719//1558
f 2719//1558 2720//1558 2672//1558
f 2630//1558 2629//1558 2671//1558
f 2671//1558 2672//1558 2630//1558
f 2588//1558 2587//1558 2629//1558
f 2629//1558 2630//1558 2588//1558
f 2544//1558 2543//1558 2587//1558
f 2587//1558 2588//1558 2544//1558
f 2504//1558 2503//1558 2543//1558
f 2543//1558 2544//1558 2504//1558
f 2466//1558 2490//1558 2503//1558
f 2503//1558 2504//1558 2466//1558
f 2453//1558 2464//1558 2490//1558
f 2490//1558 2466//1558 2453//1558
f 2427//1558 2426//1558 2464//1558
f 2464//1558 2453//1558 2427//1558
f 2387//1558 2389//1558 2426//1558
f 2426//1558 2427//1558 2387//1558
f 2350//1558 2386//1558 2389//1558
f 2389//1558 2387//1558 2350//1558
f 2347//1558 2385//1558 2386//1558
f 2386//1558 2350//1558 2347//1558
f 2346//1558 2378//1558 2385//1558
f 2385//1558 2347//1558 2346//1558
f 2339//1558 2345//1558 2378//1558
f 2378//1558 2346//1558 2339//1558
f 2309//1558 2308//1558 2339//1558
f 2345//1558 2339//1558 2308//1558
f 2272//1558 2271//1558 2309//1558
f 2308//1558 2309//1558 2271//1558
f 2238//1558 2270//1558 2272//1558
f 2271//1558 2272//1558 2270//1558
f 2237//1558 2269//1558 2238//1558
f 2270//1558 2238//1558 2269//1558
f 2236//1558 2268//1558 2237//1558
f 2269//1558 2237//1558 2268//1558
f 2235//1558 2266//1558 2236//1558
f 2268//1558 2236//1558 2266//1558
f 2232//1558 2233//1558 2235//1558
f 2266//1558 2235//1558 2233//1558
f 2231//1558 2233//1558 2199//1558
f 2232//1558 2199//1558 2233//1558
f 2159//1558 2190//1558 2191//1558
f 2191//1558 2160//1558 2159//1558
f 2159//1558 2176//1558 2189//1558
f 2189//1558 2190//1558 2159//1558
f 2157//1558 2176//1558 2159//1558
f 2159//1558 2145//1558 2157//1558
f 2158//1558 2187//1558 2176//1558
f 2176//1558 2157//1558 2158//1558
f 2183//1558 2188//1558 2187//1558
f 2187//1558 2158//1558 2183//1558
f 2214//1558 2218//1558 2183//1558
f 2188//1558 2183//1558 2218//1558
f 2248//1558 2249//1558 2218//1558
f 2218//1558 2214//1558 2248//1558
f 2282//1558 2283//1558 2249//1558
f 2249//1558 2248//1558 2282//1558
f 2319//1558 2320//1558 2283//1558
f 2283//1558 2282//1558 2319//1558
f 2357//1558 2358//1558 2320//1558
f 2320//1558 2319//1558 2357//1558
f 2397//1558 2398//1558 2358//1558
f 2358//1558 2357//1558 2397//1558
f 2437//1558 2438//1558 2398//1558
f 2398//1558 2397//1558 2437//1558
f 2475//1558 2476//1558 2438//1558
f 2438//1558 2437//1558 2475//1558
f 2513//1558 2514//1558 2476//1558
f 2476//1558 2475//1558 2513//1558
f 2553//1558 2554//1558 2514//1558
f 2514//1558 2513//1558 2553//1558
f 2597//1558 2598//1558 2554//1558
f 2554//1558 2553//1558 2597//1558
f 2639//1558 2640//1558 2598//1558
f 2598//1558 2597//1558 2639//1558
f 2681//1558 2682//1558 2640//1558
f 2640//1558 2639//1558 2681//1558
f 2729//1558 2730//1558 2682//1558
f 2682//1558 2681//1558 2729//1558
f 2777//1558 2778//1558 2730//1558
f 2730//1558 2729//1558 2777//1558
f 2826//1558 2827//1558 2778//1558
f 2778//1558 2777//1558 2826//1558
f 2875//1558 2876//1558 2826//1558
f 2827//1558 2826//1558 2876//1558
f 2925//1558 2876//1558 2924//1558
f 2875//1558 2924//1558 2876//1558
f 2229//1558 2254//1558 2252//1558
f 2252//1558 2219//1558 2229//1558
f 2229//1558 2230//1558 2254//1558
f 2264//1558 2254//1558 2230//1558
f 2196//1558 2228//1558 2230//1558
f 2230//1558 2229//1558 2196//1558
f 2194//1558 2227//1558 2196//1558
f 2228//1558 2196//1558 2227//1558
f 2193//1558 2226//1558 2194//1558
f 2227//1558 2194//1558 2226//1558
f 2192//1558 2225//1558 2193//1558
f 2226//1558 2193//1558 2225//1558
f 2191//1558 2224//1558 2192//1558
f 2225//1558 2192//1558 2224//1558
f 2190//1558 2223//1558 2191//1558
f 2224//1558 2191//1558 2223//1558
f 2189//1558 2222//1558 2190//1558
f 2223//1558 2190//1558 2222//1558
f 2926//1558 2877//1558 2925//1558
f 2876//1558 2925//1558 2877//1558
f 2927//1558 2878//1558 2926//1558
f 2877//1558 2926//1558 2878//1558
f 2928//1558 2879//1558 2927//1558
f 2878//1558 2927//1558 2879//1558
f 2929//1558 2880//1558 2928//1558
f 2879//1558 2928//1558 2880//1558
f 2930//1558 2881//1558 2929//1558
f 2880//1558 2929//1558 2881//1558
f 2931//1558 2882//1558 2930//1558
f 2881//1558 2930//1558 2882//1558
f 2932//1558 2883//1558 2931//1558
f 2882//1558 2931//1558 2883//1558
f 2933//1558 2884//1558 2883//1558
f 2883//1558 2932//1558 2933//1558
f 2934//1558 2885//1558 2884//1558
f 2884//1558 2933//1558 2934//1558
f 2935//1558 2886//1558 2885//1558
f 2885//1558 2934//1558 2935//1558
f 2936//1558 2889//1558 2886//1558
f 2886//1558 2935//1558 2936//1558
f 2939//1558 2938//1558 2889//1558
f 2889//1558 2936//1558 2939//1558
f 2988//1558 2987//1558 2938//1558
f 2938//1558 2939//1558 2988//1558
f 3039//1558 2990//1558 2987//1558
f 2987//1558 2988//1558 3039//1558
f 3042//1558 2991//1558 2990//1558
f 2990//1558 3039//1558 3042//1558
f 3043//1558 2992//1558 2991//1558
f 2991//1558 3042//1558 3043//1558
f 3044//1558 2993//1558 2992//1558
f 2992//1558 3043//1558 3044//1558
f 3045//1558 2994//1558 2993//1558
f 2993//1558 3044//1558 3045//1558
f 3046//1558 2999//1558 2994//1558
f 2994//1558 3045//1558 3046//1558
f 3053//1558 3052//1558 2999//1558
f 2999//1558 3046//1558 3053//1558
f 3106//1558 3105//1558 3052//1558
f 3052//1558 3053//1558 3106//1558
f 3159//1558 3158//1558 3105//1558
f 3105//1558 3106//1558 3159//1558
f 3192//1558 3191//1558 3158//1558
f 3158//1558 3159//1558 3192//1558
f 3223//1558 3222//1558 3191//1558
f 3191//1558 3192//1558 3223//1558
f 3247//1558 3246//1558 3222//1558
f 3222//1558 3223//1558 3247//1558
f 3269//1558 3256//1558 3246//1558
f 3246//1558 3247//1558 3269//1558
f 3280//1558 3279//1558 3256//1558
f 3256//1558 3269//1558 3280//1558
f 3301//1558 3300//1558 3279//1558
f 3279//1558 3280//1558 3301//1558
f 3320//1558 3319//1558 3300//1558
f 3300//1558 3301//1558 3320//1558
f 3337//1558 3336//1558 3319//1558
f 3319//1558 3320//1558 3337//1558
f 3352//1558 3351//1558 3337//1558
f 3336//1558 3337//1558 3351//1558
f 3364//1558 3351//1558 3352//1558
f 3352//1558 3365//1558 3364//1558
f 3357//1558 3350//1558 3351//1558
f 3351//1558 3364//1558 3357//1558
f 3342//1558 3341//1558 3350//1558
f 3350//1558 3357//1558 3342//1558
f 3325//1558 3324//1558 3341//1558
f 3341//1558 3342//1558 3325//1558
f 3306//1558 3305//1558 3324//1558
f 3324//1558 3325//1558 3306//1558
f 3285//1558 3284//1558 3305//1558
f 3305//1558 3306//1558 3285//1558
f 3262//1558 3261//1558 3284//1558
f 3284//1558 3285//1558 3262//1558
f 3239//1558 3238//1558 3261//1558
f 3261//1558 3262//1558 3239//1558
f 3208//1558 3207//1558 3238//1558
f 3238//1558 3239//1558 3208//1558
f 3175//1558 3174//1558 3207//1558
f 3207//1558 3208//1558 3175//1558
f 3120//1558 3173//1558 3174//1558
f 3174//1558 3175//1558 3120//1558
f 3119//1558 3118//1558 3173//1558
f 3173//1558 3120//1558 3119//1558
f 3066//1558 3065//1558 3118//1558
f 3118//1558 3119//1558 3066//1558
f 3013//1558 3012//1558 3065//1558
f 3065//1558 3066//1558 3013//1558
f 2962//1558 2961//1558 3012//1558
f 3012//1558 3013//1558 2962//1558
f 2913//1558 2912//1558 2961//1558
f 2961//1558 2962//1558 2913//1558
f 2864//1558 2863//1558 2912//1558
f 2912//1558 2913//1558 2864//1558
f 2815//1558 2814//1558 2863//1558
f 2863//1558 2864//1558 2815//1558
f 2767//1558 2766//1558 2814//1558
f 2814//1558 2815//1558 2767//1558
f 2719//1558 2718//1558 2766//1558
f 2766//1558 2767//1558 2719//1558
f 2671//1558 2670//1558 2718//1558
f 2718//1558 2719//1558 2671//1558
f 2629//1558 2628//1558 2670//1558
f 2670//1558 2671//1558 2629//1558
f 2587//1558 2586//1558 2628//1558
f 2628//1558 2629//1558 2587//1558
f 2543//1558 2542//1558 2586//1558
f 2586//1558 2587//1558 2543//1558
f 2503//1558 2529//1558 2542//1558
f 2542//1558 2543//1558 2503//1558
f 2490//1558 2501//1558 2529//1558
f 2529//1558 2503//1558 2490//1558
f 2464//1558 2463//1558 2501//1558
f 2501//1558 2490//1558 2464//1558
f 2426//1558 2428//1558 2463//1558
f 2463//1558 2464//1558 2426//1558
f 2389//1558 2425//1558 2428//1558
f 2428//1558 2426//1558 2389//1558
f 2386//1558 2424//1558 2425//1558
f 2425//1558 2389//1558 2386//1558
f 2385//1558 2415//1558 2424//1558
f 2424//1558 2386//1558 2385//1558
f 2378//1558 2384//1558 2415//1558
f 2415//1558 2385//1558 2378//1558
f 2345//1558 2344//1558 2384//1558
f 2384//1558 2378//1558 2345//1558
f 2308//1558 2307//1558 2344//1558
f 2344//1558 2345//1558 2308//1558
f 2271//1558 2306//1558 2308//1558
f 2307//1558 2308//1558 2306//1558
f 2270//1558 2305//1558 2271//1558
f 2306//1558 2271//1558 2305//1558
f 2269//1558 2304//1558 2270//1558
f 2305//1558 2270//1558 2304//1558
f 2268//1558 2301//1558 2269//1558
f 2304//1558 2269//1558 2301//1558
f 2266//1558 2285//1558 2268//1558
f 2301//1558 2268//1558 2285//1558
f 2252//1558 2286//1558 2251//1558
f 2285//1558 2251//1558 2286//1558
f 2254//1558 2287//1558 2286//1558
f 2286//1558 2252//1558 2254//1558
f 2264//1558 2289//1558 2287//1558
f 2287//1558 2254//1558 2264//1558
f 2264//1558 2265//1558 2289//1558
f 2300//1558 2289//1558 2265//1558
f 2230//1558 2263//1558 2265//1558
f 2265//1558 2264//1558 2230//1558
f 2228//1558 2262//1558 2230//1558
f 2263//1558 2230//1558 2262//1558
f 2227//1558 2261//1558 2228//1558
f 2262//1558 2228//1558 2261//1558
f 2226//1558 2260//1558 2227//1558
f 2261//1558 2227//1558 2260//1558
f 2225//1558 2259//1558 2226//1558
f 2260//1558 2226//1558 2259//1558
f 2224//1558 2258//1558 2225//1558
f 2259//1558 2225//1558 2258//1558
f 2223//1558 2257//1558 2224//1558
f 2258//1558 2224//1558 2257//1558
f 2222//1558 2256//1558 2223//1558
f 2257//1558 2223//1558 2256//1558
f 2222//1558 2221//1558 2220//1558
f 2220//1558 2256//1558 2222//1558
f 2189//1558 2210//1558 2222//1558
f 2221//1558 2222//1558 2210//1558
f 2187//1558 2210//1558 2176//1558
f 2189//1558 2176//1558 2210//1558
f 2286//1558 2323//1558 2301//1558
f 2301//1558 2285//1558 2286//1558
f 2287//1558 2324//1558 2286//1558
f 2323//1558 2286//1558 2324//1558
f 2289//1558 2325//1558 2287//1558
f 2324//1558 2287//1558 2325//1558
f 2300//1558 2327//1558 2289//1558
f 2325//1558 2289//1558 2327//1558
f 2300//1558 2299//1558 2336//1558
f 2336//1558 2327//1558 2300//1558
f 2263//1558 2299//1558 2265//1558
f 2300//1558 2265//1558 2299//1558
f 2323//1558 2337//1558 2304//1558
f 2304//1558 2301//1558 2323//1558
f 2324//1558 2362//1558 2337//1558
f 2337//1558 2323//1558 2324//1558
f 2325//1558 2363//1558 2324//1558
f 2362//1558 2324//1558 2363//1558
f 2327//1558 2364//1558 2325//1558
f 2363//1558 2325//1558 2364//1558
f 2336//1558 2366//1558 2364//1558
f 2364//1558 2327//1558 2336//1558
f 2336//1558 2335//1558 2366//1558
f 2375//1558 2366//1558 2335//1558
f 2299//1558 2298//1558 2336//1558
f 2335//1558 2336//1558 2298//1558
f 2262//1558 2298//1558 2299//1558
f 2299//1558 2263//1558 2262//1558
f 3350//1558 3335//1558 3336//1558
f 3336//1558 3351//1558 3350//1558
f 3341//1558 3334//1558 3335//1558
f 3335//1558 3350//1558 3341//1558
f 3324//1558 3323//1558 3334//1558
f 3334//1558 3341//1558 3324//1558
f 3305//1558 3304//1558 3323//1558
f 3323//1558 3324//1558 3305//1558
f 3284//1558 3283//1558 3304//1558
f 3304//1558 3305//1558 3284//1558
f 3261//1558 3260//1558 3283//1558
f 3283//1558 3284//1558 3261//1558
f 3238//1558 3237//1558 3260//1558
f 3260//1558 3261//1558 3238//1558
f 3207//1558 3206//1558 3237//1558
f 3237//1558 3238//1558 3207//1558
f 3174//1558 3205//1558 3206//1558
f 3206//1558 3207//1558 3174//1558
f 3173//1558 3172//1558 3205//1558
f 3205//1558 3174//1558 3173//1558
f 3118//1558 3117//1558 3172//1558
f 3172//1558 3173//1558 3118//1558
f 3065//1558 3064//1558 3117//1558
f 3117//1558 3118//1558 3065//1558
f 3012//1558 3011//1558 3064//1558
f 3064//1558 3065//1558 3012//1558
f 2961//1558 2960//1558 3011//1558
f 3011//1558 3012//1558 2961//1558
f 2912//1558 2911//1558 2960//1558
f 2960//1558 2961//1558 2912//1558
f 2863//1558 2862//1558 2911//1558
f 2911//1558 2912//1558 2863//1558
f 2814//1558 2813//1558 2862//1558
f 2862//1558 2863//1558 2814//1558
f 2766//1558 2765//1558 2813//1558
f 2813//1558 2814//1558 2766//1558
f 2718//1558 2717//1558 2765//1558
f 2765//1558 2766//1558 2718//1558
f 2670//1558 2669//1558 2717//1558
f 2717//1558 2718//1558 2670//1558
f 2628//1558 2627//1558 2669//1558
f 2669//1558 2670//1558 2628//1558
f 2586//1558 2585//1558 2627//1558
f 2627//1558 2628//1558 2586//1558
f 2542//1558 2572//1558 2585//1558
f 2585//1558 2586//1558 2542//1558
f 2529//1558 2540//1558 2572//1558
f 2572//1558 2542//1558 2529//1558
f 2501//1558 2500//1558 2540//1558
f 2540//1558 2529//1558 2501//1558
f 2463//1558 2465//1558 2500//1558
f 2500//1558 2501//1558 2463//1558
f 2428//1558 2462//1558 2465//1558
f 2465//1558 2463//1558 2428//1558
f 2425//1558 2461//1558 2462//1558
f 2462//1558 2428//1558 2425//1558
f 2424//1558 2454//1558 2461//1558
f 2461//1558 2425//1558 2424//1558
f 2415//1558 2423//1558 2454//1558
f 2454//1558 2424//1558 2415//1558
f 2384//1558 2383//1558 2423//1558
f 2423//1558 2415//1558 2384//1558
f 2344//1558 2343//1558 2383//1558
f 2383//1558 2384//1558 2344//1558
f 2307//1558 2342//1558 2343//1558
f 2343//1558 2344//1558 2307//1558
f 2306//1558 2341//1558 2307//1558
f 2342//1558 2307//1558 2341//1558
f 2305//1558 2340//1558 2306//1558
f 2341//1558 2306//1558 2340//1558
f 2337//1558 2340//1558 2305//1558
f 2305//1558 2304//1558 2337//1558
f 2366//1558 2403//1558 2363//1558
f 2363//1558 2364//1558 2366//1558
f 2375//1558 2405//1558 2403//1558
f 2403//1558 2366//1558 2375//1558
f 2375//1558 2374//1558 2405//1558
f 2412//1558 2405//1558 2374//1558
f 2335//1558 2334//1558 2375//1558
f 2374//1558 2375//1558 2334//1558
f 2298//1558 2297//1558 2335//1558
f 2334//1558 2335//1558 2297//1558
f 2261//1558 2297//1558 2262//1558
f 2298//1558 2262//1558 2297//1558
f 2188//1558 2221//1558 2210//1558
f 2210//1558 2187//1558 2188//1558
f 2218//1558 2220//1558 2221//1558
f 2221//1558 2188//1558 2218//1558
f 2249//1558 2253//1558 2218//1558
f 2220//1558 2218//1558 2253//1558
f 2283//1558 2284//1558 2253//1558
f 2253//1558 2249//1558 2283//1558
f 2320//1558 2321//1558 2284//1558
f 2284//1558 2283//1558 2320//1558
f 2358//1558 2359//1558 2321//1558
f 2321//1558 2320//1558 2358//1558
f 2398//1558 2399//1558 2359//1558
f 2359//1558 2358//1558 2398//1558
f 2438//1558 2439//1558 2399//1558
f 2399//1558 2398//1558 2438//1558
f 2476//1558 2477//1558 2439//1558
f 2439//1558 2438//1558 2476//1558
f 2514//1558 2515//1558 2476//1558
f 2477//1558 2476//1558 2515//1558
f 2554//1558 2555//1558 2514//1558
f 2515//1558 2514//1558 2555//1558
f 2598//1558 2599//1558 2554//1558
f 2555//1558 2554//1558 2599//1558
f 2640//1558 2641//1558 2598//1558
f 2599//1558 2598//1558 2641//1558
f 2682//1558 2683//1558 2640//1558
f 2641//1558 2640//1558 2683//1558
f 2730//1558 2731//1558 2682//1558
f 2683//1558 2682//1558 2731//1558
f 2778//1558 2779//1558 2730//1558
f 2731//1558 2730//1558 2779//1558
f 2827//1558 2828//1558 2779//1558
f 2779//1558 2778//1558 2827//1558
f 2877//1558 2828//1558 2876//1558
f 2827//1558 2876//1558 2828//1558
f 2878//1558 2829//1558 2877//1558
f 2828//1558 2877//1558 2829//1558
f 2879//1558 2830//1558 2878//1558
f 2829//1558 2878//1558 2830//1558
f 2880//1558 2831//1558 2879//1558
f 2830//1558 2879//1558 2831//1558
f 2881//1558 2832//1558 2880//1558
f 2831//1558 2880//1558 2832//1558
f 2882//1558 2833//1558 2881//1558
f 2832//1558 2881//1558 2833//1558
f 2883//1558 2834//1558 2882//1558
f 2833//1558 2882//1558 2834//1558
f 2884//1558 2835//1558 2883//1558
f 2834//1558 2883//1558 2835//1558
f 2885//1558 2836//1558 2835//1558
f 2835//1558 2884//1558 2885//1558
f 2886//1558 2839//1558 2836//1558
f 2836//1558 2885//1558 2886//1558
f 2889//1558 2888//1558 2839//1558
f 2839//1558 2886//1558 2889//1558
f 2938//1558 2937//1558 2888//1558
f 2888//1558 2889//1558 2938//1558
f 2987//1558 2940//1558 2937//1558
f 2937//1558 2938//1558 2987//1558
f 2990//1558 2941//1558 2940//1558
f 2940//1558 2987//1558 2990//1558
f 2991//1558 2942//1558 2941//1558
f 2941//1558 2990//1558 2991//1558
f 2992//1558 2943//1558 2942//1558
f 2942//1558 2991//1558 2992//1558
f 2993//1558 2944//1558 2943//1558
f 2943//1558 2992//1558 2993//1558
f 2994//1558 2947//1558 2944//1558
f 2944//1558 2993//1558 2994//1558
f 2999//1558 2998//1558 2947//1558
f 2947//1558 2994//1558 2999//1558
f 3052//1558 3051//1558 2998//1558
f 2998//1558 2999//1558 3052//1558
f 3105//1558 3104//1558 3051//1558
f 3051//1558 3052//1558 3105//1558
f 3158//1558 3157//1558 3104//1558
f 3104//1558 3105//1558 3158//1558
f 3191//1558 3190//1558 3157//1558
f 3157//1558 3158//1558 3191//1558
f 3222//1558 3221//1558 3190//1558
f 3190//1558 3191//1558 3222//1558
f 3246//1558 3232//1558 3221//1558
f 3221//1558 3222//1558 3246//1558
f 3256//1558 3255//1558 3232//1558
f 3232//1558 3246//1558 3256//1558
f 3279//1558 3278//1558 3256//1558
f 3255//1558 3256//1558 3278//1558
f 3300//1558 3299//1558 3278//1558
f 3278//1558 3279//1558 3300//1558
f 3319//1558 3318//1558 3300//1558
f 3299//1558 3300//1558 3318//1558
f 3335//1558 3318//1558 3319//1558
f 3319//1558 3336//1558 3335//1558
f 3334//1558 3317//1558 3318//1558
f 3318//1558 3335//1558 3334//1558
f 3323//1558 3316//1558 3317//1558
f 3317//1558 3334//1558 3323//1558
f 3304//1558 3303//1558 3316//1558
f 3316//1558 3323//1558 3304//1558
f 3283//1558 3282//1558 3303//1558
f 3303//1558 3304//1558 3283//1558
f 3260//1558 3259//1558 3282//1558
f 3282//1558 3283//1558 3260//1558
f 3237//1558 3236//1558 3259//1558
f 3259//1558 3260//1558 3237//1558
f 3206//1558 3235//1558 3236//1558
f 3236//1558 3237//1558 3206//1558
f 3205//1558 3204//1558 3235//1558
f 3235//1558 3206//1558 3205//1558
f 3172//1558 3171//1558 3204//1558
f 3204//1558 3205//1558 3172//1558
f 3117//1558 3116//1558 3171//1558
f 3171//1558 3172//1558 3117//1558
f 3064//1558 3063//1558 3116//1558
f 3116//1558 3117//1558 3064//1558
f 3011//1558 3010//1558 3063//1558
f 3063//1558 3064//1558 3011//1558
f 2960//1558 2959//1558 3010//1558
f 3010//1558 3011//1558 2960//1558
f 2911//1558 2910//1558 2959//1558
f 2959//1558 2960//1558 2911//1558
f 2862//1558 2861//1558 2910//1558
f 2910//1558 2911//1558 2862//1558
f 2813//1558 2812//1558 2861//1558
f 2861//1558 2862//1558 2813//1558
f 2765//1558 2764//1558 2812//1558
f 2812//1558 2813//1558 2765//1558
f 2717//1558 2716//1558 2764//1558
f 2764//1558 2765//1558 2717//1558
f 2669//1558 2668//1558 2716//1558
f 2716//1558 2717//1558 2669//1558
f 2627//1558 2626//1558 2668//1558
f 2668//1558 2669//1558 2627//1558
f 2585//1558 2615//1558 2626//1558
f 2626//1558 2627//1558 2585//1558
f 2572//1558 2583//1558 2615//1558
f 2615//1558 2585//1558 2572//1558
f 2540//1558 2539//1558 2583//1558
f 2583//1558 2572//1558 2540//1558
f 2500//1558 2502//1558 2539//1558
f 2539//1558 2540//1558 2500//1558
f 2465//1558 2499//1558 2502//1558
f 2502//1558 2500//1558 2465//1558
f 2462//1558 2498//1558 2499//1558
f 2499//1558 2465//1558 2462//1558
f 2461//1558 2491//1558 2498//1558
f 2498//1558 2462//1558 2461//1558
f 2454//1558 2460//1558 2491//1558
f 2491//1558 2461//1558 2454//1558
f 2423//1558 2422//1558 2460//1558
f 2460//1558 2454//1558 2423//1558
f 2383//1558 2382//1558 2422//1558
f 2422//1558 2423//1558 2383//1558
f 2343//1558 2381//1558 2382//1558
f 2382//1558 2383//1558 2343//1558
f 2342//1558 2380//1558 2381//1558
f 2381//1558 2343//1558 2342//1558
f 2341//1558 2379//1558 2342//1558
f 2380//1558 2342//1558 2379//1558
f 2340//1558 2376//1558 2341//1558
f 2379//1558 2341//1558 2376//1558
f 2363//1558 2403//1558 2376//1558
f 2376//1558 2362//1558 2363//1558
f 2405//1558 2444//1558 2413//1558
f 2413//1558 2403//1558 2405//1558
f 2412//1558 2446//1558 2444//1558
f 2444//1558 2405//1558 2412//1558
f 2412//1558 2411//1558 2451//1558
f 2451//1558 2446//1558 2412//1558
f 2374//1558 2373//1558 2412//1558
f 2411//1558 2412//1558 2373//1558
f 2334//1558 2333//1558 2373//1558
f 2373//1558 2374//1558 2334//1558
f 2297//1558 2296//1558 2333//1558
f 2333//1558 2334//1558 2297//1558
f 2260//1558 2296//1558 2261//1558
f 2297//1558 2261//1558 2296//1558
f 2413//1558 2379//1558 2403//1558
f 2376//1558 2403//1558 2379//1558
f 2413//1558 2416//1558 2380//1558
f 2380//1558 2379//1558 2413//1558
f 2444//1558 2452//1558 2413//1558
f 2416//1558 2413//1558 2452//1558
f 2446//1558 2483//1558 2444//1558
f 2452//1558 2444//1558 2483//1558
f 2451//1558 2485//1558 2446//1558
f 2483//1558 2446//1558 2485//1558
f 2451//1558 2450//1558 2488//1558
f 2488//1558 2485//1558 2451//1558
f 2411//1558 2410//1558 2450//1558
f 2450//1558 2451//1558 2411//1558
f 2373//1558 2372//1558 2411//1558
f 2410//1558 2411//1558 2372//1558
f 2333//1558 2332//1558 2373//1558
f 2372//1558 2373//1558 2332//1558
f 2296//1558 2295//1558 2332//1558
f 2332//1558 2333//1558 2296//1558
f 2260//1558 2259//1558 2295//1558
f 2295//1558 2296//1558 2260//1558
f 2258//1558 2292//1558 2293//1558
f 2293//1558 2259//1558 2258//1558
f 2257//1558 2291//1558 2258//1558
f 2292//1558 2258//1558 2291//1558
f 2256//1558 2255//1558 2257//1558
f 2291//1558 2257//1558 2255//1558
f 2253//1558 2255//1558 2220//1558
f 2256//1558 2220//1558 2255//1558
f 2284//1558 2288//1558 2255//1558
f 2255//1558 2253//1558 2284//1558
f 2321//1558 2322//1558 2288//1558
f 2288//1558 2284//1558 2321//1558
f 2359//1558 2360//1558 2322//1558
f 2322//1558 2321//1558 2359//1558
f 2399//1558 2400//1558 2360//1558
f 2360//1558 2359//1558 2399//1558
f 2439//1558 2440//1558 2400//1558
f 2400//1558 2399//1558 2439//1558
f 2477//1558 2478//1558 2439//1558
f 2440//1558 2439//1558 2478//1558
f 2515//1558 2516//1558 2477//1558
f 2478//1558 2477//1558 2516//1558
f 2555//1558 2556//1558 2515//1558
f 2516//1558 2515//1558 2556//1558
f 2599//1558 2600//1558 2555//1558
f 2556//1558 2555//1558 2600//1558
f 2641//1558 2642//1558 2599//1558
f 2600//1558 2599//1558 2642//1558
f 2683//1558 2684//1558 2641//1558
f 2642//1558 2641//1558 2684//1558
f 2731//1558 2732//1558 2683//1558
f 2684//1558 2683//1558 2732//1558
f 2779//1558 2780//1558 2732//1558
f 2732//1558 2731//1558 2779//1558
f 2829//1558 2780//1558 2828//1558
f 2779//1558 2828//1558 2780//1558
f 2266//1558 2250//1558 2285//1558
f 2251//1558 2285//1558 2250//1558
f 2266//1558 2233//1558 2250//1558
f 2231//1558 2250//1558 2233//1558
f 3317//1558 3298//1558 3299//1558
f 3299//1558 3318//1558 3317//1558
f 3316//1558 3297//1558 3298//1558
f 3298//1558 3317//1558 3316//1558
f 3303//1558 3296//1558 3297//1558
f 3297//1558 3316//1558 3303//1558
f 3282//1558 3281//1558 3296//1558
f 3296//1558 3303//1558 3282//1558
f 3259//1558 3258//1558 3282//1558
f 3281//1558 3282//1558 3258//1558
f 3236//1558 3257//1558 3258//1558
f 3258//1558 3259//1558 3236//1558
f 3235//1558 3234//1558 3236//1558
f 3257//1558 3236//1558 3234//1558
f 3204//1558 3203//1558 3234//1558
f 3234//1558 3235//1558 3204//1558
f 3171//1558 3170//1558 3203//1558
f 3203//1558 3204//1558 3171//1558
f 3116//1558 3115//1558 3170//1558
f 3170//1558 3171//1558 3116//1558
f 3063//1558 3062//1558 3115//1558
f 3115//1558 3116//1558 3063//1558
f 3010//1558 3009//1558 3062//1558
f 3062//1558 3063//1558 3010//1558
f 2959//1558 2958//1558 3009//1558
f 3009//1558 3010//1558 2959//1558
f 2910//1558 2909//1558 2958//1558
f 2958//1558 2959//1558 2910//1558
f 2861//1558 2860//1558 2909//1558
f 2909//1558 2910//1558 2861//1558
f 2812//1558 2811//1558 2860//1558
f 2860//1558 2861//1558 2812//1558
f 2764//1558 2763//1558 2811//1558
f 2811//1558 2812//1558 2764//1558
f 2716//1558 2715//1558 2763//1558
f 2763//1558 2764//1558 2716//1558
f 2668//1558 2667//1558 2715//1558
f 2715//1558 2716//1558 2668//1558
f 2626//1558 2658//1558 2667//1558
f 2667//1558 2668//1558 2626//1558
f 2615//1558 2624//1558 2658//1558
f 2658//1558 2626//1558 2615//1558
f 2583//1558 2582//1558 2624//1558
f 2624//1558 2615//1558 2583//1558
f 2539//1558 2541//1558 2582//1558
f 2582//1558 2583//1558 2539//1558
f 2502//1558 2538//1558 2541//1558
f 2541//1558 2539//1558 2502//1558
f 2499//1558 2537//1558 2538//1558
f 2538//1558 2502//1558 2499//1558
f 2498//1558 2530//1558 2537//1558
f 2537//1558 2499//1558 2498//1558
f 2491//1558 2497//1558 2530//1558
f 2530//1558 2498//1558 2491//1558
f 2460//1558 2459//1558 2497//1558
f 2497//1558 2491//1558 2460//1558
f 2422//1558 2421//1558 2459//1558
f 2459//1558 2460//1558 2422//1558
f 2382//1558 2417//1558 2421//1558
f 2421//1558 2422//1558 2382//1558
f 2381//1558 2418//1558 2417//1558
f 2417//1558 2382//1558 2381//1558
f 2416//1558 2418//1558 2380//1558
f 2381//1558 2380//1558 2418//1558
f 2830//1558 2781//1558 2829//1558
f 2780//1558 2829//1558 2781//1558
f 2831//1558 2782//1558 2830//1558
f 2781//1558 2830//1558 2782//1558
f 2832//1558 2783//1558 2831//1558
f 2782//1558 2831//1558 2783//1558
f 2833//1558 2784//1558 2783//1558
f 2783//1558 2832//1558 2833//1558
f 2834//1558 2785//1558 2784//1558
f 2784//1558 2833//1558 2834//1558
f 2835//1558 2786//1558 2785//1558
f 2785//1558 2834//1558 2835//1558
f 2836//1558 2789//1558 2786//1558
f 2786//1558 2835//1558 2836//1558
f 2839//1558 2838//1558 2789//1558
f 2789//1558 2836//1558 2839//1558
f 2888//1558 2887//1558 2838//1558
f 2838//1558 2839//1558 2888//1558
f 2937//1558 2890//1558 2887//1558
f 2887//1558 2888//1558 2937//1558
f 2940//1558 2891//1558 2890//1558
f 2890//1558 2937//1558 2940//1558
f 2941//1558 2892//1558 2891//1558
f 2891//1558 2940//1558 2941//1558
f 2942//1558 2893//1558 2892//1558
f 2892//1558 2941//1558 2942//1558
f 2943//1558 2894//1558 2893//1558
f 2893//1558 2942//1558 2943//1558
f 2944//1558 2895//1558 2894//1558
f 2894//1558 2943//1558 2944//1558
f 2947//1558 2946//1558 2895//1558
f 2895//1558 2944//1558 2947//1558
f 2998//1558 2997//1558 2946//1558
f 2946//1558 2947//1558 2998//1558
f 3051//1558 3050//1558 2997//1558
f 2997//1558 2998//1558 3051//1558
f 3104//1558 3103//1558 3050//1558
f 3050//1558 3051//1558 3104//1558
f 3157//1558 3156//1558 3103//1558
f 3103//1558 3104//1558 3157//1558
f 3190//1558 3189//1558 3156//1558
f 3156//1558 3157//1558 3190//1558
f 3221//1558 3200//1558 3189//1558
f 3189//1558 3190//1558 3221//1558
f 3232//1558 3231//1558 3200//1558
f 3200//1558 3221//1558 3232//1558
f 3278//1558 3277//1558 3254//1558
f 3254//1558 3255//1558 3278//1558
f 3298//1558 3277//1558 3299//1558
f 3278//1558 3299//1558 3277//1558
f 3297//1558 3276//1558 3298//1558
f 3277//1558 3298//1558 3276//1558
f 3296//1558 3275//1558 3276//1558
f 3276//1558 3297//1558 3296//1558
f 3281//1558 3274//1558 3275//1558
f 3275//1558 3296//1558 3281//1558
f 3234//1558 3233//1558 3252//1558
f 3252//1558 3257//1558 3234//1558
f 3203//1558 3202//1558 3233//1558
f 3233//1558 3234//1558 3203//1558
f 3170//1558 3169//1558 3202//1558
f 3202//1558 3203//1558 3170//1558
f 3115//1558 3114//1558 3169//1558
f 3169//1558 3170//1558 3115//1558
f 3062//1558 3061//1558 3115//1558
f 3114//1558 3115//1558 3061//1558
f 3009//1558 3008//1558 3062//1558
f 3061//1558 3062//1558 3008//1558
f 2958//1558 2957//1558 3009//1558
f 3008//1558 3009//1558 2957//1558
f 2909//1558 2908//1558 2958//1558
f 2957//1558 2958//1558 2908//1558
f 2860//1558 2859//1558 2908//1558
f 2908//1558 2909//1558 2860//1558
f 2811//1558 2810//1558 2859//1558
f 2859//1558 2860//1558 2811//1558
f 2763//1558 2762//1558 2810//1558
f 2810//1558 2811//1558 2763//1558
f 2715//1558 2714//1558 2762//1558
f 2762//1558 2763//1558 2715//1558
f 2667//1558 2705//1558 2714//1558
f 2714//1558 2715//1558 2667//1558
f 2658//1558 2665//1558 2705//1558
f 2705//1558 2667//1558 2658//1558
f 2624//1558 2623//1558 2665//1558
f 2665//1558 2658//1558 2624//1558
f 2582//1558 2584//1558 2623//1558
f 2623//1558 2624//1558 2582//1558
f 2541//1558 2581//1558 2584//1558
f 2584//1558 2582//1558 2541//1558
f 2538//1558 2580//1558 2581//1558
f 2581//1558 2541//1558 2538//1558
f 2537//1558 2573//1558 2580//1558
f 2580//1558 2538//1558 2537//1558
f 2530//1558 2536//1558 2573//1558
f 2573//1558 2537//1558 2530//1558
f 2497//1558 2496//1558 2536//1558
f 2536//1558 2530//1558 2497//1558
f 2459//1558 2458//1558 2496//1558
f 2496//1558 2497//1558 2459//1558
f 2421//1558 2420//1558 2458//1558
f 2458//1558 2459//1558 2421//1558
f 2417//1558 2419//1558 2421//1558
f 2420//1558 2421//1558 2419//1558
f 2418//1558 2455//1558 2419//1558
f 2419//1558 2417//1558 2418//1558
f 2452//1558 2455//1558 2416//1558
f 2418//1558 2416//1558 2455//1558
f 3252//1558 3253//1558 3257//1558
f 3274//1558 3257//1558 3253//1558
f 3252//1558 3229//1558 3253//1558
f 3230//1558 3253//1558 3229//1558
f 3233//1558 3228//1558 3229//1558
f 3229//1558 3252//1558 3233//1558
f 3202//1558 3201//1558 3228//1558
f 3228//1558 3233//1558 3202//1558
f 3169//1558 3168//1558 3202//1558
f 3201//1558 3202//1558 3168//1558
f 3114//1558 3113//1558 3169//1558
f 3168//1558 3169//1558 3113//1558
f 3061//1558 3060//1558 3114//1558
f 3113//1558 3114//1558 3060//1558
f 3008//1558 3007//1558 3061//1558
f 3060//1558 3061//1558 3007//1558
f 2957//1558 2956//1558 3007//1558
f 3007//1558 3008//1558 2957//1558
f 2908//1558 2907//1558 2957//1558
f 2956//1558 2957//1558 2907//1558
f 2859//1558 2858//1558 2908//1558
f 2907//1558 2908//1558 2858//1558
f 2810//1558 2809//1558 2858//1558
f 2858//1558 2859//1558 2810//1558
f 2762//1558 2761//1558 2809//1558
f 2809//1558 2810//1558 2762//1558
f 2714//1558 2756//1558 2761//1558
f 2761//1558 2762//1558 2714//1558
f 2705//1558 2712//1558 2756//1558
f 2756//1558 2714//1558 2705//1558
f 2665//1558 2664//1558 2712//1558
f 2712//1558 2705//1558 2665//1558
f 2623//1558 2625//1558 2664//1558
f 2664//1558 2665//1558 2623//1558
f 2584//1558 2622//1558 2625//1558
f 2625//1558 2623//1558 2584//1558
f 2581//1558 2621//1558 2622//1558
f 2622//1558 2584//1558 2581//1558
f 2580//1558 2616//1558 2621//1558
f 2621//1558 2581//1558 2580//1558
f 2573//1558 2579//1558 2616//1558
f 2616//1558 2580//1558 2573//1558
f 2536//1558 2535//1558 2579//1558
f 2579//1558 2573//1558 2536//1558
f 2496//1558 2495//1558 2535//1558
f 2535//1558 2536//1558 2496//1558
f 2458//1558 2457//1558 2495//1558
f 2495//1558 2496//1558 2458//1558
f 2420//1558 2456//1558 2457//1558
f 2457//1558 2458//1558 2420//1558
f 2483//1558 2489//1558 2452//1558
f 2455//1558 2452//1558 2489//1558
f 2485//1558 2524//1558 2483//1558
f 2489//1558 2483//1558 2524//1558
f 2488//1558 2526//1558 2485//1558
f 2524//1558 2485//1558 2526//1558
f 2488//1558 2487//1558 2527//1558
f 2527//1558 2526//1558 2488//1558
f 2450//1558 2449//1558 2488//1558
f 2487//1558 2488//1558 2449//1558
f 2410//1558 2409//1558 2449//1558
f 2449//1558 2450//1558 2410//1558
f 2372//1558 2371//1558 2409//1558
f 2409//1558 2410//1558 2372//1558
f 2332//1558 2331//1558 2371//1558
f 2371//1558 2372//1558 2332//1558
f 2295//1558 2294//1558 2332//1558
f 2331//1558 2332//1558 2294//1558
f 2292//1558 2329//1558 2330//1558
f 2330//1558 2293//1558 2292//1558
f 2291//1558 2290//1558 2292//1558
f 2329//1558 2292//1558 2290//1558
f 2288//1558 2290//1558 2291//1558
f 2291//1558 2255//1558 2288//1558
f 2322//1558 2326//1558 2290//1558
f 2290//1558 2288//1558 2322//1558
f 2360//1558 2361//1558 2326//1558
f 2326//1558 2322//1558 2360//1558
f 2400//1558 2401//1558 2361//1558
f 2361//1558 2360//1558 2400//1558
f 2440//1558 2441//1558 2400//1558
f 2401//1558 2400//1558 2441//1558
f 2478//1558 2479//1558 2440//1558
f 2441//1558 2440//1558 2479//1558
f 2516//1558 2517//1558 2478//1558
f 2479//1558 2478//1558 2517//1558
f 2556//1558 2557//1558 2516//1558
f 2517//1558 2516//1558 2557//1558
f 2600//1558 2601//1558 2556//1558
f 2557//1558 2556//1558 2601//1558
f 2642//1558 2643//1558 2600//1558
f 2601//1558 2600//1558 2643//1558
f 2684//1558 2685//1558 2642//1558
f 2643//1558 2642//1558 2685//1558
f 2732//1558 2733//1558 2685//1558
f 2685//1558 2684//1558 2732//1558
f 2781//1558 2733//1558 2780//1558
f 2732//1558 2780//1558 2733//1558
f 3253//1558 3254//1558 3274//1558
f 3275//1558 3274//1558 3254//1558
f 3228//1558 3199//1558 3229//1558
f 3230//1558 3229//1558 3199//1558
f 2330//1558 2331//1558 2294//1558
f 2294//1558 2293//1558 2330//1558
f 2330//1558 2370//1558 2331//1558
f 2371//1558 2331//1558 2370//1558
f 2329//1558 2369//1558 2330//1558
f 2370//1558 2330//1558 2369//1558
f 2326//1558 2328//1558 2329//1558
f 2329//1558 2290//1558 2326//1558
f 2328//1558 2368//1558 2369//1558
f 2369//1558 2329//1558 2328//1558
f 2328//1558 2365//1558 2367//1558
f 2367//1558 2368//1558 2328//1558
f 2361//1558 2365//1558 2328//1558
f 2328//1558 2326//1558 2361//1558
f 3199//1558 3198//1558 3231//1558
f 3231//1558 3230//1558 3199//1558
f 3201//1558 3196//1558 3199//1558
f 3199//1558 3228//1558 3201//1558
f 2782//1558 2734//1558 2781//1558
f 2733//1558 2781//1558 2734//1558
f 2783//1558 2735//1558 2782//1558
f 2734//1558 2782//1558 2735//1558
f 2784//1558 2736//1558 2783//1558
f 2735//1558 2783//1558 2736//1558
f 2785//1558 2737//1558 2736//1558
f 2736//1558 2784//1558 2785//1558
f 2786//1558 2740//1558 2737//1558
f 2737//1558 2785//1558 2786//1558
f 2789//1558 2788//1558 2740//1558
f 2740//1558 2786//1558 2789//1558
f 2838//1558 2837//1558 2788//1558
f 2788//1558 2789//1558 2838//1558
f 2887//1558 2840//1558 2837//1558
f 2837//1558 2838//1558 2887//1558
f 2890//1558 2841//1558 2840//1558
f 2840//1558 2887//1558 2890//1558
f 2891//1558 2842//1558 2841//1558
f 2841//1558 2890//1558 2891//1558
f 2892//1558 2843//1558 2842//1558
f 2842//1558 2891//1558 2892//1558
f 2893//1558 2844//1558 2843//1558
f 2843//1558 2892//1558 2893//1558
f 2894//1558 2849//1558 2844//1558
f 2844//1558 2893//1558 2894//1558
f 2895//1558 2899//1558 2849//1558
f 2849//1558 2894//1558 2895//1558
f 2946//1558 2945//1558 2899//1558
f 2899//1558 2895//1558 2946//1558
f 2997//1558 2996//1558 2945//1558
f 2945//1558 2946//1558 2997//1558
f 3050//1558 3049//1558 2996//1558
f 2996//1558 2997//1558 3050//1558
f 3103//1558 3102//1558 3049//1558
f 3049//1558 3050//1558 3103//1558
f 3156//1558 3155//1558 3102//1558
f 3102//1558 3103//1558 3156//1558
f 3189//1558 3166//1558 3155//1558
f 3155//1558 3156//1558 3189//1558
f 3200//1558 3197//1558 3166//1558
f 3166//1558 3189//1558 3200//1558
f 3198//1558 3197//1558 3231//1558
f 3200//1558 3231//1558 3197//1558
f 3230//1558 3231//1558 3255//1558
f 3232//1558 3255//1558 3231//1558
f 2489//1558 2492//1558 2455//1558
f 2456//1558 2455//1558 2492//1558
f 2524//1558 2528//1558 2489//1558
f 2492//1558 2489//1558 2528//1558
f 2526//1558 2569//1558 2524//1558
f 2528//1558 2524//1558 2569//1558
f 2527//1558 2570//1558 2526//1558
f 2569//1558 2526//1558 2570//1558
f 2527//1558 2525//1558 2568//1558
f 2568//1558 2570//1558 2527//1558
f 2487//1558 2486//1558 2525//1558
f 2525//1558 2527//1558 2487//1558
f 2449//1558 2448//1558 2487//1558
f 2486//1558 2487//1558 2448//1558
f 2409//1558 2408//1558 2448//1558
f 2448//1558 2449//1558 2409//1558
f 2370//1558 2408//1558 2371//1558
f 2409//1558 2371//1558 2408//1558
f 3196//1558 3165//1558 3198//1558
f 3198//1558 3199//1558 3196//1558
f 3196//1558 3167//1558 3162//1558
f 3162//1558 3165//1558 3196//1558
f 3168//1558 3167//1558 3201//1558
f 3196//1558 3201//1558 3167//1558
f 3165//1558 3164//1558 3198//1558
f 3197//1558 3198//1558 3164//1558
f 3162//1558 3163//1558 3164//1558
f 3164//1558 3165//1558 3162//1558
f 3162//1558 3111//1558 3109//1558
f 3109//1558 3163//1558 3162//1558
f 3167//1558 3112//1558 3111//1558
f 3111//1558 3162//1558 3167//1558
f 3113//1558 3112//1558 3168//1558
f 3167//1558 3168//1558 3112//1558
f 3164//1558 3163//1558 3166//1558
f 3166//1558 3197//1558 3164//1558
f 3109//1558 3108//1558 3110//1558
f 3110//1558 3163//1558 3109//1558
f 3109//1558 3057//1558 3108//1558
f 3055//1558 3108//1558 3057//1558
f 3111//1558 3058//1558 3057//1558
f 3057//1558 3109//1558 3111//1558
f 3112//1558 3059//1558 3058//1558
f 3058//1558 3111//1558 3112//1558
f 3060//1558 3059//1558 3113//1558
f 3112//1558 3113//1558 3059//1558
f 3110//1558 3155//1558 3166//1558
f 3166//1558 3163//1558 3110//1558
f 3110//1558 3101//1558 3155//1558
f 3102//1558 3155//1558 3101//1558
f 3108//1558 3056//1558 3101//1558
f 3101//1558 3110//1558 3108//1558
f 3055//1558 3054//1558 3056//1558
f 3056//1558 3108//1558 3055//1558
f 3055//1558 3003//1558 3001//1558
f 3001//1558 3054//1558 3055//1558
f 3057//1558 3004//1558 3055//1558
f 3003//1558 3055//1558 3004//1558
f 3058//1558 3005//1558 3057//1558
f 3004//1558 3057//1558 3005//1558
f 3059//1558 3006//1558 3058//1558
f 3005//1558 3058//1558 3006//1558
f 3007//1558 3006//1558 3060//1558
f 3059//1558 3060//1558 3006//1558
f 2369//1558 2407//1558 2370//1558
f 2408//1558 2370//1558 2407//1558
f 2368//1558 2406//1558 2369//1558
f 2407//1558 2369//1558 2406//1558
f 2367//1558 2404//1558 2406//1558
f 2406//1558 2368//1558 2367//1558
f 2365//1558 2361//1558 2401//1558
f 2401//1558 2402//1558 2365//1558
f 2441//1558 2442//1558 2401//1558
f 2402//1558 2401//1558 2442//1558
f 2479//1558 2480//1558 2441//1558
f 2442//1558 2441//1558 2480//1558
f 2517//1558 2518//1558 2479//1558
f 2480//1558 2479//1558 2518//1558
f 2557//1558 2558//1558 2517//1558
f 2518//1558 2517//1558 2558//1558
f 2601//1558 2602//1558 2557//1558
f 2558//1558 2557//1558 2602//1558
f 2643//1558 2644//1558 2601//1558
f 2602//1558 2601//1558 2644//1558
f 2685//1558 2686//1558 2644//1558
f 2644//1558 2643//1558 2685//1558
f 2734//1558 2686//1558 2733//1558
f 2685//1558 2733//1558 2686//1558
f 2442//1558 2443//1558 2404//1558
f 2404//1558 2402//1558 2442//1558
f 2480//1558 2481//1558 2443//1558
f 2443//1558 2442//1558 2480//1558
f 2518//1558 2519//1558 2480//1558
f 2481//1558 2480//1558 2519//1558
f 2558//1558 2559//1558 2518//1558
f 2519//1558 2518//1558 2559//1558
f 2602//1558 2603//1558 2558//1558
f 2559//1558 2558//1558 2603//1558
f 2644//1558 2645//1558 2602//1558
f 2603//1558 2602//1558 2645//1558
f 2686//1558 2687//1558 2645//1558
f 2645//1558 2644//1558 2686//1558
f 2735//1558 2687//1558 2734//1558
f 2686//1558 2734//1558 2687//1558
f 2736//1558 2688//1558 2735//1558
f 2687//1558 2735//1558 2688//1558
f 2737//1558 2689//1558 2688//1558
f 2688//1558 2736//1558 2737//1558
f 2740//1558 2739//1558 2689//1558
f 2689//1558 2737//1558 2740//1558
f 2788//1558 2787//1558 2739//1558
f 2739//1558 2740//1558 2788//1558
f 2837//1558 2790//1558 2787//1558
f 2787//1558 2788//1558 2837//1558
f 2840//1558 2791//1558 2790//1558
f 2790//1558 2837//1558 2840//1558
f 2841//1558 2792//1558 2791//1558
f 2791//1558 2840//1558 2841//1558
f 2842//1558 2793//1558 2792//1558
f 2792//1558 2841//1558 2842//1558
f 2843//1558 2794//1558 2793//1558
f 2793//1558 2842//1558 2843//1558
f 2844//1558 2801//1558 2794//1558
f 2794//1558 2843//1558 2844//1558
f 2849//1558 2851//1558 2801//1558
f 2801//1558 2844//1558 2849//1558
f 2899//1558 2901//1558 2851//1558
f 2851//1558 2849//1558 2899//1558
f 2945//1558 2951//1558 2901//1558
f 2901//1558 2899//1558 2945//1558
f 2996//1558 2995//1558 2951//1558
f 2951//1558 2945//1558 2996//1558
f 3049//1558 3048//1558 2995//1558
f 2995//1558 2996//1558 3049//1558
f 3101//1558 3048//1558 3102//1558
f 3049//1558 3102//1558 3048//1558
f 3056//1558 3047//1558 3101//1558
f 3048//1558 3101//1558 3047//1558
f 3054//1558 3002//1558 3047//1558
f 3047//1558 3056//1558 3054//1558
f 3001//1558 3000//1558 3054//1558
f 3002//1558 3054//1558 3000//1558
f 3001//1558 2953//1558 3000//1558
f 2949//1558 3000//1558 2953//1558
f 3003//1558 2954//1558 2953//1558
f 2953//1558 3001//1558 3003//1558
f 3004//1558 2955//1558 2954//1558
f 2954//1558 3003//1558 3004//1558
f 3005//1558 2956//1558 2955//1558
f 2955//1558 3004//1558 3005//1558
f 2907//1558 2906//1558 2955//1558
f 2955//1558 2956//1558 2907//1558
f 2858//1558 2857//1558 2906//1558
f 2906//1558 2907//1558 2858//1558
f 2809//1558 2808//1558 2857//1558
f 2857//1558 2858//1558 2809//1558
f 2761//1558 2805//1558 2808//1558
f 2808//1558 2809//1558 2761//1558
f 2756//1558 2760//1558 2805//1558
f 2805//1558 2761//1558 2756//1558
f 2712//1558 2711//1558 2760//1558
f 2760//1558 2756//1558 2712//1558
f 2664//1558 2666//1558 2711//1558
f 2711//1558 2712//1558 2664//1558
f 2625//1558 2663//1558 2666//1558
f 2666//1558 2664//1558 2625//1558
f 2622//1558 2662//1558 2663//1558
f 2663//1558 2625//1558 2622//1558
f 2621//1558 2659//1558 2662//1558
f 2662//1558 2622//1558 2621//1558
f 2616//1558 2620//1558 2659//1558
f 2659//1558 2621//1558 2616//1558
f 2579//1558 2578//1558 2620//1558
f 2620//1558 2616//1558 2579//1558
f 2535//1558 2534//1558 2578//1558
f 2578//1558 2579//1558 2535//1558
f 2495//1558 2494//1558 2534//1558
f 2534//1558 2535//1558 2495//1558
f 3277//1558 3276//1558 3254//1558
f 3275//1558 3254//1558 3276//1558
f 2294//1558 2295//1558 2259//1558
f 2259//1558 2293//1558 2294//1558
f 2419//1558 2455//1558 2456//1558
f 2456//1558 2420//1558 2419//1558
f 3258//1558 3257//1558 3274//1558
f 3274//1558 3281//1558 3258//1558
f 2528//1558 2531//1558 2492//1558
f 2493//1558 2492//1558 2531//1558
f 2569//1558 2571//1558 2528//1558
f 2531//1558 2528//1558 2571//1558
f 2570//1558 2613//1558 2569//1558
f 2571//1558 2569//1558 2613//1558
f 2568//1558 2608//1558 2570//1558
f 2613//1558 2570//1558 2608//1558
f 2568//1558 2563//1558 2607//1558
f 2607//1558 2608//1558 2568//1558
f 2525//1558 2523//1558 2568//1558
f 2563//1558 2568//1558 2523//1558
f 2486//1558 2484//1558 2523//1558
f 2523//1558 2525//1558 2486//1558
f 2448//1558 2447//1558 2486//1558
f 2484//1558 2486//1558 2447//1558
f 2407//1558 2447//1558 2408//1558
f 2448//1558 2408//1558 2447//1558
f 2688//1558 2646//1558 2645//1558
f 2645//1558 2687//1558 2688//1558
f 2689//1558 2690//1558 2688//1558
f 2646//1558 2688//1558 2690//1558
f 2739//1558 2738//1558 2689//1558
f 2690//1558 2689//1558 2738//1558
f 2787//1558 2741//1558 2738//1558
f 2738//1558 2739//1558 2787//1558
f 2790//1558 2742//1558 2787//1558
f 2741//1558 2787//1558 2742//1558
f 2791//1558 2743//1558 2790//1558
f 2742//1558 2790//1558 2743//1558
f 2792//1558 2744//1558 2791//1558
f 2743//1558 2791//1558 2744//1558
f 2793//1558 2745//1558 2744//1558
f 2744//1558 2792//1558 2793//1558
f 2794//1558 2753//1558 2745//1558
f 2745//1558 2793//1558 2794//1558
f 2801//1558 2802//1558 2753//1558
f 2753//1558 2794//1558 2801//1558
f 2851//1558 2852//1558 2802//1558
f 2802//1558 2801//1558 2851//1558
f 2901//1558 2902//1558 2852//1558
f 2852//1558 2851//1558 2901//1558
f 2951//1558 2952//1558 2902//1558
f 2902//1558 2901//1558 2951//1558
f 2995//1558 3002//1558 2952//1558
f 2952//1558 2951//1558 2995//1558
f 2949//1558 2948//1558 2950//1558
f 2950//1558 3000//1558 2949//1558
f 2949//1558 2903//1558 2948//1558
f 2897//1558 2948//1558 2903//1558
f 2953//1558 2904//1558 2903//1558
f 2903//1558 2949//1558 2953//1558
f 2954//1558 2905//1558 2904//1558
f 2904//1558 2953//1558 2954//1558
f 2906//1558 2905//1558 2955//1558
f 2954//1558 2955//1558 2905//1558
f 2950//1558 2952//1558 3000//1558
f 3002//1558 3000//1558 2952//1558
f 2950//1558 2900//1558 2902//1558
f 2902//1558 2952//1558 2950//1558
f 2948//1558 2898//1558 2900//1558
f 2900//1558 2950//1558 2948//1558
f 2897//1558 2896//1558 2898//1558
f 2898//1558 2948//1558 2897//1558
f 2897//1558 2853//1558 2896//1558
f 2846//1558 2896//1558 2853//1558
f 2903//1558 2854//1558 2897//1558
f 2853//1558 2897//1558 2854//1558
f 2904//1558 2855//1558 2854//1558
f 2854//1558 2903//1558 2904//1558
f 2905//1558 2856//1558 2904//1558
f 2855//1558 2904//1558 2856//1558
f 2857//1558 2856//1558 2906//1558
f 2905//1558 2906//1558 2856//1558
f 2406//1558 2445//1558 2407//1558
f 2447//1558 2407//1558 2445//1558
f 2443//1558 2445//1558 2406//1558
f 2406//1558 2404//1558 2443//1558
f 2481//1558 2482//1558 2445//1558
f 2445//1558 2443//1558 2481//1558
f 2519//1558 2520//1558 2481//1558
f 2482//1558 2481//1558 2520//1558
f 2559//1558 2560//1558 2519//1558
f 2520//1558 2519//1558 2560//1558
f 2603//1558 2604//1558 2559//1558
f 2560//1558 2559//1558 2604//1558
f 2646//1558 2604//1558 2645//1558
f 2603//1558 2645//1558 2604//1558
f 2482//1558 2484//1558 2447//1558
f 2447//1558 2445//1558 2482//1558
f 2520//1558 2521//1558 2482//1558
f 2484//1558 2482//1558 2521//1558
f 2560//1558 2561//1558 2520//1558
f 2521//1558 2520//1558 2561//1558
f 2604//1558 2605//1558 2560//1558
f 2561//1558 2560//1558 2605//1558
f 2646//1558 2647//1558 2604//1558
f 2605//1558 2604//1558 2647//1558
f 2521//1558 2522//1558 2523//1558
f 2523//1558 2484//1558 2521//1558
f 2561//1558 2565//1558 2521//1558
f 2522//1558 2521//1558 2565//1558
f 2605//1558 2606//1558 2561//1558
f 2565//1558 2561//1558 2606//1558
f 2647//1558 2648//1558 2605//1558
f 2606//1558 2605//1558 2648//1558
f 2743//1558 2693//1558 2742//1558
f 2692//1558 2742//1558 2693//1558
f 2744//1558 2694//1558 2743//1558
f 2693//1558 2743//1558 2694//1558
f 2745//1558 2702//1558 2744//1558
f 2694//1558 2744//1558 2702//1558
f 2753//1558 2752//1558 2702//1558
f 2702//1558 2745//1558 2753//1558
f 2802//1558 2800//1558 2752//1558
f 2752//1558 2753//1558 2802//1558
f 2852//1558 2850//1558 2800//1558
f 2800//1558 2802//1558 2852//1558
f 2900//1558 2850//1558 2902//1558
f 2852//1558 2902//1558 2850//1558
f 2522//1558 2562//1558 2563//1558
f 2563//1558 2523//1558 2522//1558
f 2565//1558 2566//1558 2562//1558
f 2562//1558 2522//1558 2565//1558
f 2606//1558 2611//1558 2565//1558
f 2566//1558 2565//1558 2611//1558
f 2648//1558 2649//1558 2606//1558
f 2611//1558 2606//1558 2649//1558
f 2693//1558 2649//1558 2692//1558
f 2648//1558 2692//1558 2649//1558
f 2562//1558 2564//1558 2563//1558
f 2607//1558 2563//1558 2564//1558
f 2566//1558 2567//1558 2564//1558
f 2564//1558 2562//1558 2566//1558
f 2611//1558 2612//1558 2567//1558
f 2567//1558 2566//1558 2611//1558
f 2649//1558 2655//1558 2612//1558
f 2612//1558 2611//1558 2649//1558
f 2694//1558 2655//1558 2649//1558
f 2649//1558 2693//1558 2694//1558
f 2898//1558 2848//1558 2850//1558
f 2850//1558 2900//1558 2898//1558
f 2896//1558 2847//1558 2848//1558
f 2848//1558 2898//1558 2896//1558
f 2846//1558 2845//1558 2847//1558
f 2847//1558 2896//1558 2846//1558
f 2846//1558 2803//1558 2845//1558
f 2796//1558 2845//1558 2803//1558
f 2853//1558 2804//1558 2846//1558
f 2803//1558 2846//1558 2804//1558
f 2854//1558 2806//1558 2804//1558
f 2804//1558 2853//1558 2854//1558
f 2855//1558 2807//1558 2854//1558
f 2806//1558 2854//1558 2807//1558
f 2760//1558 2759//1558 2805//1558
f 2807//1558 2805//1558 2759//1558
f 2713//1558 2710//1558 2758//1558
f 2758//1558 2759//1558 2713//1558
f 2666//1558 2710//1558 2713//1558
f 2713//1558 2711//1558 2666//1558
f 2759//1558 2758//1558 2807//1558
f 2806//1558 2807//1558 2758//1558
f 2710//1558 2709//1558 2758//1558
f 2757//1558 2758//1558 2709//1558
f 2663//1558 2709//1558 2710//1558
f 2710//1558 2666//1558 2663//1558
f 2662//1558 2706//1558 2709//1558
f 2709//1558 2663//1558 2662//1558
f 2659//1558 2661//1558 2706//1558
f 2706//1558 2662//1558 2659//1558
f 2620//1558 2619//1558 2661//1558
f 2661//1558 2659//1558 2620//1558
f 2578//1558 2577//1558 2619//1558
f 2619//1558 2620//1558 2578//1558
f 2534//1558 2533//1558 2577//1558
f 2577//1558 2578//1558 2534//1558
f 2494//1558 2532//1558 2533//1558
f 2533//1558 2534//1558 2494//1558
f 2531//1558 2532//1558 2493//1558
f 2494//1558 2493//1558 2532//1558
f 2495//1558 2457//1558 2494//1558
f 2493//1558 2494//1558 2457//1558
f 3006//1558 3007//1558 3005//1558
f 2956//1558 3005//1558 3007//1558
f 2848//1558 2799//1558 2850//1558
f 2800//1558 2850//1558 2799//1558
f 2847//1558 2798//1558 2799//1558
f 2799//1558 2848//1558 2847//1558
f 2845//1558 2797//1558 2798//1558
f 2798//1558 2847//1558 2845//1558
f 2796//1558 2795//1558 2797//1558
f 2797//1558 2845//1558 2796//1558
f 2796//1558 2754//1558 2795//1558
f 2747//1558 2795//1558 2754//1558
f 2803//1558 2755//1558 2754//1558
f 2754//1558 2796//1558 2803//1558
f 2806//1558 2758//1558 2804//1558
f 2757//1558 2804//1558 2758//1558
f 2757//1558 2755//1558 2804//1558
f 2803//1558 2804//1558 2755//1558
f 2757//1558 2708//1558 2755//1558
f 2707//1558 2755//1558 2708//1558
f 2706//1558 2708//1558 2709//1558
f 2757//1558 2709//1558 2708//1558
f 2702//1558 2701//1558 2694//1558
f 2655//1558 2694//1558 2701//1558
f 2752//1558 2751//1558 2702//1558
f 2701//1558 2702//1558 2751//1558
f 2799//1558 2751//1558 2800//1558
f 2752//1558 2800//1558 2751//1558
f 2855//1558 2808//1558 2807//1558
f 2805//1558 2807//1558 2808//1558
f 2855//1558 2856//1558 2808//1558
f 2857//1558 2808//1558 2856//1558
f 2741//1558 2742//1558 2691//1558
f 2692//1558 2691//1558 2742//1558
f 2691//1558 2647//1558 2690//1558
f 2646//1558 2690//1558 2647//1558
f 2691//1558 2692//1558 2647//1558
f 2648//1558 2647//1558 2692//1558
f 2995//1558 3048//1558 3047//1558
f 3047//1558 3002//1558 2995//1558
f 2798//1558 2750//1558 2751//1558
f 2751//1558 2799//1558 2798//1558
f 2797//1558 2749//1558 2750//1558
f 2750//1558 2798//1558 2797//1558
f 2795//1558 2748//1558 2749//1558
f 2749//1558 2797//1558 2795//1558
f 2747//1558 2746//1558 2748//1558
f 2748//1558 2795//1558 2747//1558
f 2747//1558 2703//1558 2746//1558
f 2696//1558 2746//1558 2703//1558
f 2754//1558 2704//1558 2747//1558
f 2703//1558 2747//1558 2704//1558
f 2707//1558 2704//1558 2755//1558
f 2754//1558 2755//1558 2704//1558
f 2750//1558 2700//1558 2701//1558
f 2701//1558 2751//1558 2750//1558
f 2749//1558 2699//1558 2700//1558
f 2700//1558 2750//1558 2749//1558
f 2748//1558 2698//1558 2749//1558
f 2699//1558 2749//1558 2698//1558
f 2746//1558 2697//1558 2698//1558
f 2698//1558 2748//1558 2746//1558
f 2696//1558 2695//1558 2697//1558
f 2697//1558 2746//1558 2696//1558
f 2696//1558 2656//1558 2695//1558
f 2651//1558 2695//1558 2656//1558
f 2703//1558 2657//1558 2656//1558
f 2656//1558 2696//1558 2703//1558
f 2704//1558 2660//1558 2657//1558
f 2657//1558 2703//1558 2704//1558
f 2707//1558 2661//1558 2660//1558
f 2660//1558 2704//1558 2707//1558
f 2619//1558 2618//1558 2660//1558
f 2660//1558 2661//1558 2619//1558
f 2577//1558 2576//1558 2619//1558
f 2618//1558 2619//1558 2576//1558
f 2533//1558 2575//1558 2576//1558
f 2576//1558 2577//1558 2533//1558
f 2532//1558 2574//1558 2533//1558
f 2575//1558 2533//1558 2574//1558
f 2571//1558 2574//1558 2532//1558
f 2532//1558 2531//1558 2571//1558
f 2618//1558 2617//1558 2657//1558
f 2657//1558 2660//1558 2618//1558
f 2575//1558 2574//1558 2614//1558
f 2614//1558 2617//1558 2575//1558
f 2613//1558 2614//1558 2571//1558
f 2574//1558 2571//1558 2614//1558
f 2651//1558 2613//1558 2608//1558
f 2608//1558 2650//1558 2651//1558
f 2651//1558 2656//1558 2614//1558
f 2614//1558 2613//1558 2651//1558
f 2650//1558 2652//1558 2695//1558
f 2695//1558 2651//1558 2650//1558
f 2607//1558 2609//1558 2650//1558
f 2650//1558 2608//1558 2607//1558
f 2567//1558 2609//1558 2564//1558
f 2607//1558 2564//1558 2609//1558
f 2652//1558 2653//1558 2697//1558
f 2697//1558 2695//1558 2652//1558
f 2609//1558 2610//1558 2652//1558
f 2652//1558 2650//1558 2609//1558
f 2612//1558 2610//1558 2567//1558
f 2609//1558 2567//1558 2610//1558
f 2655//1558 2654//1558 2612//1558
f 2610//1558 2612//1558 2654//1558
f 2655//1558 2701//1558 2654//1558
f 2700//1558 2654//1558 2701//1558
f 2617//1558 2614//1558 2657//1558
f 2656//1558 2657//1558 2614//1558
f 2708//1558 2706//1558 2707//1558
f 2661//1558 2707//1558 2706//1558
f 2653//1558 2654//1558 2700//1558
f 2700//1558 2699//1558 2653//1558
f 2653//1558 2652//1558 2654//1558
f 2610//1558 2654//1558 2652//1558
f 2456//1558 2492//1558 2493//1558
f 2493//1558 2457//1558 2456//1558
f 2362//1558 2376//1558 2340//1558
f 2340//1558 2337//1558 2362//1558
f 3254//1558 3253//1558 3230//1558
f 3230//1558 3255//1558 3254//1558
f 2760//1558 2711//1558 2713//1558
f 2713//1558 2759//1558 2760//1558
f 2691//1558 2690//1558 2738//1558
f 2738//1558 2741//1558 2691//1558
f 2402//1558 2404//1558 2367//1558
f 2367//1558 2365//1558 2402//1558
f 2617//1558 2618//1558 2576//1558
f 2576//1558 2575//1558 2617//1558
f 2653//1558 2699//1558 2698//1558
f 2698//1558 2697//1558 2653//1558
f 243//1561 3406//1561 429//1561
f 429//1562 229//1562 243//1562
f 255//1563 3407//1563 3406//1563
f 3406//1564 243//1564 255//1564
f 265//1565 3408//1565 3407//1565
f 3407//1563 255//1563 265//1563
f 272//1566 3409//1566 3408//1566
f 3408//1567 265//1567 272//1567
f 277//1568 3412//1568 3409//1568
f 3409//1566 272//1566 277//1566
f 3417//1569 3418//1569 3412//1569
f 3412//1566 277//1566 3417//1566
f 3424//1570 3425//1570 3418//1570
f 3418//1571 3417//1571 3424//1571
f 3433//1568 3434//1568 3424//1568
f 3425//1570 3424//1570 3434//1570
f 3441//1562 3443//1562 3433//1562
f 3434//1572 3433//1572 3443//1572
f 3450//1566 3451//1566 3441//1566
f 3443//1562 3441//1562 3451//1562
f 3460//1571 3461//1571 3451//1571
f 3451//1571 3450//1571 3460//1571
f 3472//1573 3473//1573 3460//1573
f 3461//1567 3460//1567 3473//1567
f 3486//1574 3487//1574 3473//1574
f 3473//1567 3472//1567 3486//1567
f 3500//1562 3501//1562 3486//1562
f 3487//1572 3486//1572 3501//1572
f 3514//1573 3515//1573 3500//1573
f 3501//1573 3500//1573 3515//1573
f 3528//1566 3529//1566 3514//1566
f 3515//1571 3514//1571 3529//1571
f 3541//1572 3536//1572 3528//1572
f 3529//1571 3528//1571 3536//1571
f 3542//1573 3547//1573 3536//1573
f 3536//1568 3541//1568 3542//1568
f 3552//1571 3553//1571 3547//1571
f 3547//1573 3542//1573 3552//1573
f 3562//1564 3563//1564 3553//1564
f 3553//1570 3552//1570 3562//1570
f 3565//1562 3574//1562 3563//1562
f 3563//1564 3562//1564 3565//1564
f 3566//1570 3577//1570 3574//1570
f 3574//1571 3565//1571 3566//1571
f 3578//1566 3579//1566 3566//1566
f 3577//1566 3566//1566 3579//1566
f 3588//1575 3589//1575 3579//1575
f 3579//1566 3578//1566 3588//1566
f 3598//1574 3599//1574 3589//1574
f 3589//1573 3588//1573 3598//1573
f 3608//1566 3609//1566 3598//1566
f 3599//1572 3598//1572 3609//1572
f 3611//1566 3617//1566 3608//1566
f 3609//1566 3608//1566 3617//1566
f 3618//1571 3619//1571 3617//1571
f 3617//1570 3611//1570 3618//1570
f 3625//1568 3626//1568 3619//1568
f 3619//1573 3618//1573 3625//1573
f 3632//1571 3633//1571 3625//1571
f 3626//1569 3625//1569 3633//1569
f 3639//1566 3640//1566 3632//1566
f 3633//1571 3632//1571 3640//1571
f 3646//1570 3647//1570 3639//1570
f 3640//1566 3639//1566 3647//1566
f 3653//1566 3652//1566 3646//1566
f 3647//1570 3646//1570 3652//1570
f 3657//1571 3656//1571 3653//1571
f 3652//1567 3653//1567 3656//1567
f 3661//1569 3660//1569 3657//1569
f 3656//1570 3657//1570 3660//1570
f 3665//1572 3664//1572 3661//1572
f 3660//1572 3661//1572 3664//1572
f 3668//1573 3663//1573 3664//1573
f 3664//1576 3665//1576 3668//1576
f 3669//1571 3667//1571 3668//1571
f 3663//1571 3668//1571 3667//1571
f 3672//1566 3671//1566 3669//1566
f 3667//1570 3669//1570 3671//1570
f 3675//1565 3674//1565 3672//1565
f 3671//1567 3672//1567 3674//1567
f 1281//1568 3674//1568 1275//1568
f 3675//1564 1275//1564 3674//1564
f 3673//1569 3674//1569 1287//1569
f 1281//1570 1287//1570 3674//1570
f 3670//1570 3671//1570 3673//1570
f 3674//1569 3673//1569 3671//1569
f 3666//1569 3667//1569 3670//1569
f 3671//1570 3670//1570 3667//1570
f 3662//1566 3663//1566 3666//1566
f 3667//1572 3666//1572 3663//1572
f 3658//1566 3659//1566 3662//1566
f 3663//1566 3662//1566 3659//1566
f 3655//1573 3654//1573 3659//1573
f 3659//1570 3658//1570 3655//1570
f 3651//1573 3649//1573 3654//1573
f 3654//1573 3655//1573 3651//1573
f 3645//1570 3643//1570 3649//1570
f 3649//1571 3651//1571 3645//1571
f 3638//1571 3637//1571 3643//1571
f 3643//1570 3645//1570 3638//1570
f 3631//1566 3630//1566 3638//1566
f 3637//1571 3638//1571 3630//1571
f 3624//1570 3623//1570 3631//1570
f 3630//1570 3631//1570 3623//1570
f 3615//1572 3614//1572 3624//1572
f 3623//1566 3624//1566 3614//1566
f 3606//1562 3605//1562 3615//1562
f 3614//1566 3615//1566 3605//1566
f 3596//1577 3595//1577 3606//1577
f 3605//1562 3606//1562 3595//1562
f 3585//1571 3584//1571 3596//1571
f 3595//1572 3596//1572 3584//1572
f 3573//1562 3572//1562 3585//1562
f 3584//1571 3585//1571 3572//1571
f 3561//1566 3560//1566 3573//1566
f 3572//1571 3573//1571 3560//1571
f 3551//1568 3550//1568 3561//1568
f 3560//1571 3561//1571 3550//1571
f 3540//1566 3539//1566 3551//1566
f 3550//1572 3551//1572 3539//1572
f 3527//1570 3526//1570 3540//1570
f 3539//1570 3540//1570 3526//1570
f 3517//1567 3513//1567 3527//1567
f 3526//1572 3527//1572 3513//1572
f 3505//1566 3504//1566 3517//1566
f 3513//1571 3517//1571 3504//1571
f 3493//1576 3492//1576 3505//1576
f 3504//1570 3505//1570 3492//1570
f 3479//1566 3478//1566 3492//1566
f 3492//1578 3493//1578 3479//1578
f 291//1566 3478//1566 285//1566
f 3479//1567 285//1567 3478//1567
f 301//1566 3477//1566 291//1566
f 3478//1566 291//1566 3477//1566
f 312//1566 3464//1566 301//1566
f 3477//1566 301//1566 3464//1566
f 325//1571 3453//1571 312//1571
f 3464//1579 312//1579 3453//1579
f 341//1572 3452//1572 325//1572
f 3453//1570 325//1570 3452//1570
f 355//1566 3446//1566 341//1566
f 3452//1569 341//1569 3446//1569
f 367//1573 3438//1573 3446//1573
f 3446//1566 355//1566 367//1566
f 375//1571 3430//1571 3438//1571
f 3438//1571 367//1571 375//1571
f 376//1571 3422//1571 3430//1571
f 3430//1571 375//1571 376//1571
f 377//1568 3421//1568 3422//1568
f 3422//1571 376//1571 377//1571
f 378//1566 3414//1566 377//1566
f 3421//1566 377//1566 3414//1566
f 379//1561 3410//1561 3414//1561
f 3414//1566 378//1566 379//1566
f 413//1568 3407//1568 3408//1568
f 3408//1571 397//1571 413//1571
f 3408//1571 3410//1571 397//1571
f 379//1571 397//1571 3410//1571
f 3409//1566 3411//1566 3410//1566
f 3410//1566 3408//1566 3409//1566
f 3412//1567 3413//1567 3411//1567
f 3411//1571 3409//1571 3412//1571
f 3418//1568 3419//1568 3413//1568
f 3413//1567 3412//1567 3418//1567
f 3425//1566 3426//1566 3419//1566
f 3419//1568 3418//1568 3425//1568
f 3434//1562 3435//1562 3425//1562
f 3426//1566 3425//1566 3435//1566
f 3443//1572 3444//1572 3434//1572
f 3435//1562 3434//1562 3444//1562
f 3451//1570 3454//1570 3443//1570
f 3444//1568 3443//1568 3454//1568
f 3461//1571 3462//1571 3451//1571
f 3454//1566 3451//1566 3462//1566
f 3473//1566 3474//1566 3461//1566
f 3462//1566 3461//1566 3474//1566
f 3487//1562 3488//1562 3473//1562
f 3474//1566 3473//1566 3488//1566
f 3501//1572 3502//1572 3487//1572
f 3488//1562 3487//1562 3502//1562
f 3515//1566 3516//1566 3501//1566
f 3502//1572 3501//1572 3516//1572
f 3529//1571 3522//1571 3516//1571
f 3516//1571 3515//1571 3529//1571
f 3536//1568 3534//1568 3529//1568
f 3522//1565 3529//1565 3534//1565
f 3547//1567 3545//1567 3534//1567
f 3534//1566 3536//1566 3547//1566
f 3553//1571 3554//1571 3545//1571
f 3545//1571 3547//1571 3553//1571
f 3563//1566 3564//1566 3554//1566
f 3554//1566 3553//1566 3563//1566
f 3574//1570 3575//1570 3564//1570
f 3564//1570 3563//1570 3574//1570
f 3577//1571 3586//1571 3575//1571
f 3575//1570 3574//1570 3577//1570
f 3579//1571 3587//1571 3586//1571
f 3586//1573 3577//1573 3579//1573
f 3589//1572 3590//1572 3587//1572
f 3587//1567 3579//1567 3589//1567
f 3599//1570 3600//1570 3589//1570
f 3590//1568 3589//1568 3600//1568
f 3609//1573 3610//1573 3599//1573
f 3600//1567 3599//1567 3610//1567
f 3617//1566 3616//1566 3609//1566
f 3610//1571 3609//1571 3616//1571
f 3619//1568 3620//1568 3617//1568
f 3616//1568 3617//1568 3620//1568
f 3626//1573 3627//1573 3620//1573
f 3620//1568 3619//1568 3626//1568
f 3633//1569 3634//1569 3626//1569
f 3627//1565 3626//1565 3634//1565
f 3640//1568 3641//1568 3633//1568
f 3634//1572 3633//1572 3641//1572
f 3647//1571 3644//1571 3640//1571
f 3641//1567 3640//1567 3644//1567
f 3652//1562 3650//1562 3647//1562
f 3644//1571 3647//1571 3650//1571
f 3656//1568 3654//1568 3650//1568
f 3650//1564 3652//1564 3656//1564
f 3660//1570 3659//1570 3656//1570
f 3654//1566 3656//1566 3659//1566
f 3406//1561 3407//1561 429//1561
f 413//1572 429//1572 3407//1572
f 3663//1573 3659//1573 3664//1573
f 3660//1573 3664//1573 3659//1573
f 3649//1572 3648//1572 3650//1572
f 3650//1568 3654//1568 3649//1568
f 3643//1578 3642//1578 3648//1578
f 3648//1570 3649//1570 3643//1570
f 3637//1567 3636//1567 3642//1567
f 3642//1566 3643//1566 3637//1566
f 3630//1573 3629//1573 3637//1573
f 3636//1567 3637//1567 3629//1567
f 3623//1570 3622//1570 3630//1570
f 3629//1565 3630//1565 3622//1565
f 3614//1566 3613//1566 3623//1566
f 3622//1566 3623//1566 3613//1566
f 3605//1566 3604//1566 3614//1566
f 3613//1566 3614//1566 3604//1566
f 3595//1562 3594//1562 3605//1562
f 3604//1566 3605//1566 3594//1566
f 3584//1572 3583//1572 3595//1572
f 3594//1573 3595//1573 3583//1573
f 3572//1570 3571//1570 3584//1570
f 3583//1570 3584//1570 3571//1570
f 3560//1571 3559//1571 3572//1571
f 3571//1566 3572//1566 3559//1566
f 3550//1573 3549//1573 3560//1573
f 3559//1566 3560//1566 3549//1566
f 3539//1572 3538//1572 3550//1572
f 3549//1562 3550//1562 3538//1562
f 3526//1562 3525//1562 3539//1562
f 3538//1568 3539//1568 3525//1568
f 3513//1572 3512//1572 3526//1572
f 3525//1571 3526//1571 3512//1571
f 3504//1571 3499//1571 3513//1571
f 3512//1568 3513//1568 3499//1568
f 3492//1571 3491//1571 3499//1571
f 3499//1571 3504//1571 3492//1571
f 3477//1566 3491//1566 3478//1566
f 3492//1566 3478//1566 3491//1566
f 3411//1566 3415//1566 3410//1566
f 3414//1561 3410//1561 3415//1561
f 3413//1567 3416//1567 3415//1567
f 3415//1566 3411//1566 3413//1566
f 3419//1570 3420//1570 3416//1570
f 3416//1571 3413//1571 3419//1571
f 3426//1575 3427//1575 3420//1575
f 3420//1566 3419//1566 3426//1566
f 3435//1576 3436//1576 3426//1576
f 3427//1565 3426//1565 3436//1565
f 3444//1573 3442//1573 3436//1573
f 3436//1574 3435//1574 3444//1574
f 3454//1573 3455//1573 3444//1573
f 3442//1573 3444//1573 3455//1573
f 3462//1571 3466//1571 3454//1571
f 3455//1562 3454//1562 3466//1562
f 3474//1571 3475//1571 3466//1571
f 3466//1571 3462//1571 3474//1571
f 3488//1573 3489//1573 3474//1573
f 3475//1567 3474//1567 3489//1567
f 3502//1562 3503//1562 3488//1562
f 3489//1571 3488//1571 3503//1571
f 3516//1567 3508//1567 3502//1567
f 3503//1573 3502//1573 3508//1573
f 3522//1576 3520//1576 3516//1576
f 3508//1570 3516//1570 3520//1570
f 3534//1565 3532//1565 3522//1565
f 3520//1572 3522//1572 3532//1572
f 3545//1567 3543//1567 3532//1567
f 3532//1561 3534//1561 3545//1561
f 3554//1566 3555//1566 3545//1566
f 3543//1571 3545//1571 3555//1571
f 3564//1574 3567//1574 3555//1574
f 3555//1566 3554//1566 3564//1566
f 3575//1570 3576//1570 3564//1570
f 3567//1568 3564//1568 3576//1568
f 3586//1566 3580//1566 3576//1566
f 3576//1566 3575//1566 3586//1566
f 3587//1562 3591//1562 3586//1562
f 3580//1567 3586//1567 3591//1567
f 3590//1570 3597//1570 3591//1570
f 3591//1573 3587//1573 3590//1573
f 3600//1568 3601//1568 3590//1568
f 3597//1570 3590//1570 3601//1570
f 3610//1561 3607//1561 3601//1561
f 3601//1566 3600//1566 3610//1566
f 3616//1568 3612//1568 3607//1568
f 3607//1571 3610//1571 3616//1571
f 3620//1571 3621//1571 3616//1571
f 3612//1566 3616//1566 3621//1566
f 3627//1567 3628//1567 3620//1567
f 3621//1573 3620//1573 3628//1573
f 3634//1562 3635//1562 3627//1562
f 3628//1566 3627//1566 3635//1566
f 3629//1566 3628//1566 3635//1566
f 3635//1566 3636//1566 3629//1566
f 3622//1562 3621//1562 3629//1562
f 3628//1566 3629//1566 3621//1566
f 3613//1573 3612//1573 3621//1573
f 3621//1573 3622//1573 3613//1573
f 3604//1566 3603//1566 3613//1566
f 3612//1562 3613//1562 3603//1562
f 3594//1566 3593//1566 3604//1566
f 3603//1566 3604//1566 3593//1566
f 3583//1568 3582//1568 3594//1568
f 3593//1570 3594//1570 3582//1570
f 3571//1571 3570//1571 3583//1571
f 3582//1566 3583//1566 3570//1566
f 3559//1573 3558//1573 3571//1573
f 3570//1567 3571//1567 3558//1567
f 3549//1568 3548//1568 3559//1568
f 3558//1562 3559//1562 3548//1562
f 3538//1571 3537//1571 3549//1571
f 3548//1568 3549//1568 3537//1568
f 3525//1573 3524//1573 3538//1573
f 3537//1566 3538//1566 3524//1566
f 3512//1573 3511//1573 3525//1573
f 3524//1567 3525//1567 3511//1567
f 3499//1567 3498//1567 3512//1567
f 3511//1573 3512//1573 3498//1573
f 3491//1570 3485//1570 3498//1570
f 3498//1571 3499//1571 3491//1571
f 3477//1571 3476//1571 3491//1571
f 3485//1566 3491//1566 3476//1566
f 3464//1580 3465//1580 3476//1580
f 3476//1566 3477//1566 3464//1566
f 3453//1581 3463//1581 3465//1581
f 3465//1563 3464//1563 3453//1563
f 3452//1573 3458//1573 3463//1573
f 3463//1581 3453//1581 3452//1581
f 3446//1566 3447//1566 3458//1566
f 3458//1573 3452//1573 3446//1573
f 3438//1566 3439//1566 3447//1566
f 3447//1567 3446//1567 3438//1567
f 3430//1576 3431//1576 3439//1576
f 3439//1566 3438//1566 3430//1566
f 3422//1567 3429//1567 3431//1567
f 3431//1572 3430//1572 3422//1572
f 3414//1561 3415//1561 3416//1561
f 3416//1573 3421//1573 3414//1573
f 3648//1565 3642//1565 3644//1565
f 3644//1572 3650//1572 3648//1572
f 3603//1567 3602//1567 3607//1567
f 3607//1570 3612//1570 3603//1570
f 3593//1571 3592//1571 3602//1571
f 3602//1566 3603//1566 3593//1566
f 3582//1571 3581//1571 3592//1571
f 3592//1570 3593//1570 3582//1570
f 3570//1571 3569//1571 3581//1571
f 3581//1567 3582//1567 3570//1567
f 3558//1566 3557//1566 3570//1566
f 3569//1566 3570//1566 3557//1566
f 3548//1565 3546//1565 3558//1565
f 3557//1570 3558//1570 3546//1570
f 3537//1573 3535//1573 3548//1573
f 3546//1567 3548//1567 3535//1567
f 3524//1572 3523//1572 3537//1572
f 3535//1562 3537//1562 3523//1562
f 3511//1566 3510//1566 3524//1566
f 3523//1572 3524//1572 3510//1572
f 3498//1568 3497//1568 3511//1568
f 3510//1570 3511//1570 3497//1570
f 3485//1573 3484//1573 3497//1573
f 3497//1570 3498//1570 3485//1570
f 3470//1571 3484//1571 3476//1571
f 3485//1573 3476//1573 3484//1573
f 3421//1568 3423//1568 3422//1568
f 3429//1566 3422//1566 3423//1566
f 3420//1564 3423//1564 3416//1564
f 3421//1571 3416//1571 3423//1571
f 3427//1582 3428//1582 3420//1582
f 3423//1564 3420//1564 3428//1564
f 3592//1570 3591//1570 3597//1570
f 3597//1571 3602//1571 3592//1571
f 3581//1567 3580//1567 3591//1567
f 3591//1566 3592//1566 3581//1566
f 3569//1565 3568//1565 3580//1565
f 3580//1571 3581//1571 3569//1571
f 3557//1567 3556//1567 3568//1567
f 3568//1566 3569//1566 3557//1566
f 3546//1570 3544//1570 3556//1570
f 3556//1571 3557//1571 3546//1571
f 3535//1568 3533//1568 3544//1568
f 3544//1572 3546//1572 3535//1572
f 3523//1562 3521//1562 3535//1562
f 3533//1576 3535//1576 3521//1576
f 3510//1572 3509//1572 3523//1572
f 3521//1573 3523//1573 3509//1573
f 3497//1562 3496//1562 3510//1562
f 3509//1566 3510//1566 3496//1566
f 3484//1567 3483//1567 3497//1567
f 3496//1573 3497//1573 3483//1573
f 3568//1573 3567//1573 3576//1573
f 3576//1562 3580//1562 3568//1562
f 3556//1570 3555//1570 3567//1570
f 3567//1575 3568//1575 3556//1575
f 3544//1571 3543//1571 3555//1571
f 3555//1570 3556//1570 3544//1570
f 3533//1566 3531//1566 3544//1566
f 3543//1566 3544//1566 3531//1566
f 3521//1568 3519//1568 3531//1568
f 3531//1566 3533//1566 3521//1566
f 3509//1570 3507//1570 3521//1570
f 3519//1568 3521//1568 3507//1568
f 3496//1566 3495//1566 3509//1566
f 3507//1566 3509//1566 3495//1566
f 3483//1568 3482//1568 3496//1568
f 3495//1570 3496//1570 3482//1570
f 3483//1568 3471//1568 3469//1568
f 3469//1576 3482//1576 3483//1576
f 3470//1573 3471//1573 3483//1573
f 3483//1571 3484//1571 3470//1571
f 3531//1570 3530//1570 3532//1570
f 3532//1567 3543//1567 3531//1567
f 3519//1566 3518//1566 3530//1566
f 3530//1566 3531//1566 3519//1566
f 3507//1566 3506//1566 3519//1566
f 3518//1566 3519//1566 3506//1566
f 3495//1566 3494//1566 3506//1566
f 3506//1566 3507//1566 3495//1566
f 3482//1564 3481//1564 3495//1564
f 3494//1566 3495//1566 3481//1566
f 3469//1566 3468//1566 3482//1566
f 3481//1564 3482//1564 3468//1564
f 3469//1571 3459//1571 3457//1571
f 3457//1566 3468//1566 3469//1566
f 3470//1571 3463//1571 3471//1571
f 3458//1573 3471//1573 3463//1573
f 3641//1571 3636//1571 3635//1571
f 3635//1564 3634//1564 3641//1564
f 3641//1573 3644//1573 3642//1573
f 3642//1573 3636//1573 3641//1573
f 3428//1569 3432//1569 3429//1569
f 3429//1571 3423//1571 3428//1571
f 3436//1563 3432//1563 3428//1563
f 3428//1574 3427//1574 3436//1574
f 3442//1573 3437//1573 3436//1573
f 3432//1562 3436//1562 3437//1562
f 3455//1574 3456//1574 3445//1574
f 3445//1566 3442//1566 3455//1566
f 3466//1562 3467//1562 3455//1562
f 3456//1576 3455//1576 3467//1576
f 3475//1571 3480//1571 3466//1571
f 3467//1562 3466//1562 3480//1562
f 3468//1570 3467//1570 3481//1570
f 3480//1570 3481//1570 3467//1570
f 3457//1573 3456//1573 3468//1573
f 3467//1569 3468//1569 3456//1569
f 3457//1573 3449//1573 3456//1573
f 3445//1570 3456//1570 3449//1570
f 3459//1569 3448//1569 3449//1569
f 3449//1567 3457//1567 3459//1567
f 3439//1568 3440//1568 3448//1568
f 3448//1571 3447//1571 3439//1571
f 3429//1566 3432//1566 3437//1566
f 3437//1567 3431//1567 3429//1567
f 3440//1568 3445//1568 3449//1568
f 3449//1568 3448//1568 3440//1568
f 3440//1568 3439//1568 3431//1568
f 3431//1568 3437//1568 3440//1568
f 3530//1564 3518//1564 3520//1564
f 3520//1573 3532//1573 3530//1573
f 3459//1566 3458//1566 3447//1566
f 3447//1561 3448//1561 3459//1561
f 3459//1568 3469//1568 3471//1568
f 3471//1568 3458//1568 3459//1568
f 3489//1567 3490//1567 3475//1567
f 3480//1567 3475//1567 3490//1567
f 3481//1572 3480//1572 3490//1572
f 3490//1568 3494//1568 3481//1568
f 3503//1570 3494//1570 3490//1570
f 3490//1571 3489//1571 3503//1571
f 3508//1566 3506//1566 3503//1566
f 3494//1566 3503//1566 3506//1566
f 3508//1562 3520//1562 3518//1562
f 3518//1571 3506//1571 3508//1571
f 3445//1568 3440//1568 3437//1568
f 3437//1570 3442//1570 3445//1570
f 3602//1565 3597//1565 3601//1565
f 3601//1561 3607//1561 3602//1561
f 3470//1575 3476//1575 3465//1575
f 3465//1574 3463//1574 3470//1574
f 1293//1583 3676//1583 3673//1583
f 3673//1584 1287//1584 1293//1584
f 1299//1585 3677//1585 1293//1585
f 3676//1586 1293//1586 3677//1586
f 1305//1587 3680//1587 1299//1587
f 3677//1588 1299//1588 3680//1588
f 1311//1589 3685//1589 3680//1589
f 3680//1590 1305//1590 1311//1590
f 1317//1591 3692//1591 3685//1591
f 3685//1592 1311//1592 1317//1592
f 1323//1593 3699//1593 3692//1593
f 3692//1594 1317//1594 1323//1594
f 1330//1595 3708//1595 3699//1595
f 3699//1591 1323//1591 1330//1591
f 1337//1591 3718//1591 3708//1591
f 3708//1595 1330//1595 1337//1595
f 1341//1594 3730//1594 3718//1594
f 3718//1594 1337//1594 1341//1594
f 1345//1595 3731//1595 3730//1595
f 3730//1591 1341//1591 1345//1591
f 1349//1595 3732//1595 3731//1595
f 3731//1595 1345//1595 1349//1595
f 1353//1591 3733//1591 3732//1591
f 3732//1595 1349//1595 1353//1595
f 1357//1592 3734//1592 3733//1592
f 3733//1592 1353//1592 1357//1592
f 1361//1595 3735//1595 3734//1595
f 3734//1596 1357//1596 1361//1596
f 1365//1595 3736//1595 3735//1595
f 3735//1595 1361//1595 1365//1595
f 1369//1591 3737//1591 3736//1591
f 3736//1595 1365//1595 1369//1595
f 1374//1592 3738//1592 3737//1592
f 3737//1592 1369//1592 1374//1592
f 1377//1595 3739//1595 3738//1595
f 3738//1596 1374//1596 1377//1596
f 1381//1597 3740//1597 1377//1597
f 3739//1598 1377//1598 3740//1598
f 3741//1599 3740//1599 1381//1599
f 1381//1600 1387//1600 3741//1600
f 3763//1601 3762//1601 3740//1601
f 3740//1602 3741//1602 3763//1602
f 3764//1603 3787//1603 3762//1603
f 3762//1604 3763//1604 3764//1604
f 3765//1605 3788//1605 3787//1605
f 3787//1606 3764//1606 3765//1606
f 3766//1607 3789//1607 3788//1607
f 3788//1608 3765//1608 3766//1608
f 3790//1609 3791//1609 3789//1609
f 3789//1610 3766//1610 3790//1610
f 3814//1611 3815//1611 3791//1611
f 3791//1612 3790//1612 3814//1612
f 3834//1613 3835//1613 3815//1613
f 3815//1614 3814//1614 3834//1614
f 3852//1615 3853//1615 3835//1615
f 3835//1616 3834//1616 3852//1616
f 3868//1617 3869//1617 3852//1617
f 3853//1617 3852//1617 3869//1617
f 3884//1618 3885//1618 3868//1618
f 3869//1618 3868//1618 3885//1618
f 3900//1619 3901//1619 3884//1619
f 3885//1619 3884//1619 3901//1619
f 3913//1620 3914//1620 3900//1620
f 3901//1621 3900//1621 3914//1621
f 3924//1622 3925//1622 3913//1622
f 3914//1622 3913//1622 3925//1622
f 3933//1623 3931//1623 3924//1623
f 3925//1624 3924//1624 3931//1624
f 3938//1625 3939//1625 3933//1625
f 3931//1626 3933//1626 3939//1626
f 3945//1627 3944//1627 3938//1627
f 3939//1628 3938//1628 3944//1628
f 3949//1629 3948//1629 3945//1629
f 3944//1630 3945//1630 3948//1630
f 3953//1631 3952//1631 3949//1631
f 3948//1632 3949//1632 3952//1632
f 3955//1633 3954//1633 3952//1633
f 3952//1634 3953//1634 3955//1634
f 3956//1635 3957//1635 3955//1635
f 3954//1636 3955//1636 3957//1636
f 3958//1637 3959//1637 3956//1637
f 3957//1638 3956//1638 3959//1638
f 316//1639 3957//1639 319//1639
f 3959//1640 319//1640 3957//1640
f 304//1641 3954//1641 316//1641
f 3957//1642 316//1642 3954//1642
f 294//1643 3951//1643 304//1643
f 3954//1644 304//1644 3951//1644
f 290//1645 3947//1645 294//1645
f 3951//1646 294//1646 3947//1646
f 285//1647 3942//1647 290//1647
f 3947//1648 290//1648 3942//1648
f 3479//1649 3935//1649 285//1649
f 3942//1650 285//1650 3935//1650
f 3493//1651 3928//1651 3479//1651
f 3935//1652 3479//1652 3928//1652
f 3505//1653 3919//1653 3493//1653
f 3928//1654 3493//1654 3919//1654
f 3517//1655 3908//1655 3505//1655
f 3919//1656 3505//1656 3908//1656
f 3527//1657 3895//1657 3517//1657
f 3908//1658 3517//1658 3895//1658
f 3540//1659 3894//1659 3527//1659
f 3895//1660 3527//1660 3894//1660
f 3551//1661 3880//1661 3540//1661
f 3894//1662 3540//1662 3880//1662
f 3561//1663 3863//1663 3551//1663
f 3880//1664 3551//1664 3863//1664
f 3573//1665 3845//1665 3561//1665
f 3863//1666 3561//1666 3845//1666
f 3585//1667 3826//1667 3573//1667
f 3845//1668 3573//1668 3826//1668
f 3596//1669 3804//1669 3585//1669
f 3826//1670 3585//1670 3804//1670
f 3606//1671 3803//1671 3596//1671
f 3804//1672 3596//1672 3803//1672
f 3615//1673 3802//1673 3606//1673
f 3803//1674 3606//1674 3802//1674
f 3624//1675 3776//1675 3615//1675
f 3802//1676 3615//1676 3776//1676
f 3631//1677 3750//1677 3624//1677
f 3776//1678 3624//1678 3750//1678
f 3638//1679 3727//1679 3631//1679
f 3750//1680 3631//1680 3727//1680
f 3645//1681 3716//1681 3638//1681
f 3727//1682 3638//1682 3716//1682
f 3651//1683 3707//1683 3645//1683
f 3716//1684 3645//1684 3707//1684
f 3655//1685 3706//1685 3651//1685
f 3707//1686 3651//1686 3706//1686
f 3658//1687 3696//1687 3706//1687
f 3706//1688 3655//1688 3658//1688
f 3662//1689 3688//1689 3696//1689
f 3696//1690 3658//1690 3662//1690
f 3666//1691 3682//1691 3688//1691
f 3688//1692 3662//1692 3666//1692
f 3670//1693 3678//1693 3682//1693
f 3682//1694 3666//1694 3670//1694
f 3676//1695 3678//1695 3670//1695
f 3670//1696 3673//1696 3676//1696
f 334//1697 3963//1697 3962//1697
f 3962//1698 320//1698 334//1698
f 3951//1699 3950//1699 3954//1699
f 3952//1700 3954//1700 3950//1700
f 3947//1701 3946//1701 3950//1701
f 3950//1702 3951//1702 3947//1702
f 3942//1703 3941//1703 3947//1703
f 3946//1704 3947//1704 3941//1704
f 3935//1705 3934//1705 3941//1705
f 3941//1706 3942//1706 3935//1706
f 3928//1707 3927//1707 3935//1707
f 3934//1708 3935//1708 3927//1708
f 3919//1709 3918//1709 3928//1709
f 3927//1710 3928//1710 3918//1710
f 3908//1711 3907//1711 3919//1711
f 3918//1712 3919//1712 3907//1712
f 3895//1713 3893//1713 3908//1713
f 3907//1714 3908//1714 3893//1714
f 3894//1715 3881//1715 3895//1715
f 3893//1716 3895//1716 3881//1716
f 3880//1717 3879//1717 3894//1717
f 3881//1718 3894//1718 3879//1718
f 3863//1719 3862//1719 3880//1719
f 3879//1720 3880//1720 3862//1720
f 3845//1721 3844//1721 3863//1721
f 3862//1722 3863//1722 3844//1722
f 3826//1723 3824//1723 3845//1723
f 3844//1724 3845//1724 3824//1724
f 3804//1725 3801//1725 3826//1725
f 3824//1726 3826//1726 3801//1726
f 3803//1727 3778//1727 3801//1727
f 3801//1728 3804//1728 3803//1728
f 3802//1729 3777//1729 3778//1729
f 3778//1730 3803//1730 3802//1730
f 3776//1731 3775//1731 3777//1731
f 3777//1732 3802//1732 3776//1732
f 3750//1733 3749//1733 3775//1733
f 3775//1734 3776//1734 3750//1734
f 3727//1735 3726//1735 3749//1735
f 3749//1736 3750//1736 3727//1736
f 3716//1737 3714//1737 3726//1737
f 3726//1738 3727//1738 3716//1738
f 3707//1739 3704//1739 3716//1739
f 3714//1740 3716//1740 3704//1740
f 3706//1741 3698//1741 3704//1741
f 3704//1742 3707//1742 3706//1742
f 3696//1743 3697//1743 3698//1743
f 3698//1744 3706//1744 3696//1744
f 3688//1745 3689//1745 3697//1745
f 3697//1746 3696//1746 3688//1746
f 3682//1747 3683//1747 3689//1747
f 3689//1748 3688//1748 3682//1748
f 3678//1693 3679//1693 3682//1693
f 3683//1749 3682//1749 3679//1749
f 3677//1750 3679//1750 3678//1750
f 3678//1751 3676//1751 3677//1751
f 3762//1752 3761//1752 3740//1752
f 3739//1753 3740//1753 3761//1753
f 3787//1754 3786//1754 3762//1754
f 3761//1755 3762//1755 3786//1755
f 3788//1756 3811//1756 3786//1756
f 3786//1757 3787//1757 3788//1757
f 3789//1758 3812//1758 3811//1758
f 3811//1759 3788//1759 3789//1759
f 3791//1760 3813//1760 3812//1760
f 3812//1761 3789//1761 3791//1761
f 3815//1762 3816//1762 3813//1762
f 3813//1763 3791//1763 3815//1763
f 3835//1764 3836//1764 3816//1764
f 3816//1765 3815//1765 3835//1765
f 3853//1766 3854//1766 3836//1766
f 3836//1767 3835//1767 3853//1767
f 3869//1768 3870//1768 3854//1768
f 3854//1769 3853//1769 3869//1769
f 3885//1770 3886//1770 3870//1770
f 3870//1771 3869//1771 3885//1771
f 3901//1772 3902//1772 3886//1772
f 3886//1773 3885//1773 3901//1773
f 3914//1774 3915//1774 3902//1774
f 3902//1620 3901//1620 3914//1620
f 3925//1622 3922//1622 3914//1622
f 3915//1622 3914//1622 3922//1622
f 3931//1775 3932//1775 3922//1775
f 3922//1775 3925//1775 3931//1775
f 3939//1776 3937//1776 3931//1776
f 3932//1776 3931//1776 3937//1776
f 3944//1777 3943//1777 3939//1777
f 3937//1778 3939//1778 3943//1778
f 3960//1779 3962//1779 3963//1779
f 3963//1780 3961//1780 3960//1780
f 3680//1781 3681//1781 3677//1781
f 3679//1782 3677//1782 3681//1782
f 3685//1783 3686//1783 3680//1783
f 3681//1784 3680//1784 3686//1784
f 3692//1785 3693//1785 3685//1785
f 3686//1786 3685//1786 3693//1786
f 3699//1787 3700//1787 3692//1787
f 3693//1788 3692//1788 3700//1788
f 3708//1787 3709//1787 3699//1787
f 3700//1787 3699//1787 3709//1787
f 3718//1789 3719//1789 3708//1789
f 3709//1790 3708//1790 3719//1790
f 3730//1791 3742//1791 3718//1791
f 3719//1791 3718//1791 3742//1791
f 3731//1792 3753//1792 3730//1792
f 3742//1789 3730//1789 3753//1789
f 3732//1792 3754//1792 3731//1792
f 3753//1792 3731//1792 3754//1792
f 3733//1789 3755//1789 3732//1789
f 3754//1792 3732//1792 3755//1792
f 3734//1791 3756//1791 3755//1791
f 3755//1791 3733//1791 3734//1791
f 3735//1793 3757//1793 3756//1793
f 3756//1791 3734//1791 3735//1791
f 3736//1792 3758//1792 3757//1792
f 3757//1792 3735//1792 3736//1792
f 3737//1791 3759//1791 3758//1791
f 3758//1793 3736//1793 3737//1793
f 3738//1794 3760//1794 3737//1794
f 3759//1795 3737//1795 3760//1795
f 3761//1796 3760//1796 3739//1796
f 3738//1794 3739//1794 3760//1794
f 3786//1797 3785//1797 3761//1797
f 3760//1798 3761//1798 3785//1798
f 3811//1799 3810//1799 3786//1799
f 3785//1800 3786//1800 3810//1800
f 3812//1801 3831//1801 3810//1801
f 3810//1802 3811//1802 3812//1802
f 3813//1803 3832//1803 3831//1803
f 3831//1804 3812//1804 3813//1804
f 3816//1805 3833//1805 3832//1805
f 3832//1806 3813//1806 3816//1806
f 3836//1807 3837//1807 3833//1807
f 3833//1808 3816//1808 3836//1808
f 3854//1809 3855//1809 3837//1809
f 3837//1810 3836//1810 3854//1810
f 3870//1811 3871//1811 3855//1811
f 3855//1812 3854//1812 3870//1812
f 3886//1813 3887//1813 3871//1813
f 3871//1814 3870//1814 3886//1814
f 3902//1815 3903//1815 3887//1815
f 3887//1815 3886//1815 3902//1815
f 3915//1621 3911//1621 3903//1621
f 3903//1774 3902//1774 3915//1774
f 3922//1816 3923//1816 3915//1816
f 3911//1817 3915//1817 3923//1817
f 3932//1818 3930//1818 3922//1818
f 3923//1819 3922//1819 3930//1819
f 3937//1820 3936//1820 3932//1820
f 3930//1821 3932//1821 3936//1821
f 3943//1822 3940//1822 3937//1822
f 3936//1823 3937//1823 3940//1823
f 3941//1824 3940//1824 3943//1824
f 3943//1825 3946//1825 3941//1825
f 3681//1826 3684//1826 3683//1826
f 3683//1827 3679//1827 3681//1827
f 3686//1828 3687//1828 3684//1828
f 3684//1829 3681//1829 3686//1829
f 3693//1830 3694//1830 3686//1830
f 3687//1831 3686//1831 3694//1831
f 3700//1832 3701//1832 3693//1832
f 3694//1833 3693//1833 3701//1833
f 3709//1834 3710//1834 3700//1834
f 3701//1835 3700//1835 3710//1835
f 3719//1836 3720//1836 3709//1836
f 3710//1837 3709//1837 3720//1837
f 3742//1838 3743//1838 3719//1838
f 3720//1839 3719//1839 3743//1839
f 3753//1840 3767//1840 3742//1840
f 3743//1841 3742//1841 3767//1841
f 3754//1842 3779//1842 3753//1842
f 3767//1840 3753//1840 3779//1840
f 3755//1843 3780//1843 3754//1843
f 3779//1844 3754//1844 3780//1844
f 3756//1843 3781//1843 3755//1843
f 3780//1845 3755//1845 3781//1845
f 3757//1846 3782//1846 3756//1846
f 3781//1845 3756//1845 3782//1845
f 3758//1845 3783//1845 3757//1845
f 3782//1846 3757//1846 3783//1846
f 3759//1847 3784//1847 3758//1847
f 3783//1848 3758//1848 3784//1848
f 3785//1849 3784//1849 3760//1849
f 3759//1850 3760//1850 3784//1850
f 3684//1851 3690//1851 3683//1851
f 3689//1852 3683//1852 3690//1852
f 3687//1853 3691//1853 3690//1853
f 3690//1854 3684//1854 3687//1854
f 3694//1855 3695//1855 3687//1855
f 3691//1856 3687//1856 3695//1856
f 3701//1857 3702//1857 3694//1857
f 3695//1858 3694//1858 3702//1858
f 3710//1859 3711//1859 3701//1859
f 3702//1860 3701//1860 3711//1860
f 3720//1861 3721//1861 3710//1861
f 3711//1862 3710//1862 3721//1862
f 3743//1863 3744//1863 3720//1863
f 3721//1864 3720//1864 3744//1864
f 3767//1865 3768//1865 3743//1865
f 3744//1866 3743//1866 3768//1866
f 3779//1867 3792//1867 3767//1867
f 3768//1868 3767//1868 3792//1868
f 3780//1869 3805//1869 3779//1869
f 3792//1870 3779//1870 3805//1870
f 3781//1871 3806//1871 3780//1871
f 3805//1869 3780//1869 3806//1869
f 3782//1872 3807//1872 3781//1872
f 3806//1873 3781//1873 3807//1873
f 3783//1874 3808//1874 3807//1874
f 3807//1875 3782//1875 3783//1875
f 3784//1876 3809//1876 3783//1876
f 3808//1877 3783//1877 3809//1877
f 3810//1878 3809//1878 3784//1878
f 3784//1879 3785//1879 3810//1879
f 3948//1880 3946//1880 3943//1880
f 3943//1881 3944//1881 3948//1881
f 3948//1882 3952//1882 3950//1882
f 3950//1883 3946//1883 3948//1883
f 3961//1884 3959//1884 3958//1884
f 3958//1885 3960//1885 3961//1885
f 3961//1886 332//1886 3959//1886
f 319//1887 3959//1887 332//1887
f 3831//1888 3830//1888 3809//1888
f 3809//1889 3810//1889 3831//1889
f 3832//1890 3849//1890 3830//1890
f 3830//1891 3831//1891 3832//1891
f 3833//1892 3850//1892 3849//1892
f 3849//1893 3832//1893 3833//1893
f 3837//1894 3851//1894 3850//1894
f 3850//1895 3833//1895 3837//1895
f 3855//1896 3856//1896 3851//1896
f 3851//1897 3837//1897 3855//1897
f 3871//1898 3872//1898 3856//1898
f 3856//1899 3855//1899 3871//1899
f 3887//1900 3888//1900 3872//1900
f 3872//1901 3871//1901 3887//1901
f 3903//1902 3898//1902 3888//1902
f 3888//1903 3887//1903 3903//1903
f 3911//1904 3912//1904 3903//1904
f 3898//1905 3903//1905 3912//1905
f 3923//1906 3921//1906 3911//1906
f 3912//1907 3911//1907 3921//1907
f 3930//1908 3929//1908 3923//1908
f 3921//1909 3923//1909 3929//1909
f 3940//1910 3941//1910 3936//1910
f 3934//1911 3936//1911 3941//1911
f 3930//1912 3936//1912 3929//1912
f 3934//1913 3929//1913 3936//1913
f 3689//1914 3690//1914 3697//1914
f 3691//1915 3697//1915 3690//1915
f 3927//1916 3926//1916 3929//1916
f 3929//1917 3934//1917 3927//1917
f 3918//1918 3917//1918 3926//1918
f 3926//1919 3927//1919 3918//1919
f 3907//1920 3906//1920 3917//1920
f 3917//1921 3918//1921 3907//1921
f 3893//1922 3892//1922 3906//1922
f 3906//1923 3907//1923 3893//1923
f 3881//1924 3878//1924 3892//1924
f 3892//1925 3893//1925 3881//1925
f 3879//1926 3864//1926 3878//1926
f 3878//1927 3881//1927 3879//1927
f 3862//1928 3861//1928 3864//1928
f 3864//1929 3879//1929 3862//1929
f 3844//1930 3843//1930 3861//1930
f 3861//1931 3862//1931 3844//1931
f 3824//1932 3823//1932 3843//1932
f 3843//1933 3844//1933 3824//1933
f 3801//1934 3799//1934 3823//1934
f 3823//1935 3824//1935 3801//1935
f 3778//1936 3774//1936 3799//1936
f 3799//1937 3801//1937 3778//1937
f 3777//1938 3752//1938 3774//1938
f 3774//1939 3778//1939 3777//1939
f 3775//1940 3751//1940 3752//1940
f 3752//1941 3777//1941 3775//1941
f 3749//1942 3748//1942 3751//1942
f 3751//1943 3775//1943 3749//1943
f 3726//1944 3725//1944 3748//1944
f 3748//1945 3749//1945 3726//1945
f 3714//1946 3713//1946 3725//1946
f 3725//1947 3726//1947 3714//1947
f 3704//1948 3703//1948 3714//1948
f 3713//1949 3714//1949 3703//1949
f 3698//1950 3695//1950 3703//1950
f 3703//1951 3704//1951 3698//1951
f 3691//1952 3695//1952 3698//1952
f 3698//1953 3697//1953 3691//1953
f 3702//1954 3705//1954 3703//1954
f 3703//1955 3695//1955 3702//1955
f 3711//1956 3712//1956 3705//1956
f 3705//1957 3702//1957 3711//1957
f 3721//1958 3722//1958 3712//1958
f 3712//1959 3711//1959 3721//1959
f 3744//1960 3745//1960 3721//1960
f 3722//1961 3721//1961 3745//1961
f 3768//1962 3769//1962 3744//1962
f 3745//1963 3744//1963 3769//1963
f 3792//1964 3793//1964 3768//1964
f 3769//1965 3768//1965 3793//1965
f 3805//1966 3817//1966 3792//1966
f 3793//1967 3792//1967 3817//1967
f 3806//1968 3827//1968 3805//1968
f 3817//1969 3805//1969 3827//1969
f 3807//1970 3828//1970 3806//1970
f 3827//1971 3806//1971 3828//1971
f 3808//1972 3829//1972 3807//1972
f 3828//1973 3807//1973 3829//1973
f 3830//1974 3829//1974 3809//1974
f 3808//1975 3809//1975 3829//1975
f 3849//1976 3848//1976 3830//1976
f 3829//1977 3830//1977 3848//1977
f 3850//1978 3865//1978 3848//1978
f 3848//1979 3849//1979 3850//1979
f 3851//1980 3866//1980 3865//1980
f 3865//1981 3850//1981 3851//1981
f 3856//1982 3867//1982 3866//1982
f 3866//1983 3851//1983 3856//1983
f 3872//1984 3873//1984 3856//1984
f 3867//1985 3856//1985 3873//1985
f 3888//1986 3883//1986 3873//1986
f 3873//1987 3872//1987 3888//1987
f 3898//1773 3899//1773 3883//1773
f 3883//1988 3888//1988 3898//1988
f 3912//1989 3910//1989 3899//1989
f 3899//1990 3898//1990 3912//1990
f 3921//1991 3920//1991 3912//1991
f 3910//1992 3912//1992 3920//1992
f 3926//1993 3920//1993 3921//1993
f 3921//1994 3929//1994 3926//1994
f 3917//1995 3916//1995 3920//1995
f 3920//1996 3926//1996 3917//1996
f 3906//1997 3905//1997 3916//1997
f 3916//1998 3917//1998 3906//1998
f 3892//1999 3891//1999 3905//1999
f 3905//2000 3906//2000 3892//2000
f 3878//2001 3877//2001 3891//2001
f 3891//2002 3892//2002 3878//2002
f 3864//2003 3860//2003 3877//2003
f 3877//2004 3878//2004 3864//2004
f 3861//2005 3846//2005 3860//2005
f 3860//2006 3864//2006 3861//2006
f 3843//2007 3842//2007 3846//2007
f 3846//2008 3861//2008 3843//2008
f 3823//2009 3822//2009 3842//2009
f 3842//2010 3843//2010 3823//2010
f 3799//2011 3798//2011 3822//2011
f 3822//2012 3823//2012 3799//2012
f 3774//2013 3772//2013 3798//2013
f 3798//2014 3799//2014 3774//2014
f 3752//2015 3747//2015 3772//2015
f 3772//2016 3774//2016 3752//2016
f 3751//2017 3729//2017 3747//2017
f 3747//2018 3752//2018 3751//2018
f 3748//2019 3728//2019 3751//2019
f 3729//2020 3751//2020 3728//2020
f 3725//2021 3724//2021 3748//2021
f 3728//2022 3748//2022 3724//2022
f 3722//2023 3723//2023 3717//2023
f 3717//2024 3712//2024 3722//2024
f 3745//2025 3746//2025 3723//2025
f 3723//2026 3722//2026 3745//2026
f 3769//2027 3770//2027 3745//2027
f 3746//2028 3745//2028 3770//2028
f 3793//2029 3794//2029 3769//2029
f 3770//2030 3769//2030 3794//2030
f 3817//2031 3818//2031 3793//2031
f 3794//2032 3793//2032 3818//2032
f 3827//2033 3838//2033 3817//2033
f 3818//2034 3817//2034 3838//2034
f 3828//2035 3847//2035 3827//2035
f 3838//2036 3827//2036 3847//2036
f 3848//2037 3847//2037 3829//2037
f 3828//2038 3829//2038 3847//2038
f 3916//2039 3909//2039 3910//2039
f 3910//2040 3920//2040 3916//2040
f 3905//2041 3904//2041 3909//2041
f 3909//2042 3916//2042 3905//2042
f 3891//2043 3890//2043 3904//2043
f 3904//2044 3905//2044 3891//2044
f 3877//2045 3876//2045 3890//2045
f 3890//2046 3891//2046 3877//2046
f 3860//2047 3859//2047 3876//2047
f 3876//2048 3877//2048 3860//2048
f 3846//2049 3841//2049 3859//2049
f 3859//2050 3860//2050 3846//2050
f 3842//2051 3825//2051 3841//2051
f 3841//2052 3846//2052 3842//2052
f 3822//2053 3821//2053 3825//2053
f 3825//2054 3842//2054 3822//2054
f 3798//2055 3797//2055 3821//2055
f 3821//2056 3822//2056 3798//2056
f 3772//2057 3771//2057 3798//2057
f 3797//2058 3798//2058 3771//2058
f 3747//2059 3746//2059 3771//2059
f 3771//2060 3772//2060 3747//2060
f 3770//2061 3773//2061 3771//2061
f 3771//2062 3746//2062 3770//2062
f 3794//2063 3795//2063 3773//2063
f 3773//2064 3770//2064 3794//2064
f 3818//2065 3819//2065 3794//2065
f 3795//2066 3794//2066 3819//2066
f 3838//2067 3839//2067 3818//2067
f 3819//2068 3818//2068 3839//2068
f 3847//2069 3857//2069 3839//2069
f 3839//2070 3838//2070 3847//2070
f 3865//2071 3857//2071 3847//2071
f 3847//2072 3848//2072 3865//2072
f 3909//2073 3897//2073 3910//2073
f 3899//2074 3910//2074 3897//2074
f 3904//2075 3896//2075 3897//2075
f 3897//2076 3909//2076 3904//2076
f 3890//2077 3889//2077 3896//2077
f 3896//2078 3904//2078 3890//2078
f 3876//2079 3875//2079 3889//2079
f 3889//2080 3890//2080 3876//2080
f 3859//2081 3858//2081 3875//2081
f 3875//2082 3876//2082 3859//2082
f 3841//2083 3840//2083 3858//2083
f 3858//2084 3859//2084 3841//2084
f 3825//2085 3820//2085 3840//2085
f 3840//2086 3841//2086 3825//2086
f 3821//2087 3800//2087 3820//2087
f 3820//2088 3825//2088 3821//2088
f 3819//2089 3820//2089 3800//2089
f 3800//2090 3795//2090 3819//2090
f 3839//2091 3840//2091 3819//2091
f 3820//2092 3819//2092 3840//2092
f 3866//2093 3874//2093 3857//2093
f 3857//2094 3865//2094 3866//2094
f 3857//2095 3858//2095 3839//2095
f 3840//2096 3839//2096 3858//2096
f 3874//2097 3875//2097 3858//2097
f 3858//2098 3857//2098 3874//2098
f 3882//2099 3874//2099 3867//2099
f 3866//2100 3867//2100 3874//2100
f 3882//2101 3889//2101 3875//2101
f 3875//2102 3874//2102 3882//2102
f 3873//2103 3883//2103 3882//2103
f 3882//2104 3867//2104 3873//2104
f 3896//2105 3883//2105 3899//2105
f 3899//2106 3897//2106 3896//2106
f 3896//2107 3889//2107 3883//2107
f 3882//2108 3883//2108 3889//2108
f 3796//2109 3773//2109 3795//2109
f 3795//2110 3800//2110 3796//2110
f 3796//2111 3797//2111 3771//2111
f 3771//2112 3773//2112 3796//2112
f 3723//2113 3729//2113 3717//2113
f 3728//2114 3717//2114 3729//2114
f 3723//2115 3746//2115 3747//2115
f 3747//2116 3729//2116 3723//2116
f 3715//2117 3705//2117 3712//2117
f 3712//2118 3717//2118 3715//2118
f 3715//2119 3713//2119 3705//2119
f 3703//2120 3705//2120 3713//2120
f 332//2121 3961//2121 3963//2121
f 3963//2122 334//2122 332//2122
f 3725//2123 3713//2123 3724//2123
f 3715//2124 3724//2124 3713//2124
f 3821//2125 3797//2125 3796//2125
f 3796//2126 3800//2126 3821//2126
f 3717//2127 3728//2127 3724//2127
f 3724//2128 3715//2128 3717//2128
f 2471//2129 3964//2129 2433//2129
f 3971//2130 2433//2130 3964//2130
f 3964//2131 3965//2131 3971//2131
f 3972//2132 3971//2132 3965//2132
f 3965//2133 3966//2133 3972//2133
f 3973//2134 3972//2134 3966//2134
f 3966//2135 3967//2135 3973//2135
f 3974//2136 3973//2136 3967//2136
f 3967//2137 3968//2137 3974//2137
f 3975//2138 3974//2138 3968//2138
f 3968//2139 3969//2139 3975//2139
f 3976//2140 3975//2140 3969//2140
f 3969//2141 3970//2141 3976//2141
f 3977//2142 3976//2142 3970//2142
f 3970//2143 3441//2143 3977//2143
f 3433//2144 3977//2144 3441//2144
f 2433//2145 3971//2145 2393//2145
f 3978//2146 2393//2146 3971//2146
f 3971//2147 3972//2147 3978//2147
f 3979//2147 3978//2147 3972//2147
f 3972//2148 3973//2148 3979//2148
f 3980//2149 3979//2149 3973//2149
f 3973//2150 3974//2150 3980//2150
f 3981//2151 3980//2151 3974//2151
f 3974//2152 3975//2152 3981//2152
f 3982//2153 3981//2153 3975//2153
f 3975//2154 3976//2154 3982//2154
f 3983//2155 3982//2155 3976//2155
f 3976//2156 3977//2156 3983//2156
f 3984//2157 3983//2157 3977//2157
f 3977//2158 3433//2158 3984//2158
f 3424//2159 3984//2159 3433//2159
f 2393//2160 3978//2160 2353//2160
f 3985//2160 2353//2160 3978//2160
f 3978//2161 3979//2161 3985//2161
f 3986//2162 3985//2162 3979//2162
f 3979//2163 3980//2163 3986//2163
f 3987//2164 3986//2164 3980//2164
f 3980//2165 3981//2165 3987//2165
f 3988//2166 3987//2166 3981//2166
f 3981//2167 3982//2167 3988//2167
f 3989//2168 3988//2168 3982//2168
f 3982//2169 3983//2169 3989//2169
f 3990//2170 3989//2170 3983//2170
f 3983//2171 3984//2171 3990//2171
f 3991//2172 3990//2172 3984//2172
f 3984//2173 3424//2173 3991//2173
f 3417//2174 3991//2174 3424//2174
f 2353//2175 3985//2175 237//2175
f 249//2176 237//2176 3985//2176
f 3985//2177 3986//2177 249//2177
f 259//2178 249//2178 3986//2178
f 3986//2179 3987//2179 259//2179
f 267//2180 259//2180 3987//2180
f 3987//2181 3988//2181 267//2181
f 273//2182 267//2182 3988//2182
f 3988//2183 3989//2183 273//2183
f 274//2184 273//2184 3989//2184
f 3989//2185 3990//2185 274//2185
f 275//2186 274//2186 3990//2186
f 3990//2187 3991//2187 275//2187
f 276//2188 275//2188 3991//2188
f 3991//2189 3417//2189 276//2189
f 277//2190 276//2190 3417//2190
f 603//977 629//977 3993//977
f 3993//977 3992//977 603//977
f 629//977 655//977 3994//977
f 3994//977 3993//977 629//977
f 655//977 691//977 3994//977
f 1783//977 3994//977 691//977
f 3992//977 3993//977 3996//977
f 3996//977 3995//977 3992//977
f 3993//977 3994//977 3997//977
f 3997//977 3996//977 3993//977
f 3994//977 1783//977 3997//977
f 1779//977 3997//977 1783//977
f 3995//977 3996//977 3999//977
f 3999//977 3998//977 3995//977
f 3996//977 3997//977 4000//977
f 4000//977 3999//977 3996//977
f 3997//977 1779//977 4000//977
f 1775//977 4000//977 1779//977
f 3998//977 3999//977 4002//977
f 4002//977 4001//977 3998//977
f 3999//977 4000//977 4003//977
f 4003//977 4002//977 3999//977
f 4000//977 1775//977 4003//977
f 1771//977 4003//977 1775//977
f 4001//977 4002//977 4005//977
f 4005//977 4004//977 4001//977
f 4002//977 4003//977 4006//977
f 4006//977 4005//977 4002//977
f 4003//977 1771//977 4006//977
f 1767//977 4006//977 1771//977
f 4004//977 4005//977 4008//977
f 4008//977 4007//977 4004//977
f 4005//977 4006//977 4009//977
f 4009//977 4008//977 4005//977
f 4006//977 1767//977 4009//977
f 1763//2191 4009//2191 1767//2191
f 4007//977 4008//977 4011//977
f 4011//977 4012//977 4007//977
f 4008//977 4009//977 4010//977
f 4010//977 4011//977 4008//977
f 4009//2192 1763//2192 4010//2192
f 1759//2192 4010//2192 1763//2192
f 4012//977 4011//977 4014//977
f 4014//977 4015//977 4012//977
f 4011//977 4010//977 4013//977
f 4013//977 4014//977 4011//977
f 4010//2192 1759//2192 4013//2192
f 1757//2193 4013//2193 1759//2193
f 4015//977 4014//977 4017//977
f 4017//977 4016//977 4015//977
f 4014//977 4013//977 4018//977
f 4018//977 4017//977 4014//977
f 4013//977 1757//977 4018//977
f 1752//977 4018//977 1757//977
f 4016//977 4017//977 4020//977
f 4020//977 4019//977 4016//977
f 4017//977 4018//977 4021//977
f 4021//977 4020//977 4017//977
f 4018//977 1752//977 4021//977
f 1747//977 4021//977 1752//977
f 4019//977 4020//977 4023//977
f 4023//977 4022//977 4019//977
f 4020//977 4021//977 4024//977
f 4024//977 4023//977 4020//977
f 4021//977 1747//977 4024//977
f 1742//977 4024//977 1747//977
f 4022//977 4023//977 4026//977
f 4026//977 4025//977 4022//977
f 4023//977 4024//977 4027//977
f 4027//977 4026//977 4023//977
f 4024//977 1742//977 4027//977
f 1735//977 4027//977 1742//977
f 4025//977 4026//977 4029//977
f 4029//977 4028//977 4025//977
f 4026//977 4027//977 4030//977
f 4030//977 4029//977 4026//977
f 4027//977 1735//977 4030//977
f 1728//977 4030//977 1735//977
f 4028//977 4029//977 4032//977
f 4032//977 4031//977 4028//977
f 4029//977 4030//977 4033//977
f 4033//977 4032//977 4029//977
f 4030//977 1728//977 4033//977
f 1721//977 4033//977 1728//977
f 4031//977 4032//977 4035//977
f 4035//977 4034//977 4031//977
f 4032//977 4033//977 4036//977
f 4036//977 4035//977 4032//977
f 4033//977 1721//977 4036//977
f 1711//977 4036//977 1721//977
f 4034//977 4035//977 4038//977
f 4038//977 4037//977 4034//977
f 4035//977 4036//977 4039//977
f 4039//977 4038//977 4035//977
f 4036//977 1711//977 4039//977
f 1701//977 4039//977 1711//977
f 4037//977 4038//977 4041//977
f 4041//977 4040//977 4037//977
f 4038//977 4039//977 4042//977
f 4042//977 4041//977 4038//977
f 4039//977 1701//977 4042//977
f 1691//977 4042//977 1701//977
f 4040//977 4041//977 4044//977
f 4044//977 4043//977 4040//977
f 4041//977 4042//977 4045//977
f 4045//977 4044//977 4041//977
f 4042//977 1691//977 4045//977
f 1681//977 4045//977 1691//977
f 4043//977 4044//977 4047//977
f 4047//977 4046//977 4043//977
f 4044//977 4045//977 4048//977
f 4048//977 4047//977 4044//977
f 4045//977 1681//977 4048//977
f 1669//977 4048//977 1681//977
f 4046//977 4047//977 4050//977
f 4050//977 4049//977 4046//977
f 4047//977 4048//977 4051//977
f 4051//977 4050//977 4047//977
f 4048//977 1669//977 4051//977
f 1655//977 4051//977 1669//977
f 4049//977 4050//977 4053//977
f 4053//977 4052//977 4049//977
f 4050//977 4051//977 4054//977
f 4054//977 4053//977 4050//977
f 4051//977 1655//977 4054//977
f 1654//977 4054//977 1655//977
f 4052//977 4053//977 4056//977
f 4056//977 4055//977 4052//977
f 4053//977 4054//977 4057//977
f 4057//977 4056//977 4053//977
f 4054//977 1654//977 4057//977
f 1638//977 4057//977 1654//977
f 4055//977 4056//977 2143//977
f 2143//977 2142//977 4055//977
f 4056//977 4057//977 2144//977
f 2144//977 2143//977 4056//977
f 4057//977 1638//977 2144//977
f 1620//2194 2144//2194 1638//2194
f 548//2195 547//2195 4059//2195
f 4059//2196 4058//2196 548//2196
f 547//2197 557//2197 4060//2197
f 4060//2198 4059//2198 547//2198
f 557//2199 580//2199 4061//2199
f 4061//2200 4060//2200 557//2200
f 580//2201 603//2201 3992//2201
f 3992//2202 4061//2202 580//2202
f 4058//2203 4059//2203 4063//2203
f 4063//2204 4062//2204 4058//2204
f 4059//2205 4060//2205 4064//2205
f 4064//2206 4063//2206 4059//2206
f 4060//2207 4061//2207 4065//2207
f 4065//2208 4064//2208 4060//2208
f 4061//2209 3992//2209 3995//2209
f 3995//2210 4065//2210 4061//2210
f 4062//2211 4063//2211 4067//2211
f 4067//2212 4066//2212 4062//2212
f 4063//2213 4064//2213 4068//2213
f 4068//2214 4067//2214 4063//2214
f 4064//2215 4065//2215 4069//2215
f 4069//2216 4068//2216 4064//2216
f 4065//2217 3995//2217 3998//2217
f 3998//2218 4069//2218 4065//2218
f 4066//2219 4067//2219 4071//2219
f 4071//2220 4070//2220 4066//2220
f 4067//2221 4068//2221 4072//2221
f 4072//2222 4071//2222 4067//2222
f 4068//2223 4069//2223 4073//2223
f 4073//2224 4072//2224 4068//2224
f 4069//2225 3998//2225 4001//2225
f 4001//2226 4073//2226 4069//2226
f 4070//2227 4071//2227 4075//2227
f 4075//2228 4074//2228 4070//2228
f 4071//2229 4072//2229 4076//2229
f 4076//2230 4075//2230 4071//2230
f 4072//2231 4073//2231 4077//2231
f 4077//2232 4076//2232 4072//2232
f 4073//2233 4001//2233 4004//2233
f 4004//2233 4077//2233 4073//2233
f 4074//2234 4075//2234 4079//2234
f 4079//2235 4078//2235 4074//2235
f 4075//2236 4076//2236 4080//2236
f 4080//2237 4079//2237 4075//2237
f 4076//2238 4077//2238 4081//2238
f 4081//2239 4080//2239 4076//2239
f 4077//2240 4004//2240 4007//2240
f 4007//2241 4081//2241 4077//2241
f 4078//2242 4079//2242 4083//2242
f 4083//2243 4082//2243 4078//2243
f 4079//2244 4080//2244 4084//2244
f 4084//2245 4083//2245 4079//2245
f 4080//2246 4081//2246 4085//2246
f 4085//2246 4084//2246 4080//2246
f 4081//2247 4007//2247 4012//2247
f 4012//2248 4085//2248 4081//2248
f 4082//2249 4083//2249 4087//2249
f 4087//2250 4086//2250 4082//2250
f 4083//2251 4084//2251 4088//2251
f 4088//2252 4087//2252 4083//2252
f 4084//2253 4085//2253 4089//2253
f 4089//2254 4088//2254 4084//2254
f 4085//2255 4012//2255 4015//2255
f 4015//2256 4089//2256 4085//2256
f 4086//2257 4087//2257 4091//2257
f 4091//2258 4090//2258 4086//2258
f 4087//2259 4088//2259 4092//2259
f 4092//2260 4091//2260 4087//2260
f 4088//2261 4089//2261 4093//2261
f 4093//2262 4092//2262 4088//2262
f 4089//2263 4015//2263 4016//2263
f 4016//2263 4093//2263 4089//2263
f 4090//2264 4091//2264 4095//2264
f 4095//2265 4094//2265 4090//2265
f 4091//2266 4092//2266 4096//2266
f 4096//2267 4095//2267 4091//2267
f 4092//2268 4093//2268 4097//2268
f 4097//2269 4096//2269 4092//2269
f 4093//2270 4016//2270 4019//2270
f 4019//2271 4097//2271 4093//2271
f 4094//2272 4095//2272 4099//2272
f 4099//2273 4098//2273 4094//2273
f 4095//2274 4096//2274 4100//2274
f 4100//2275 4099//2275 4095//2275
f 4096//2276 4097//2276 4101//2276
f 4101//2277 4100//2277 4096//2277
f 4097//2278 4019//2278 4022//2278
f 4022//2279 4101//2279 4097//2279
f 4098//2280 4099//2280 4103//2280
f 4103//2281 4102//2281 4098//2281
f 4099//2282 4100//2282 4104//2282
f 4104//2283 4103//2283 4099//2283
f 4100//2284 4101//2284 4105//2284
f 4105//2285 4104//2285 4100//2285
f 4101//2286 4022//2286 4025//2286
f 4025//2287 4105//2287 4101//2287
f 4102//2288 4103//2288 4107//2288
f 4107//2289 4106//2289 4102//2289
f 4103//2290 4104//2290 4108//2290
f 4108//2291 4107//2291 4103//2291
f 4104//2292 4105//2292 4109//2292
f 4109//2293 4108//2293 4104//2293
f 4105//2294 4025//2294 4028//2294
f 4028//2295 4109//2295 4105//2295
f 4106//2296 4107//2296 4111//2296
f 4111//2297 4110//2297 4106//2297
f 4107//2298 4108//2298 4112//2298
f 4112//2299 4111//2299 4107//2299
f 4108//2300 4109//2300 4113//2300
f 4113//2301 4112//2301 4108//2301
f 4109//2302 4028//2302 4031//2302
f 4031//2302 4113//2302 4109//2302
f 4110//2303 4111//2303 4115//2303
f 4115//2304 4114//2304 4110//2304
f 4111//2305 4112//2305 4116//2305
f 4116//2306 4115//2306 4111//2306
f 4112//2307 4113//2307 4117//2307
f 4117//2308 4116//2308 4112//2308
f 4113//2309 4031//2309 4034//2309
f 4034//2310 4117//2310 4113//2310
f 4114//2311 4115//2311 4119//2311
f 4119//2312 4118//2312 4114//2312
f 4115//2313 4116//2313 4120//2313
f 4120//2314 4119//2314 4115//2314
f 4116//2315 4117//2315 4121//2315
f 4121//2316 4120//2316 4116//2316
f 4117//2317 4034//2317 4037//2317
f 4037//2318 4121//2318 4117//2318
f 4118//2319 4119//2319 4123//2319
f 4123//2320 4122//2320 4118//2320
f 4119//2321 4120//2321 4124//2321
f 4124//2322 4123//2322 4119//2322
f 4120//2323 4121//2323 4125//2323
f 4125//2324 4124//2324 4120//2324
f 4121//2325 4037//2325 4040//2325
f 4040//2326 4125//2326 4121//2326
f 4122//2327 4123//2327 4127//2327
f 4127//2328 4126//2328 4122//2328
f 4123//2329 4124//2329 4128//2329
f 4128//2330 4127//2330 4123//2330
f 4124//2331 4125//2331 4129//2331
f 4129//2332 4128//2332 4124//2332
f 4125//2333 4040//2333 4043//2333
f 4043//2334 4129//2334 4125//2334
f 4126//2335 4127//2335 4131//2335
f 4131//2335 4130//2335 4126//2335
f 4127//2336 4128//2336 4132//2336
f 4132//2337 4131//2337 4127//2337
f 4128//2338 4129//2338 4133//2338
f 4133//2339 4132//2339 4128//2339
f 4129//2340 4043//2340 4046//2340
f 4046//2341 4133//2341 4129//2341
f 4130//2342 4131//2342 4135//2342
f 4135//2343 4134//2343 4130//2343
f 4131//2344 4132//2344 4136//2344
f 4136//2344 4135//2344 4131//2344
f 4132//2345 4133//2345 4137//2345
f 4137//2346 4136//2346 4132//2346
f 4133//2347 4046//2347 4049//2347
f 4049//2348 4137//2348 4133//2348
f 4134//2349 4135//2349 4139//2349
f 4139//2349 4138//2349 4134//2349
f 4135//2350 4136//2350 4140//2350
f 4140//2351 4139//2351 4135//2351
f 4136//2352 4137//2352 4141//2352
f 4141//2353 4140//2353 4136//2353
f 4137//2354 4049//2354 4052//2354
f 4052//2355 4141//2355 4137//2355
f 4138//2356 4139//2356 4143//2356
f 4143//2356 4142//2356 4138//2356
f 4139//2357 4140//2357 4144//2357
f 4144//2358 4143//2358 4139//2358
f 4140//2359 4141//2359 4145//2359
f 4145//2360 4144//2360 4140//2360
f 4141//2361 4052//2361 4055//2361
f 4055//2362 4145//2362 4141//2362
f 4142//2363 4143//2363 2061//2363
f 2061//2363 2023//2363 4142//2363
f 4143//2364 4144//2364 2102//2364
f 2102//2365 2061//2365 4143//2365
f 4144//2366 4145//2366 2141//2366
f 2141//2367 2102//2367 4144//2367
f 4145//2368 4055//2368 2142//2368
f 2142//2369 2141//2369 4145//2369
f 554//2370 553//2370 4147//2370
f 4147//2370 4146//2370 554//2370
f 553//2370 552//2370 4148//2370
f 4148//2370 4147//2370 553//2370
f 552//2370 551//2370 4149//2370
f 4149//2370 4148//2370 552//2370
f 551//2370 550//2370 4150//2370
f 4150//2370 4149//2370 551//2370
f 550//2370 549//2370 4151//2370
f 4151//2370 4150//2370 550//2370
f 549//2370 548//2370 4058//2370
f 4058//2370 4151//2370 549//2370
f 4146//2371 4147//2371 4153//2371
f 4153//2371 4152//2371 4146//2371
f 4147//2371 4148//2371 4154//2371
f 4154//2371 4153//2371 4147//2371
f 4148//2371 4149//2371 4155//2371
f 4155//2371 4154//2371 4148//2371
f 4149//2371 4150//2371 4156//2371
f 4156//2371 4155//2371 4149//2371
f 4150//2371 4151//2371 4157//2371
f 4157//2371 4156//2371 4150//2371
f 4151//2371 4058//2371 4062//2371
f 4062//2371 4157//2371 4151//2371
f 4152//2372 4153//2372 4159//2372
f 4159//2372 4158//2372 4152//2372
f 4153//2372 4154//2372 4160//2372
f 4160//2372 4159//2372 4153//2372
f 4154//2372 4155//2372 4161//2372
f 4161//2372 4160//2372 4154//2372
f 4155//2372 4156//2372 4162//2372
f 4162//2372 4161//2372 4155//2372
f 4156//2372 4157//2372 4163//2372
f 4163//2372 4162//2372 4156//2372
f 4157//2372 4062//2372 4066//2372
f 4066//2372 4163//2372 4157//2372
f 4158//2373 4159//2373 4165//2373
f 4165//2373 4164//2373 4158//2373
f 4159//2373 4160//2373 4166//2373
f 4166//2373 4165//2373 4159//2373
f 4160//2373 4161//2373 4167//2373
f 4167//2373 4166//2373 4160//2373
f 4161//2373 4162//2373 4168//2373
f 4168//2373 4167//2373 4161//2373
f 4162//2373 4163//2373 4169//2373
f 4169//2373 4168//2373 4162//2373
f 4163//2373 4066//2373 4070//2373
f 4070//2373 4169//2373 4163//2373
f 4164//2374 4165//2374 4171//2374
f 4171//2375 4170//2375 4164//2375
f 4165//2374 4166//2374 4172//2374
f 4172//2375 4171//2375 4165//2375
f 4166//2374 4167//2374 4173//2374
f 4173//2375 4172//2375 4166//2375
f 4167//2375 4168//2375 4174//2375
f 4174//2374 4173//2374 4167//2374
f 4168//2374 4169//2374 4175//2374
f 4175//2374 4174//2374 4168//2374
f 4169//2374 4070//2374 4074//2374
f 4074//2375 4175//2375 4169//2375
f 4170//2376 4171//2376 4177//2376
f 4177//2376 4176//2376 4170//2376
f 4171//2376 4172//2376 4178//2376
f 4178//2376 4177//2376 4171//2376
f 4172//2376 4173//2376 4179//2376
f 4179//2376 4178//2376 4172//2376
f 4173//2376 4174//2376 4180//2376
f 4180//2376 4179//2376 4173//2376
f 4174//2376 4175//2376 4181//2376
f 4181//2376 4180//2376 4174//2376
f 4175//2376 4074//2376 4078//2376
f 4078//2376 4181//2376 4175//2376
f 4176//2377 4177//2377 4183//2377
f 4183//2377 4182//2377 4176//2377
f 4177//2377 4178//2377 4184//2377
f 4184//2377 4183//2377 4177//2377
f 4178//2377 4179//2377 4185//2377
f 4185//2377 4184//2377 4178//2377
f 4179//2377 4180//2377 4186//2377
f 4186//2377 4185//2377 4179//2377
f 4180//2377 4181//2377 4187//2377
f 4187//2377 4186//2377 4180//2377
f 4181//2377 4078//2377 4082//2377
f 4082//2377 4187//2377 4181//2377
f 4182//2378 4183//2378 4189//2378
f 4189//2378 4188//2378 4182//2378
f 4183//2378 4184//2378 4190//2378
f 4190//2378 4189//2378 4183//2378
f 4184//2378 4185//2378 4191//2378
f 4191//2378 4190//2378 4184//2378
f 4185//2378 4186//2378 4192//2378
f 4192//2378 4191//2378 4185//2378
f 4186//2378 4187//2378 4193//2378
f 4193//2378 4192//2378 4186//2378
f 4187//2378 4082//2378 4086//2378
f 4086//2378 4193//2378 4187//2378
f 4188//2379 4189//2379 4195//2379
f 4195//2379 4194//2379 4188//2379
f 4189//2379 4190//2379 4196//2379
f 4196//2379 4195//2379 4189//2379
f 4190//2379 4191//2379 4197//2379
f 4197//2379 4196//2379 4190//2379
f 4191//2379 4192//2379 4198//2379
f 4198//2379 4197//2379 4191//2379
f 4192//2379 4193//2379 4199//2379
f 4199//2379 4198//2379 4192//2379
f 4193//2379 4086//2379 4090//2379
f 4090//2379 4199//2379 4193//2379
f 4194//2380 4195//2380 4201//2380
f 4201//2380 4200//2380 4194//2380
f 4195//2380 4196//2380 4202//2380
f 4202//2380 4201//2380 4195//2380
f 4196//2380 4197//2380 4203//2380
f 4203//2380 4202//2380 4196//2380
f 4197//2380 4198//2380 4204//2380
f 4204//2380 4203//2380 4197//2380
f 4198//2380 4199//2380 4205//2380
f 4205//2380 4204//2380 4198//2380
f 4199//2380 4090//2380 4094//2380
f 4094//2380 4205//2380 4199//2380
f 4200//2381 4201//2381 4207//2381
f 4207//2381 4206//2381 4200//2381
f 4201//2381 4202//2381 4208//2381
f 4208//2381 4207//2381 4201//2381
f 4202//2381 4203//2381 4209//2381
f 4209//2381 4208//2381 4202//2381
f 4203//2381 4204//2381 4210//2381
f 4210//2381 4209//2381 4203//2381
f 4204//2381 4205//2381 4211//2381
f 4211//2381 4210//2381 4204//2381
f 4205//2381 4094//2381 4098//2381
f 4098//2381 4211//2381 4205//2381
f 4206//2382 4207//2382 4213//2382
f 4213//2382 4212//2382 4206//2382
f 4207//2382 4208//2382 4214//2382
f 4214//2382 4213//2382 4207//2382
f 4208//2382 4209//2382 4215//2382
f 4215//2382 4214//2382 4208//2382
f 4209//2382 4210//2382 4216//2382
f 4216//2382 4215//2382 4209//2382
f 4210//2382 4211//2382 4217//2382
f 4217//2382 4216//2382 4210//2382
f 4211//2382 4098//2382 4102//2382
f 4102//2382 4217//2382 4211//2382
f 4212//2383 4213//2383 4219//2383
f 4219//2383 4218//2383 4212//2383
f 4213//2383 4214//2383 4220//2383
f 4220//2383 4219//2383 4213//2383
f 4214//2383 4215//2383 4221//2383
f 4221//2383 4220//2383 4214//2383
f 4215//2383 4216//2383 4222//2383
f 4222//2383 4221//2383 4215//2383
f 4216//2383 4217//2383 4223//2383
f 4223//2383 4222//2383 4216//2383
f 4217//2383 4102//2383 4106//2383
f 4106//2383 4223//2383 4217//2383
f 4218//2384 4219//2384 4225//2384
f 4225//2384 4224//2384 4218//2384
f 4219//2384 4220//2384 4226//2384
f 4226//2384 4225//2384 4219//2384
f 4220//2384 4221//2384 4227//2384
f 4227//2384 4226//2384 4220//2384
f 4221//2384 4222//2384 4228//2384
f 4228//2384 4227//2384 4221//2384
f 4222//2384 4223//2384 4229//2384
f 4229//2384 4228//2384 4222//2384
f 4223//2384 4106//2384 4110//2384
f 4110//2384 4229//2384 4223//2384
f 4224//2385 4225//2385 4231//2385
f 4231//2385 4230//2385 4224//2385
f 4225//2385 4226//2385 4232//2385
f 4232//2385 4231//2385 4225//2385
f 4226//2385 4227//2385 4233//2385
f 4233//2385 4232//2385 4226//2385
f 4227//2385 4228//2385 4234//2385
f 4234//2385 4233//2385 4227//2385
f 4228//2385 4229//2385 4235//2385
f 4235//2385 4234//2385 4228//2385
f 4229//2385 4110//2385 4114//2385
f 4114//2385 4235//2385 4229//2385
f 4230//2386 4231//2386 4237//2386
f 4237//2386 4236//2386 4230//2386
f 4231//2386 4232//2386 4238//2386
f 4238//2386 4237//2386 4231//2386
f 4232//2386 4233//2386 4239//2386
f 4239//2386 4238//2386 4232//2386
f 4233//2386 4234//2386 4240//2386
f 4240//2386 4239//2386 4233//2386
f 4234//2386 4235//2386 4241//2386
f 4241//2386 4240//2386 4234//2386
f 4235//2386 4114//2386 4118//2386
f 4118//2386 4241//2386 4235//2386
f 4236//2387 4237//2387 4243//2387
f 4243//2387 4242//2387 4236//2387
f 4237//2387 4238//2387 4244//2387
f 4244//2387 4243//2387 4237//2387
f 4238//2387 4239//2387 4245//2387
f 4245//2387 4244//2387 4238//2387
f 4239//2387 4240//2387 4246//2387
f 4246//2387 4245//2387 4239//2387
f 4240//2387 4241//2387 4247//2387
f 4247//2387 4246//2387 4240//2387
f 4241//2387 4118//2387 4122//2387
f 4122//2387 4247//2387 4241//2387
f 4242//2388 4243//2388 4249//2388
f 4249//2388 4248//2388 4242//2388
f 4243//2388 4244//2388 4250//2388
f 4250//2388 4249//2388 4243//2388
f 4244//2388 4245//2388 4251//2388
f 4251//2388 4250//2388 4244//2388
f 4245//2388 4246//2388 4252//2388
f 4252//2388 4251//2388 4245//2388
f 4246//2388 4247//2388 4253//2388
f 4253//2388 4252//2388 4246//2388
f 4247//2388 4122//2388 4126//2388
f 4126//2388 4253//2388 4247//2388
f 4248//2389 4249//2389 4255//2389
f 4255//2389 4254//2389 4248//2389
f 4249//2389 4250//2389 4256//2389
f 4256//2389 4255//2389 4249//2389
f 4250//2389 4251//2389 4257//2389
f 4257//2389 4256//2389 4250//2389
f 4251//2389 4252//2389 4258//2389
f 4258//2389 4257//2389 4251//2389
f 4252//2389 4253//2389 4259//2389
f 4259//2389 4258//2389 4252//2389
f 4253//2389 4126//2389 4130//2389
f 4130//2389 4259//2389 4253//2389
f 4254//2390 4255//2390 4261//2390
f 4261//2390 4260//2390 4254//2390
f 4255//2390 4256//2390 4262//2390
f 4262//2390 4261//2390 4255//2390
f 4256//2390 4257//2390 4263//2390
f 4263//2390 4262//2390 4256//2390
f 4257//2390 4258//2390 4264//2390
f 4264//2390 4263//2390 4257//2390
f 4258//2390 4259//2390 4265//2390
f 4265//2390 4264//2390 4258//2390
f 4259//2390 4130//2390 4134//2390
f 4134//2390 4265//2390 4259//2390
f 4260//2391 4261//2391 4267//2391
f 4267//2391 4266//2391 4260//2391
f 4261//2391 4262//2391 4268//2391
f 4268//2391 4267//2391 4261//2391
f 4262//2391 4263//2391 4269//2391
f 4269//2391 4268//2391 4262//2391
f 4263//2391 4264//2391 4270//2391
f 4270//2391 4269//2391 4263//2391
f 4264//2391 4265//2391 4271//2391
f 4271//2391 4270//2391 4264//2391
f 4265//2391 4134//2391 4138//2391
f 4138//2391 4271//2391 4265//2391
f 4266//2392 4267//2392 4273//2392
f 4273//2392 4272//2392 4266//2392
f 4267//2392 4268//2392 4274//2392
f 4274//2392 4273//2392 4267//2392
f 4268//2392 4269//2392 4275//2392
f 4275//2392 4274//2392 4268//2392
f 4269//2392 4270//2392 4276//2392
f 4276//2392 4275//2392 4269//2392
f 4270//2392 4271//2392 4277//2392
f 4277//2392 4276//2392 4270//2392
f 4271//2392 4138//2392 4142//2392
f 4142//2392 4277//2392 4271//2392
f 4272//2393 4273//2393 1913//2393
f 1913//2393 1908//2393 4272//2393
f 4273//2393 4274//2393 1920//2393
f 1920//2393 1913//2393 4273//2393
f 4274//2393 4275//2393 1937//2393
f 1937//2393 1920//2393 4274//2393
f 4275//2393 4276//2393 1959//2393
f 1959//2393 1937//2393 4275//2393
f 4276//2393 4277//2393 1984//2393
f 1984//2393 1959//2393 4276//2393
f 4277//2393 4142//2393 2023//2393
f 2023//2393 1984//2393 4277//2393
f 590//2394 567//2394 4279//2394
f 4279//2395 4278//2395 590//2395
f 567//2396 556//2396 4280//2396
f 4280//2397 4279//2397 567//2397
f 556//2398 555//2398 4281//2398
f 4281//2399 4280//2399 556//2399
f 555//2400 554//2400 4146//2400
f 4146//2401 4281//2401 555//2401
f 4278//2402 4279//2402 4283//2402
f 4283//2403 4282//2403 4278//2403
f 4279//2404 4280//2404 4284//2404
f 4284//2405 4283//2405 4279//2405
f 4280//2406 4281//2406 4285//2406
f 4285//2407 4284//2407 4280//2407
f 4281//2408 4146//2408 4152//2408
f 4152//2409 4285//2409 4281//2409
f 4282//2410 4283//2410 4287//2410
f 4287//2411 4286//2411 4282//2411
f 4283//2412 4284//2412 4288//2412
f 4288//2413 4287//2413 4283//2413
f 4284//2414 4285//2414 4289//2414
f 4289//2415 4288//2415 4284//2415
f 4285//2416 4152//2416 4158//2416
f 4158//2417 4289//2417 4285//2417
f 4286//2418 4287//2418 4291//2418
f 4291//2418 4290//2418 4286//2418
f 4287//2419 4288//2419 4292//2419
f 4292//2420 4291//2420 4287//2420
f 4288//2421 4289//2421 4293//2421
f 4293//2422 4292//2422 4288//2422
f 4289//2423 4158//2423 4164//2423
f 4164//2424 4293//2424 4289//2424
f 4290//2425 4291//2425 4295//2425
f 4295//2426 4294//2426 4290//2426
f 4291//2427 4292//2427 4296//2427
f 4296//2428 4295//2428 4291//2428
f 4292//2429 4293//2429 4297//2429
f 4297//2430 4296//2430 4292//2430
f 4293//2431 4164//2431 4170//2431
f 4170//2432 4297//2432 4293//2432
f 4294//2433 4295//2433 4299//2433
f 4299//2434 4298//2434 4294//2434
f 4295//2435 4296//2435 4300//2435
f 4300//2436 4299//2436 4295//2436
f 4296//2437 4297//2437 4301//2437
f 4301//2438 4300//2438 4296//2438
f 4297//2439 4170//2439 4176//2439
f 4176//2440 4301//2440 4297//2440
f 4298//2441 4299//2441 4303//2441
f 4303//2441 4302//2441 4298//2441
f 4299//2442 4300//2442 4304//2442
f 4304//2443 4303//2443 4299//2443
f 4300//2444 4301//2444 4305//2444
f 4305//2445 4304//2445 4300//2445
f 4301//2446 4176//2446 4182//2446
f 4182//2447 4305//2447 4301//2447
f 4302//2448 4303//2448 4307//2448
f 4307//2449 4306//2449 4302//2449
f 4303//2450 4304//2450 4308//2450
f 4308//2451 4307//2451 4303//2451
f 4304//2452 4305//2452 4309//2452
f 4309//2453 4308//2453 4304//2453
f 4305//2454 4182//2454 4188//2454
f 4188//2455 4309//2455 4305//2455
f 4306//2456 4307//2456 4311//2456
f 4311//2456 4310//2456 4306//2456
f 4307//2457 4308//2457 4312//2457
f 4312//2458 4311//2458 4307//2458
f 4308//2459 4309//2459 4313//2459
f 4313//2460 4312//2460 4308//2460
f 4309//2461 4188//2461 4194//2461
f 4194//2462 4313//2462 4309//2462
f 4310//2463 4311//2463 4315//2463
f 4315//2464 4314//2464 4310//2464
f 4311//2465 4312//2465 4316//2465
f 4316//2466 4315//2466 4311//2466
f 4312//2467 4313//2467 4317//2467
f 4317//2468 4316//2468 4312//2468
f 4313//2469 4194//2469 4200//2469
f 4200//2470 4317//2470 4313//2470
f 4314//2471 4315//2471 4319//2471
f 4319//2472 4318//2472 4314//2472
f 4315//2473 4316//2473 4320//2473
f 4320//2474 4319//2474 4315//2474
f 4316//2475 4317//2475 4321//2475
f 4321//2476 4320//2476 4316//2476
f 4317//2477 4200//2477 4206//2477
f 4206//2478 4321//2478 4317//2478
f 4318//2479 4319//2479 4323//2479
f 4323//2480 4322//2480 4318//2480
f 4319//2481 4320//2481 4324//2481
f 4324//2482 4323//2482 4319//2482
f 4320//2483 4321//2483 4325//2483
f 4325//2484 4324//2484 4320//2484
f 4321//2485 4206//2485 4212//2485
f 4212//2486 4325//2486 4321//2486
f 4322//2487 4323//2487 4327//2487
f 4327//2488 4326//2488 4322//2488
f 4323//2489 4324//2489 4328//2489
f 4328//2490 4327//2490 4323//2490
f 4324//2491 4325//2491 4329//2491
f 4329//2492 4328//2492 4324//2492
f 4325//2493 4212//2493 4218//2493
f 4218//2494 4329//2494 4325//2494
f 4326//2495 4327//2495 4331//2495
f 4331//2495 4330//2495 4326//2495
f 4327//2496 4328//2496 4332//2496
f 4332//2497 4331//2497 4327//2497
f 4328//2498 4329//2498 4333//2498
f 4333//2499 4332//2499 4328//2499
f 4329//2500 4218//2500 4224//2500
f 4224//2501 4333//2501 4329//2501
f 4330//2502 4331//2502 4335//2502
f 4335//2503 4334//2503 4330//2503
f 4331//2504 4332//2504 4336//2504
f 4336//2505 4335//2505 4331//2505
f 4332//2506 4333//2506 4337//2506
f 4337//2507 4336//2507 4332//2507
f 4333//2508 4224//2508 4230//2508
f 4230//2509 4337//2509 4333//2509
f 4334//2510 4335//2510 4339//2510
f 4339//2511 4338//2511 4334//2511
f 4335//2512 4336//2512 4340//2512
f 4340//2513 4339//2513 4335//2513
f 4336//2514 4337//2514 4341//2514
f 4341//2515 4340//2515 4336//2515
f 4337//2516 4230//2516 4236//2516
f 4236//2517 4341//2517 4337//2517
f 4338//2518 4339//2518 4343//2518
f 4343//2519 4342//2519 4338//2519
f 4339//2520 4340//2520 4344//2520
f 4344//2521 4343//2521 4339//2521
f 4340//2522 4341//2522 4345//2522
f 4345//2523 4344//2523 4340//2523
f 4341//2524 4236//2524 4242//2524
f 4242//2525 4345//2525 4341//2525
f 4342//2526 4343//2526 4347//2526
f 4347//2527 4346//2527 4342//2527
f 4343//2528 4344//2528 4348//2528
f 4348//2529 4347//2529 4343//2529
f 4344//2530 4345//2530 4349//2530
f 4349//2531 4348//2531 4344//2531
f 4345//2532 4242//2532 4248//2532
f 4248//2533 4349//2533 4345//2533
f 4346//2534 4347//2534 4351//2534
f 4351//2534 4350//2534 4346//2534
f 4347//2535 4348//2535 4352//2535
f 4352//2536 4351//2536 4347//2536
f 4348//2537 4349//2537 4353//2537
f 4353//2538 4352//2538 4348//2538
f 4349//2539 4248//2539 4254//2539
f 4254//2540 4353//2540 4349//2540
f 4350//2541 4351//2541 4355//2541
f 4355//2542 4354//2542 4350//2542
f 4351//2543 4352//2543 4356//2543
f 4356//2544 4355//2544 4351//2544
f 4352//2545 4353//2545 4357//2545
f 4357//2545 4356//2545 4352//2545
f 4353//2546 4254//2546 4260//2546
f 4260//2546 4357//2546 4353//2546
f 4354//2547 4355//2547 4359//2547
f 4359//2547 4358//2547 4354//2547
f 4355//2548 4356//2548 4360//2548
f 4360//2548 4359//2548 4355//2548
f 4356//2549 4357//2549 4361//2549
f 4361//2550 4360//2550 4356//2550
f 4357//2551 4260//2551 4266//2551
f 4266//2552 4361//2552 4357//2552
f 4358//2553 4359//2553 4363//2553
f 4363//2553 4362//2553 4358//2553
f 4359//2554 4360//2554 4364//2554
f 4364//2555 4363//2555 4359//2555
f 4360//2556 4361//2556 4365//2556
f 4365//2556 4364//2556 4360//2556
f 4361//2557 4266//2557 4272//2557
f 4272//2557 4365//2557 4361//2557
f 4362//2558 4363//2558 1919//2558
f 1919//2558 1928//2558 4362//2558
f 4363//2559 4364//2559 1919//2559
f 1912//2560 1919//2560 4364//2560
f 4364//2561 4365//2561 1912//2561
f 1907//2562 1912//2562 4365//2562
f 4365//2563 4272//2563 1907//2563
f 1908//2564 1907//2564 4272//2564
f 1993//976 4366//976 4388//976
f 4388//976 1973//976 1993//976
f 4366//976 4367//976 4388//976
f 4389//976 4388//976 4367//976
f 4367//976 4368//976 4389//976
f 4390//976 4389//976 4368//976
f 4368//976 4369//976 4390//976
f 4391//976 4390//976 4369//976
f 4369//976 4370//976 4391//976
f 4392//976 4391//976 4370//976
f 4370//976 4371//976 4392//976
f 4393//976 4392//976 4371//976
f 4371//976 4372//976 4393//976
f 4394//976 4393//976 4372//976
f 4372//976 4373//976 4394//976
f 4395//976 4394//976 4373//976
f 4373//976 4374//976 4395//976
f 4396//976 4395//976 4374//976
f 4374//976 4375//976 4396//976
f 4397//976 4396//976 4375//976
f 4375//976 4376//976 4397//976
f 4398//976 4397//976 4376//976
f 4376//976 4377//976 4398//976
f 4399//976 4398//976 4377//976
f 4377//976 4378//976 4399//976
f 4400//976 4399//976 4378//976
f 4378//976 4379//976 4400//976
f 4401//976 4400//976 4379//976
f 4379//976 4380//976 4401//976
f 4402//976 4401//976 4380//976
f 4380//976 4381//976 4402//976
f 4403//976 4402//976 4381//976
f 4381//976 4382//976 4403//976
f 4404//976 4403//976 4382//976
f 4382//976 4383//976 4404//976
f 4405//976 4404//976 4383//976
f 4383//976 4384//976 4405//976
f 4406//976 4405//976 4384//976
f 4384//976 4385//976 4406//976
f 4407//976 4406//976 4385//976
f 4385//976 4386//976 4407//976
f 4408//976 4407//976 4386//976
f 4386//976 4387//976 4408//976
f 4409//976 4408//976 4387//976
f 4387//976 767//976 4409//976
f 734//976 4409//976 767//976
f 1973//976 4388//976 4410//976
f 4410//976 1950//976 1973//976
f 4388//976 4389//976 4410//976
f 4411//976 4410//976 4389//976
f 4389//976 4390//976 4411//976
f 4412//976 4411//976 4390//976
f 4390//976 4391//976 4412//976
f 4413//976 4412//976 4391//976
f 4391//976 4392//976 4413//976
f 4414//976 4413//976 4392//976
f 4392//976 4393//976 4414//976
f 4415//976 4414//976 4393//976
f 4393//976 4394//976 4415//976
f 4416//976 4415//976 4394//976
f 4394//976 4395//976 4416//976
f 4417//976 4416//976 4395//976
f 4395//976 4396//976 4417//976
f 4418//976 4417//976 4396//976
f 4396//976 4397//976 4418//976
f 4419//976 4418//976 4397//976
f 4397//976 4398//976 4419//976
f 4420//976 4419//976 4398//976
f 4398//976 4399//976 4420//976
f 4421//976 4420//976 4399//976
f 4399//976 4400//976 4421//976
f 4422//976 4421//976 4400//976
f 4400//976 4401//976 4422//976
f 4423//976 4422//976 4401//976
f 4401//976 4402//976 4423//976
f 4424//976 4423//976 4402//976
f 4402//976 4403//976 4424//976
f 4425//976 4424//976 4403//976
f 4403//976 4404//976 4425//976
f 4426//976 4425//976 4404//976
f 4404//976 4405//976 4426//976
f 4427//976 4426//976 4405//976
f 4405//976 4406//976 4427//976
f 4428//976 4427//976 4406//976
f 4406//976 4407//976 4428//976
f 4429//976 4428//976 4407//976
f 4407//976 4408//976 4429//976
f 4430//976 4429//976 4408//976
f 4408//976 4409//976 4430//976
f 4431//976 4430//976 4409//976
f 4409//976 734//976 4431//976
f 699//976 4431//976 734//976
f 1950//976 4410//976 4432//976
f 4432//976 1949//976 1950//976
f 4410//976 4411//976 4432//976
f 4433//976 4432//976 4411//976
f 4411//976 4412//976 4433//976
f 4434//976 4433//976 4412//976
f 4412//976 4413//976 4434//976
f 4435//976 4434//976 4413//976
f 4413//976 4414//976 4435//976
f 4436//976 4435//976 4414//976
f 4414//976 4415//976 4436//976
f 4437//976 4436//976 4415//976
f 4415//976 4416//976 4437//976
f 4438//976 4437//976 4416//976
f 4416//976 4417//976 4438//976
f 4439//976 4438//976 4417//976
f 4417//976 4418//976 4439//976
f 4440//976 4439//976 4418//976
f 4418//976 4419//976 4440//976
f 4441//976 4440//976 4419//976
f 4419//976 4420//976 4441//976
f 4442//976 4441//976 4420//976
f 4420//976 4421//976 4442//976
f 4443//976 4442//976 4421//976
f 4421//976 4422//976 4443//976
f 4444//976 4443//976 4422//976
f 4422//976 4423//976 4444//976
f 4445//976 4444//976 4423//976
f 4423//976 4424//976 4445//976
f 4446//976 4445//976 4424//976
f 4424//976 4425//976 4446//976
f 4447//976 4446//976 4425//976
f 4425//976 4426//976 4447//976
f 4448//976 4447//976 4426//976
f 4426//976 4427//976 4448//976
f 4449//976 4448//976 4427//976
f 4427//976 4428//976 4449//976
f 4450//976 4449//976 4428//976
f 4428//976 4429//976 4450//976
f 4451//976 4450//976 4429//976
f 4429//976 4430//976 4451//976
f 4452//976 4451//976 4430//976
f 4430//976 4431//976 4452//976
f 4453//976 4452//976 4431//976
f 4431//976 699//976 4453//976
f 663//976 4453//976 699//976
f 1949//976 4432//976 4454//976
f 4454//976 1948//976 1949//976
f 4432//976 4433//976 4454//976
f 4455//976 4454//976 4433//976
f 4433//976 4434//976 4455//976
f 4456//976 4455//976 4434//976
f 4434//976 4435//976 4456//976
f 4457//976 4456//976 4435//976
f 4435//976 4436//976 4457//976
f 4458//976 4457//976 4436//976
f 4436//976 4437//976 4458//976
f 4459//976 4458//976 4437//976
f 4437//976 4438//976 4459//976
f 4460//976 4459//976 4438//976
f 4438//976 4439//976 4460//976
f 4461//976 4460//976 4439//976
f 4439//976 4440//976 4461//976
f 4462//976 4461//976 4440//976
f 4440//976 4441//976 4462//976
f 4463//976 4462//976 4441//976
f 4441//976 4442//976 4463//976
f 4464//976 4463//976 4442//976
f 4442//976 4443//976 4464//976
f 4465//976 4464//976 4443//976
f 4443//976 4444//976 4465//976
f 4466//976 4465//976 4444//976
f 4444//976 4445//976 4466//976
f 4467//976 4466//976 4445//976
f 4445//976 4446//976 4467//976
f 4468//976 4467//976 4446//976
f 4446//976 4447//976 4468//976
f 4469//976 4468//976 4447//976
f 4447//976 4448//976 4469//976
f 4470//976 4469//976 4448//976
f 4448//976 4449//976 4470//976
f 4471//976 4470//976 4449//976
f 4449//976 4450//976 4471//976
f 4472//976 4471//976 4450//976
f 4450//976 4451//976 4472//976
f 4473//976 4472//976 4451//976
f 4451//976 4452//976 4473//976
f 4474//976 4473//976 4452//976
f 4452//976 4453//976 4474//976
f 4475//976 4474//976 4453//976
f 4453//976 663//976 4475//976
f 636//976 4475//976 663//976
f 1948//976 4454//976 4476//976
f 4476//976 1947//976 1948//976
f 4454//976 4455//976 4476//976
f 4477//976 4476//976 4455//976
f 4455//976 4456//976 4477//976
f 4478//976 4477//976 4456//976
f 4456//976 4457//976 4478//976
f 4479//976 4478//976 4457//976
f 4457//976 4458//976 4479//976
f 4480//976 4479//976 4458//976
f 4458//976 4459//976 4480//976
f 4481//976 4480//976 4459//976
f 4459//976 4460//976 4481//976
f 4482//976 4481//976 4460//976
f 4460//976 4461//976 4482//976
f 4483//976 4482//976 4461//976
f 4461//976 4462//976 4483//976
f 4484//976 4483//976 4462//976
f 4462//976 4463//976 4484//976
f 4485//976 4484//976 4463//976
f 4463//976 4464//976 4485//976
f 4486//976 4485//976 4464//976
f 4464//976 4465//976 4486//976
f 4487//976 4486//976 4465//976
f 4465//976 4466//976 4487//976
f 4488//976 4487//976 4466//976
f 4466//976 4467//976 4488//976
f 4489//976 4488//976 4467//976
f 4467//976 4468//976 4489//976
f 4490//976 4489//976 4468//976
f 4468//976 4469//976 4490//976
f 4491//976 4490//976 4469//976
f 4469//976 4470//976 4491//976
f 4492//976 4491//976 4470//976
f 4470//976 4471//976 4492//976
f 4493//976 4492//976 4471//976
f 4471//976 4472//976 4493//976
f 4494//976 4493//976 4472//976
f 4472//976 4473//976 4494//976
f 4495//976 4494//976 4473//976
f 4473//976 4474//976 4495//976
f 4496//976 4495//976 4474//976
f 4474//976 4475//976 4496//976
f 4497//976 4496//976 4475//976
f 4475//976 636//976 4497//976
f 613//976 4497//976 636//976
f 1947//976 4476//976 4362//976
f 4362//976 1928//976 1947//976
f 4476//976 4477//976 4358//976
f 4358//976 4362//976 4476//976
f 4477//976 4478//976 4354//976
f 4354//976 4358//976 4477//976
f 4478//976 4479//976 4350//976
f 4350//976 4354//976 4478//976
f 4479//976 4480//976 4346//976
f 4346//976 4350//976 4479//976
f 4480//976 4481//976 4342//976
f 4342//976 4346//976 4480//976
f 4481//976 4482//976 4338//976
f 4338//976 4342//976 4481//976
f 4482//976 4483//976 4334//976
f 4334//976 4338//976 4482//976
f 4483//976 4484//976 4330//976
f 4330//976 4334//976 4483//976
f 4484//976 4485//976 4326//976
f 4326//976 4330//976 4484//976
f 4485//976 4486//976 4322//976
f 4322//976 4326//976 4485//976
f 4486//976 4487//976 4318//976
f 4318//976 4322//976 4486//976
f 4487//976 4488//976 4314//976
f 4314//976 4318//976 4487//976
f 4488//976 4489//976 4310//976
f 4310//976 4314//976 4488//976
f 4489//976 4490//976 4306//976
f 4306//976 4310//976 4489//976
f 4490//976 4491//976 4302//976
f 4302//976 4306//976 4490//976
f 4491//976 4492//976 4298//976
f 4298//976 4302//976 4491//976
f 4492//976 4493//976 4294//976
f 4294//976 4298//976 4492//976
f 4493//976 4494//976 4290//976
f 4290//976 4294//976 4493//976
f 4494//976 4495//976 4286//976
f 4286//976 4290//976 4494//976
f 4495//976 4496//976 4282//976
f 4282//976 4286//976 4495//976
f 4496//976 4497//976 4278//976
f 4278//976 4282//976 4496//976
f 4497//976 613//976 590//976
f 590//976 4278//976 4497//976
f 1975//2565 4498//2565 4520//2565
f 4520//2565 1989//2565 1975//2565
f 4498//2566 4499//2566 4521//2566
f 4521//2566 4520//2566 4498//2566
f 4499//2567 4500//2567 4522//2567
f 4522//2567 4521//2567 4499//2567
f 4500//2568 4501//2568 4523//2568
f 4523//2568 4522//2568 4500//2568
f 4501//2569 4502//2569 4524//2569
f 4524//2570 4523//2570 4501//2570
f 4502//2571 4503//2571 4525//2571
f 4525//2571 4524//2571 4502//2571
f 4503//2572 4504//2572 4526//2572
f 4526//2572 4525//2572 4503//2572
f 4504//2573 4505//2573 4527//2573
f 4527//2574 4526//2574 4504//2574
f 4505//2575 4506//2575 4528//2575
f 4528//2576 4527//2576 4505//2576
f 4506//2577 4507//2577 4529//2577
f 4529//2578 4528//2578 4506//2578
f 4507//2579 4508//2579 4530//2579
f 4530//2579 4529//2579 4507//2579
f 4508//2580 4509//2580 4531//2580
f 4531//2581 4530//2581 4508//2581
f 4509//2582 4510//2582 4532//2582
f 4532//2582 4531//2582 4509//2582
f 4510//2583 4511//2583 4533//2583
f 4533//2584 4532//2584 4510//2584
f 4511//2585 4512//2585 4534//2585
f 4534//2586 4533//2586 4511//2586
f 4512//2587 4513//2587 4535//2587
f 4535//2588 4534//2588 4512//2588
f 4513//2589 4514//2589 4536//2589
f 4536//2589 4535//2589 4513//2589
f 4514//2590 4515//2590 4537//2590
f 4537//2591 4536//2591 4514//2591
f 4515//2592 4516//2592 4538//2592
f 4538//2593 4537//2593 4515//2593
f 4516//2594 4517//2594 4539//2594
f 4539//2595 4538//2595 4516//2595
f 4517//2596 4518//2596 4540//2596
f 4540//2597 4539//2597 4517//2597
f 4518//2598 4519//2598 4541//2598
f 4541//2599 4540//2599 4518//2599
f 4519//2600 1038//2600 4541//2600
f 1029//2601 4541//2601 1038//2601
f 1989//2602 4520//2602 4542//2602
f 4542//2602 1990//2602 1989//2602
f 4520//2603 4521//2603 4543//2603
f 4543//2604 4542//2604 4520//2604
f 4521//2605 4522//2605 4544//2605
f 4544//2606 4543//2606 4521//2606
f 4522//2607 4523//2607 4545//2607
f 4545//2608 4544//2608 4522//2608
f 4523//2609 4524//2609 4546//2609
f 4546//2610 4545//2610 4523//2610
f 4524//2611 4525//2611 4547//2611
f 4547//2612 4546//2612 4524//2612
f 4525//2613 4526//2613 4548//2613
f 4548//2614 4547//2614 4525//2614
f 4526//2615 4527//2615 4549//2615
f 4549//2616 4548//2616 4526//2616
f 4527//2617 4528//2617 4550//2617
f 4550//2618 4549//2618 4527//2618
f 4528//2619 4529//2619 4551//2619
f 4551//2620 4550//2620 4528//2620
f 4529//2621 4530//2621 4552//2621
f 4552//2622 4551//2622 4529//2622
f 4530//2623 4531//2623 4553//2623
f 4553//2624 4552//2624 4530//2624
f 4531//2625 4532//2625 4554//2625
f 4554//2626 4553//2626 4531//2626
f 4532//2627 4533//2627 4555//2627
f 4555//2628 4554//2628 4532//2628
f 4533//2629 4534//2629 4556//2629
f 4556//2630 4555//2630 4533//2630
f 4534//2631 4535//2631 4557//2631
f 4557//2632 4556//2632 4534//2632
f 4535//2633 4536//2633 4558//2633
f 4558//2634 4557//2634 4535//2634
f 4536//2635 4537//2635 4559//2635
f 4559//2636 4558//2636 4536//2636
f 4537//2637 4538//2637 4560//2637
f 4560//2638 4559//2638 4537//2638
f 4538//2639 4539//2639 4561//2639
f 4561//2640 4560//2640 4538//2640
f 4539//2641 4540//2641 4562//2641
f 4562//2642 4561//2642 4539//2642
f 4540//2643 4541//2643 4563//2643
f 4563//2644 4562//2644 4540//2644
f 4541//2645 1029//2645 4563//2645
f 1018//2646 4563//2646 1029//2646
f 1990//2647 4542//2647 4564//2647
f 4564//2647 1991//2647 1990//2647
f 4542//2648 4543//2648 4565//2648
f 4565//2649 4564//2649 4542//2649
f 4543//2650 4544//2650 4566//2650
f 4566//2650 4565//2650 4543//2650
f 4544//2651 4545//2651 4567//2651
f 4567//2652 4566//2652 4544//2652
f 4545//2653 4546//2653 4568//2653
f 4568//2654 4567//2654 4545//2654
f 4546//2655 4547//2655 4569//2655
f 4569//2656 4568//2656 4546//2656
f 4547//2657 4548//2657 4570//2657
f 4570//2658 4569//2658 4547//2658
f 4548//2659 4549//2659 4571//2659
f 4571//2660 4570//2660 4548//2660
f 4549//2661 4550//2661 4572//2661
f 4572//2662 4571//2662 4549//2662
f 4550//2663 4551//2663 4573//2663
f 4573//2664 4572//2664 4550//2664
f 4551//2665 4552//2665 4574//2665
f 4574//2666 4573//2666 4551//2666
f 4552//2667 4553//2667 4575//2667
f 4575//2668 4574//2668 4552//2668
f 4553//2669 4554//2669 4576//2669
f 4576//2670 4575//2670 4553//2670
f 4554//2671 4555//2671 4577//2671
f 4577//2672 4576//2672 4554//2672
f 4555//2673 4556//2673 4578//2673
f 4578//2674 4577//2674 4555//2674
f 4556//2675 4557//2675 4579//2675
f 4579//2676 4578//2676 4556//2676
f 4557//2677 4558//2677 4580//2677
f 4580//2678 4579//2678 4557//2678
f 4558//2679 4559//2679 4581//2679
f 4581//2680 4580//2680 4558//2680
f 4559//2681 4560//2681 4582//2681
f 4582//2682 4581//2682 4559//2682
f 4560//2683 4561//2683 4583//2683
f 4583//2684 4582//2684 4560//2684
f 4561//2685 4562//2685 4584//2685
f 4584//2686 4583//2686 4561//2686
f 4562//2687 4563//2687 4585//2687
f 4585//2688 4584//2688 4562//2688
f 4563//2689 1018//2689 4585//2689
f 1009//2690 4585//2690 1018//2690
f 1991//2691 4564//2691 4586//2691
f 4586//2692 1994//2692 1991//2692
f 4564//2693 4565//2693 4587//2693
f 4587//2694 4586//2694 4564//2694
f 4565//2695 4566//2695 4588//2695
f 4588//2695 4587//2695 4565//2695
f 4566//2696 4567//2696 4589//2696
f 4589//2697 4588//2697 4566//2697
f 4567//2698 4568//2698 4590//2698
f 4590//2699 4589//2699 4567//2699
f 4568//2700 4569//2700 4591//2700
f 4591//2701 4590//2701 4568//2701
f 4569//2702 4570//2702 4592//2702
f 4592//2703 4591//2703 4569//2703
f 4570//2704 4571//2704 4593//2704
f 4593//2705 4592//2705 4570//2705
f 4571//2706 4572//2706 4594//2706
f 4594//2707 4593//2707 4571//2707
f 4572//2708 4573//2708 4595//2708
f 4595//2709 4594//2709 4572//2709
f 4573//2710 4574//2710 4596//2710
f 4596//2711 4595//2711 4573//2711
f 4574//2712 4575//2712 4597//2712
f 4597//2713 4596//2713 4574//2713
f 4575//2714 4576//2714 4598//2714
f 4598//2715 4597//2715 4575//2715
f 4576//2716 4577//2716 4599//2716
f 4599//2717 4598//2717 4576//2717
f 4577//2718 4578//2718 4600//2718
f 4600//2719 4599//2719 4577//2719
f 4578//2720 4579//2720 4601//2720
f 4601//2721 4600//2721 4578//2721
f 4579//2722 4580//2722 4602//2722
f 4602//2723 4601//2723 4579//2723
f 4580//2724 4581//2724 4603//2724
f 4603//2725 4602//2725 4580//2725
f 4581//2726 4582//2726 4604//2726
f 4604//2727 4603//2727 4581//2727
f 4582//2728 4583//2728 4605//2728
f 4605//2729 4604//2729 4582//2729
f 4583//2730 4584//2730 4606//2730
f 4606//2731 4605//2731 4583//2731
f 4584//2732 4585//2732 4607//2732
f 4607//2733 4606//2733 4584//2733
f 4585//2734 1009//2734 4607//2734
f 999//2735 4607//2735 1009//2735
f 1994//2736 4586//2736 4608//2736
f 4608//2737 1996//2737 1994//2737
f 4586//2738 4587//2738 4609//2738
f 4609//2739 4608//2739 4586//2739
f 4587//2740 4588//2740 4610//2740
f 4610//2741 4609//2741 4587//2741
f 4588//2742 4589//2742 4611//2742
f 4611//2742 4610//2742 4588//2742
f 4589//2743 4590//2743 4612//2743
f 4612//2744 4611//2744 4589//2744
f 4590//2745 4591//2745 4613//2745
f 4613//2746 4612//2746 4590//2746
f 4591//2747 4592//2747 4614//2747
f 4614//2748 4613//2748 4591//2748
f 4592//2749 4593//2749 4615//2749
f 4615//2750 4614//2750 4592//2750
f 4593//2751 4594//2751 4616//2751
f 4616//2752 4615//2752 4593//2752
f 4594//2753 4595//2753 4617//2753
f 4617//2754 4616//2754 4594//2754
f 4595//2755 4596//2755 4618//2755
f 4618//2756 4617//2756 4595//2756
f 4596//2757 4597//2757 4619//2757
f 4619//2758 4618//2758 4596//2758
f 4597//2759 4598//2759 4620//2759
f 4620//2760 4619//2760 4597//2760
f 4598//2761 4599//2761 4621//2761
f 4621//2762 4620//2762 4598//2762
f 4599//2763 4600//2763 4622//2763
f 4622//2764 4621//2764 4599//2764
f 4600//2765 4601//2765 4623//2765
f 4623//2766 4622//2766 4600//2766
f 4601//2767 4602//2767 4624//2767
f 4624//2768 4623//2768 4601//2768
f 4602//2769 4603//2769 4625//2769
f 4625//2770 4624//2770 4602//2770
f 4603//2771 4604//2771 4626//2771
f 4626//2772 4625//2772 4603//2772
f 4604//2773 4605//2773 4627//2773
f 4627//2774 4626//2774 4604//2774
f 4605//2775 4606//2775 4628//2775
f 4628//2776 4627//2776 4605//2776
f 4606//2777 4607//2777 4629//2777
f 4629//2778 4628//2778 4606//2778
f 4607//2779 999//2779 4629//2779
f 989//2780 4629//2780 999//2780
f 1996//2781 4608//2781 4630//2781
f 4630//2782 1998//2782 1996//2782
f 4608//2783 4609//2783 4631//2783
f 4631//2784 4630//2784 4608//2784
f 4609//2785 4610//2785 4632//2785
f 4632//2786 4631//2786 4609//2786
f 4610//2787 4611//2787 4633//2787
f 4633//2788 4632//2788 4610//2788
f 4611//2789 4612//2789 4634//2789
f 4634//2790 4633//2790 4611//2790
f 4612//2791 4613//2791 4635//2791
f 4635//2792 4634//2792 4612//2792
f 4613//2793 4614//2793 4636//2793
f 4636//2794 4635//2794 4613//2794
f 4614//2795 4615//2795 4637//2795
f 4637//2796 4636//2796 4614//2796
f 4615//2797 4616//2797 4638//2797
f 4638//2798 4637//2798 4615//2798
f 4616//2799 4617//2799 4639//2799
f 4639//2800 4638//2800 4616//2800
f 4617//2801 4618//2801 4640//2801
f 4640//2802 4639//2802 4617//2802
f 4618//2803 4619//2803 4641//2803
f 4641//2804 4640//2804 4618//2804
f 4619//2805 4620//2805 4642//2805
f 4642//2806 4641//2806 4619//2806
f 4620//2807 4621//2807 4643//2807
f 4643//2808 4642//2808 4620//2808
f 4621//2809 4622//2809 4644//2809
f 4644//2810 4643//2810 4621//2810
f 4622//2811 4623//2811 4645//2811
f 4645//2812 4644//2812 4622//2812
f 4623//2813 4624//2813 4646//2813
f 4646//2814 4645//2814 4623//2814
f 4624//2815 4625//2815 4647//2815
f 4647//2816 4646//2816 4624//2816
f 4625//2817 4626//2817 4648//2817
f 4648//2818 4647//2818 4625//2818
f 4626//2819 4627//2819 4649//2819
f 4649//2820 4648//2820 4626//2820
f 4627//2821 4628//2821 4650//2821
f 4650//2822 4649//2822 4627//2822
f 4628//2823 4629//2823 4651//2823
f 4651//2824 4650//2824 4628//2824
f 4629//2825 989//2825 4651//2825
f 977//2826 4651//2826 989//2826
f 1998//2827 4630//2827 4652//2827
f 4652//2828 2000//2828 1998//2828
f 4630//2829 4631//2829 4653//2829
f 4653//2830 4652//2830 4630//2830
f 4631//2831 4632//2831 4654//2831
f 4654//2832 4653//2832 4631//2832
f 4632//2833 4633//2833 4655//2833
f 4655//2834 4654//2834 4632//2834
f 4633//2835 4634//2835 4656//2835
f 4656//2836 4655//2836 4633//2836
f 4634//2837 4635//2837 4657//2837
f 4657//2838 4656//2838 4634//2838
f 4635//2839 4636//2839 4658//2839
f 4658//2840 4657//2840 4635//2840
f 4636//2841 4637//2841 4659//2841
f 4659//2842 4658//2842 4636//2842
f 4637//2843 4638//2843 4660//2843
f 4660//2844 4659//2844 4637//2844
f 4638//2845 4639//2845 4661//2845
f 4661//2846 4660//2846 4638//2846
f 4639//2847 4640//2847 4662//2847
f 4662//2848 4661//2848 4639//2848
f 4640//2849 4641//2849 4663//2849
f 4663//2850 4662//2850 4640//2850
f 4641//2851 4642//2851 4664//2851
f 4664//2852 4663//2852 4641//2852
f 4642//2853 4643//2853 4665//2853
f 4665//2854 4664//2854 4642//2854
f 4643//2855 4644//2855 4666//2855
f 4666//2856 4665//2856 4643//2856
f 4644//2857 4645//2857 4667//2857
f 4667//2858 4666//2858 4644//2858
f 4645//2859 4646//2859 4668//2859
f 4668//2860 4667//2860 4645//2860
f 4646//2861 4647//2861 4669//2861
f 4669//2862 4668//2862 4646//2862
f 4647//2863 4648//2863 4670//2863
f 4670//2864 4669//2864 4647//2864
f 4648//2865 4649//2865 4671//2865
f 4671//2866 4670//2866 4648//2866
f 4649//2867 4650//2867 4672//2867
f 4672//2868 4671//2868 4649//2868
f 4650//2869 4651//2869 4673//2869
f 4673//2870 4672//2870 4650//2870
f 4651//2871 977//2871 4673//2871
f 966//2872 4673//2872 977//2872
f 2000//2873 4652//2873 4674//2873
f 4674//2874 2002//2874 2000//2874
f 4652//2875 4653//2875 4675//2875
f 4675//2876 4674//2876 4652//2876
f 4653//2877 4654//2877 4676//2877
f 4676//2878 4675//2878 4653//2878
f 4654//2879 4655//2879 4677//2879
f 4677//2880 4676//2880 4654//2880
f 4655//2881 4656//2881 4678//2881
f 4678//2882 4677//2882 4655//2882
f 4656//2883 4657//2883 4679//2883
f 4679//2884 4678//2884 4656//2884
f 4657//2885 4658//2885 4680//2885
f 4680//2886 4679//2886 4657//2886
f 4658//2887 4659//2887 4681//2887
f 4681//2888 4680//2888 4658//2888
f 4659//2889 4660//2889 4682//2889
f 4682//2890 4681//2890 4659//2890
f 4660//2891 4661//2891 4683//2891
f 4683//2892 4682//2892 4660//2892
f 4661//2893 4662//2893 4684//2893
f 4684//2894 4683//2894 4661//2894
f 4662//2895 4663//2895 4685//2895
f 4685//2896 4684//2896 4662//2896
f 4663//2897 4664//2897 4686//2897
f 4686//2898 4685//2898 4663//2898
f 4664//2899 4665//2899 4687//2899
f 4687//2900 4686//2900 4664//2900
f 4665//2901 4666//2901 4688//2901
f 4688//2902 4687//2902 4665//2902
f 4666//2903 4667//2903 4689//2903
f 4689//2904 4688//2904 4666//2904
f 4667//2905 4668//2905 4690//2905
f 4690//2906 4689//2906 4667//2906
f 4668//2907 4669//2907 4691//2907
f 4691//2908 4690//2908 4668//2908
f 4669//2909 4670//2909 4692//2909
f 4692//2910 4691//2910 4669//2910
f 4670//2911 4671//2911 4693//2911
f 4693//2912 4692//2912 4670//2912
f 4671//2913 4672//2913 4694//2913
f 4694//2914 4693//2914 4671//2914
f 4672//2915 4673//2915 4695//2915
f 4695//2916 4694//2916 4672//2916
f 4673//2917 966//2917 4695//2917
f 955//2918 4695//2918 966//2918
f 2002//2919 4674//2919 4696//2919
f 4696//2920 2004//2920 2002//2920
f 4674//2921 4675//2921 4697//2921
f 4697//2922 4696//2922 4674//2922
f 4675//2923 4676//2923 4698//2923
f 4698//2924 4697//2924 4675//2924
f 4676//2925 4677//2925 4699//2925
f 4699//2926 4698//2926 4676//2926
f 4677//2927 4678//2927 4700//2927
f 4700//2928 4699//2928 4677//2928
f 4678//2929 4679//2929 4701//2929
f 4701//2930 4700//2930 4678//2930
f 4679//2931 4680//2931 4702//2931
f 4702//2932 4701//2932 4679//2932
f 4680//2933 4681//2933 4703//2933
f 4703//2934 4702//2934 4680//2934
f 4681//2935 4682//2935 4704//2935
f 4704//2936 4703//2936 4681//2936
f 4682//2937 4683//2937 4705//2937
f 4705//2938 4704//2938 4682//2938
f 4683//2939 4684//2939 4706//2939
f 4706//2940 4705//2940 4683//2940
f 4684//2941 4685//2941 4707//2941
f 4707//2942 4706//2942 4684//2942
f 4685//2943 4686//2943 4708//2943
f 4708//2944 4707//2944 4685//2944
f 4686//2945 4687//2945 4709//2945
f 4709//2946 4708//2946 4686//2946
f 4687//2947 4688//2947 4710//2947
f 4710//2948 4709//2948 4687//2948
f 4688//2949 4689//2949 4711//2949
f 4711//2950 4710//2950 4688//2950
f 4689//2951 4690//2951 4712//2951
f 4712//2952 4711//2952 4689//2952
f 4690//2953 4691//2953 4713//2953
f 4713//2954 4712//2954 4690//2954
f 4691//2955 4692//2955 4714//2955
f 4714//2956 4713//2956 4691//2956
f 4692//2957 4693//2957 4715//2957
f 4715//2958 4714//2958 4692//2958
f 4693//2959 4694//2959 4716//2959
f 4716//2960 4715//2960 4693//2960
f 4694//2961 4695//2961 4717//2961
f 4717//2962 4716//2962 4694//2962
f 4695//2963 955//2963 4717//2963
f 942//2964 4717//2964 955//2964
f 2004//2965 4696//2965 4718//2965
f 4718//2966 2005//2966 2004//2966
f 4696//2967 4697//2967 4719//2967
f 4719//2968 4718//2968 4696//2968
f 4697//2969 4698//2969 4720//2969
f 4720//2970 4719//2970 4697//2970
f 4698//2971 4699//2971 4721//2971
f 4721//2972 4720//2972 4698//2972
f 4699//2973 4700//2973 4722//2973
f 4722//2974 4721//2974 4699//2974
f 4700//2975 4701//2975 4723//2975
f 4723//2976 4722//2976 4700//2976
f 4701//2977 4702//2977 4724//2977
f 4724//2978 4723//2978 4701//2978
f 4702//2979 4703//2979 4725//2979
f 4725//2980 4724//2980 4702//2980
f 4703//2981 4704//2981 4726//2981
f 4726//2982 4725//2982 4703//2982
f 4704//2983 4705//2983 4727//2983
f 4727//2984 4726//2984 4704//2984
f 4705//2985 4706//2985 4728//2985
f 4728//2986 4727//2986 4705//2986
f 4706//2987 4707//2987 4729//2987
f 4729//2988 4728//2988 4706//2988
f 4707//2989 4708//2989 4730//2989
f 4730//2990 4729//2990 4707//2990
f 4708//2991 4709//2991 4731//2991
f 4731//2992 4730//2992 4708//2992
f 4709//2993 4710//2993 4732//2993
f 4732//2994 4731//2994 4709//2994
f 4710//2995 4711//2995 4733//2995
f 4733//2996 4732//2996 4710//2996
f 4711//2997 4712//2997 4734//2997
f 4734//2998 4733//2998 4711//2998
f 4712//2999 4713//2999 4735//2999
f 4735//3000 4734//3000 4712//3000
f 4713//3001 4714//3001 4736//3001
f 4736//3002 4735//3002 4713//3002
f 4714//3003 4715//3003 4737//3003
f 4737//3004 4736//3004 4714//3004
f 4715//3005 4716//3005 4738//3005
f 4738//3006 4737//3006 4715//3006
f 4716//3007 4717//3007 4739//3007
f 4739//3008 4738//3008 4716//3008
f 4717//3009 942//3009 4739//3009
f 925//3010 4739//3010 942//3010
f 2005//3011 4718//3011 4740//3011
f 4740//3012 2003//3012 2005//3012
f 4718//3013 4719//3013 4741//3013
f 4741//3014 4740//3014 4718//3014
f 4719//3015 4720//3015 4742//3015
f 4742//3016 4741//3016 4719//3016
f 4720//3017 4721//3017 4743//3017
f 4743//3018 4742//3018 4720//3018
f 4721//3019 4722//3019 4744//3019
f 4744//3020 4743//3020 4721//3020
f 4722//3021 4723//3021 4745//3021
f 4745//3022 4744//3022 4722//3022
f 4723//3023 4724//3023 4746//3023
f 4746//3024 4745//3024 4723//3024
f 4724//3025 4725//3025 4747//3025
f 4747//3026 4746//3026 4724//3026
f 4725//3027 4726//3027 4748//3027
f 4748//3028 4747//3028 4725//3028
f 4726//3029 4727//3029 4749//3029
f 4749//3030 4748//3030 4726//3030
f 4727//3031 4728//3031 4750//3031
f 4750//3032 4749//3032 4727//3032
f 4728//3033 4729//3033 4751//3033
f 4751//3034 4750//3034 4728//3034
f 4729//3035 4730//3035 4752//3035
f 4752//3036 4751//3036 4729//3036
f 4730//3037 4731//3037 4753//3037
f 4753//3038 4752//3038 4730//3038
f 4731//3039 4732//3039 4754//3039
f 4754//3040 4753//3040 4731//3040
f 4732//3041 4733//3041 4755//3041
f 4755//3042 4754//3042 4732//3042
f 4733//3043 4734//3043 4756//3043
f 4756//3044 4755//3044 4733//3044
f 4734//3045 4735//3045 4757//3045
f 4757//3046 4756//3046 4734//3046
f 4735//3047 4736//3047 4758//3047
f 4758//3048 4757//3048 4735//3048
f 4736//3049 4737//3049 4759//3049
f 4759//3050 4758//3050 4736//3050
f 4737//3051 4738//3051 4760//3051
f 4760//3051 4759//3051 4737//3051
f 4738//3052 4739//3052 4761//3052
f 4761//3052 4760//3052 4738//3052
f 4739//3053 925//3053 4761//3053
f 904//3054 4761//3054 925//3054
f 2003//3055 4740//3055 4762//3055
f 4762//3056 2001//3056 2003//3056
f 4740//3057 4741//3057 4763//3057
f 4763//3057 4762//3057 4740//3057
f 4741//3058 4742//3058 4764//3058
f 4764//3058 4763//3058 4741//3058
f 4742//3059 4743//3059 4765//3059
f 4765//3060 4764//3060 4742//3060
f 4743//3061 4744//3061 4766//3061
f 4766//3062 4765//3062 4743//3062
f 4744//3063 4745//3063 4767//3063
f 4767//3064 4766//3064 4744//3064
f 4745//3065 4746//3065 4768//3065
f 4768//3066 4767//3066 4745//3066
f 4746//3067 4747//3067 4769//3067
f 4769//3068 4768//3068 4746//3068
f 4747//3069 4748//3069 4770//3069
f 4770//3070 4769//3070 4747//3070
f 4748//3071 4749//3071 4771//3071
f 4771//3072 4770//3072 4748//3072
f 4749//3073 4750//3073 4772//3073
f 4772//3074 4771//3074 4749//3074
f 4750//3075 4751//3075 4773//3075
f 4773//3076 4772//3076 4750//3076
f 4751//3077 4752//3077 4774//3077
f 4774//3078 4773//3078 4751//3078
f 4752//3079 4753//3079 4775//3079
f 4775//3080 4774//3080 4752//3080
f 4753//3081 4754//3081 4776//3081
f 4776//3082 4775//3082 4753//3082
f 4754//3083 4755//3083 4777//3083
f 4777//3084 4776//3084 4754//3084
f 4755//3085 4756//3085 4778//3085
f 4778//3086 4777//3086 4755//3086
f 4756//3087 4757//3087 4779//3087
f 4779//3088 4778//3088 4756//3088
f 4757//3089 4758//3089 4780//3089
f 4780//3090 4779//3090 4757//3090
f 4758//3091 4759//3091 4781//3091
f 4781//3091 4780//3091 4758//3091
f 4759//3092 4760//3092 4782//3092
f 4782//3092 4781//3092 4759//3092
f 4760//3093 4761//3093 4783//3093
f 4783//3094 4782//3094 4760//3094
f 4761//3095 904//3095 4783//3095
f 881//3096 4783//3096 904//3096
f 2001//3097 4762//3097 4784//3097
f 4784//3098 1999//3098 2001//3098
f 4762//3099 4763//3099 4785//3099
f 4785//3100 4784//3100 4762//3100
f 4763//3101 4764//3101 4786//3101
f 4786//3102 4785//3102 4763//3102
f 4764//3103 4765//3103 4787//3103
f 4787//3104 4786//3104 4764//3104
f 4765//3105 4766//3105 4788//3105
f 4788//3106 4787//3106 4765//3106
f 4766//3107 4767//3107 4789//3107
f 4789//3108 4788//3108 4766//3108
f 4767//3109 4768//3109 4790//3109
f 4790//3110 4789//3110 4767//3110
f 4768//3111 4769//3111 4791//3111
f 4791//3112 4790//3112 4768//3112
f 4769//3113 4770//3113 4792//3113
f 4792//3114 4791//3114 4769//3114
f 4770//3115 4771//3115 4793//3115
f 4793//3116 4792//3116 4770//3116
f 4771//3117 4772//3117 4794//3117
f 4794//3118 4793//3118 4771//3118
f 4772//3119 4773//3119 4795//3119
f 4795//3120 4794//3120 4772//3120
f 4773//3121 4774//3121 4796//3121
f 4796//3122 4795//3122 4773//3122
f 4774//3123 4775//3123 4797//3123
f 4797//3124 4796//3124 4774//3124
f 4775//3125 4776//3125 4798//3125
f 4798//3126 4797//3126 4775//3126
f 4776//3127 4777//3127 4799//3127
f 4799//3128 4798//3128 4776//3128
f 4777//3129 4778//3129 4800//3129
f 4800//3130 4799//3130 4777//3130
f 4778//3131 4779//3131 4801//3131
f 4801//3132 4800//3132 4778//3132
f 4779//3133 4780//3133 4802//3133
f 4802//3134 4801//3134 4779//3134
f 4780//3135 4781//3135 4803//3135
f 4803//3136 4802//3136 4780//3136
f 4781//3137 4782//3137 4804//3137
f 4804//3138 4803//3138 4781//3138
f 4782//3139 4783//3139 4805//3139
f 4805//3140 4804//3140 4782//3140
f 4783//3141 881//3141 4805//3141
f 856//3142 4805//3142 881//3142
f 1999//3143 4784//3143 4806//3143
f 4806//3144 1997//3144 1999//3144
f 4784//3145 4785//3145 4807//3145
f 4807//3145 4806//3145 4784//3145
f 4785//3146 4786//3146 4808//3146
f 4808//3146 4807//3146 4785//3146
f 4786//3147 4787//3147 4809//3147
f 4809//3148 4808//3148 4786//3148
f 4787//3149 4788//3149 4810//3149
f 4810//3150 4809//3150 4787//3150
f 4788//3151 4789//3151 4811//3151
f 4811//3152 4810//3152 4788//3152
f 4789//3153 4790//3153 4812//3153
f 4812//3154 4811//3154 4789//3154
f 4790//3155 4791//3155 4813//3155
f 4813//3156 4812//3156 4790//3156
f 4791//3157 4792//3157 4814//3157
f 4814//3158 4813//3158 4791//3158
f 4792//3159 4793//3159 4815//3159
f 4815//3160 4814//3160 4792//3160
f 4793//3161 4794//3161 4816//3161
f 4816//3162 4815//3162 4793//3162
f 4794//3163 4795//3163 4817//3163
f 4817//3164 4816//3164 4794//3164
f 4795//3165 4796//3165 4818//3165
f 4818//3166 4817//3166 4795//3166
f 4796//3167 4797//3167 4819//3167
f 4819//3168 4818//3168 4796//3168
f 4797//3169 4798//3169 4820//3169
f 4820//3170 4819//3170 4797//3170
f 4798//3171 4799//3171 4821//3171
f 4821//3172 4820//3172 4798//3172
f 4799//3173 4800//3173 4822//3173
f 4822//3174 4821//3174 4799//3174
f 4800//3175 4801//3175 4823//3175
f 4823//3175 4822//3175 4800//3175
f 4801//3176 4802//3176 4824//3176
f 4824//3176 4823//3176 4801//3176
f 4802//3177 4803//3177 4825//3177
f 4825//3177 4824//3177 4802//3177
f 4803//3178 4804//3178 4826//3178
f 4826//3178 4825//3178 4803//3178
f 4804//3179 4805//3179 4827//3179
f 4827//3180 4826//3180 4804//3180
f 4805//3181 856//3181 4827//3181
f 829//3182 4827//3182 856//3182
f 1997//3183 4806//3183 4828//3183
f 4828//3184 1995//3184 1997//3184
f 4806//3185 4807//3185 4829//3185
f 4829//3185 4828//3185 4806//3185
f 4807//3186 4808//3186 4830//3186
f 4830//3187 4829//3187 4807//3187
f 4808//3188 4809//3188 4831//3188
f 4831//3189 4830//3189 4808//3189
f 4809//3190 4810//3190 4832//3190
f 4832//3191 4831//3191 4809//3191
f 4810//3192 4811//3192 4833//3192
f 4833//3193 4832//3193 4810//3193
f 4811//3194 4812//3194 4834//3194
f 4834//3195 4833//3195 4811//3195
f 4812//3196 4813//3196 4835//3196
f 4835//3196 4834//3196 4812//3196
f 4813//3197 4814//3197 4836//3197
f 4836//3198 4835//3198 4813//3198
f 4814//3199 4815//3199 4837//3199
f 4837//3200 4836//3200 4814//3200
f 4815//3201 4816//3201 4838//3201
f 4838//3202 4837//3202 4815//3202
f 4816//3203 4817//3203 4839//3203
f 4839//3203 4838//3203 4816//3203
f 4817//3204 4818//3204 4840//3204
f 4840//3205 4839//3205 4817//3205
f 4818//3206 4819//3206 4841//3206
f 4841//3207 4840//3207 4818//3207
f 4819//3208 4820//3208 4842//3208
f 4842//3209 4841//3209 4819//3209
f 4820//3210 4821//3210 4843//3210
f 4843//3211 4842//3211 4820//3211
f 4821//3212 4822//3212 4844//3212
f 4844//3213 4843//3213 4821//3213
f 4822//3214 4823//3214 4845//3214
f 4845//3214 4844//3214 4822//3214
f 4823//3215 4824//3215 4846//3215
f 4846//3215 4845//3215 4823//3215
f 4824//3216 4825//3216 4847//3216
f 4847//3217 4846//3217 4824//3217
f 4825//3218 4826//3218 4848//3218
f 4848//3219 4847//3219 4825//3219
f 4826//3220 4827//3220 4849//3220
f 4849//3221 4848//3221 4826//3221
f 4827//3222 829//3222 4849//3222
f 798//3223 4849//3223 829//3223
f 1995//3224 4828//3224 4366//3224
f 4366//3225 1993//3225 1995//3225
f 4828//3226 4829//3226 4367//3226
f 4367//3226 4366//3226 4828//3226
f 4829//3227 4830//3227 4368//3227
f 4368//3227 4367//3227 4829//3227
f 4830//3228 4831//3228 4369//3228
f 4369//3228 4368//3228 4830//3228
f 4831//3229 4832//3229 4370//3229
f 4370//3229 4369//3229 4831//3229
f 4832//3230 4833//3230 4371//3230
f 4371//3230 4370//3230 4832//3230
f 4833//3231 4834//3231 4372//3231
f 4372//3232 4371//3232 4833//3232
f 4834//3233 4835//3233 4373//3233
f 4373//3233 4372//3233 4834//3233
f 4835//3234 4836//3234 4374//3234
f 4374//3235 4373//3235 4835//3235
f 4836//3236 4837//3236 4375//3236
f 4375//3236 4374//3236 4836//3236
f 4837//3237 4838//3237 4376//3237
f 4376//3238 4375//3238 4837//3238
f 4838//3239 4839//3239 4377//3239
f 4377//3240 4376//3240 4838//3240
f 4839//3241 4840//3241 4378//3241
f 4378//3241 4377//3241 4839//3241
f 4840//3242 4841//3242 4379//3242
f 4379//3242 4378//3242 4840//3242
f 4841//3243 4842//3243 4380//3243
f 4380//3244 4379//3244 4841//3244
f 4842//3245 4843//3245 4381//3245
f 4381//3246 4380//3246 4842//3246
f 4843//3247 4844//3247 4382//3247
f 4382//3247 4381//3247 4843//3247
f 4844//3248 4845//3248 4383//3248
f 4383//3248 4382//3248 4844//3248
f 4845//3249 4846//3249 4384//3249
f 4384//3250 4383//3250 4845//3250
f 4846//3251 4847//3251 4385//3251
f 4385//3251 4384//3251 4846//3251
f 4847//3252 4848//3252 4386//3252
f 4386//3252 4385//3252 4847//3252
f 4848//3253 4849//3253 4387//3253
f 4387//3253 4386//3253 4848//3253
f 4849//3254 798//3254 767//3254
f 767//3254 4387//3254 4849//3254
f 1065//3255 1056//3255 4850//3255
f 4850//3256 1075//3256 1065//3256
f 1056//3255 1047//3255 4851//3255
f 4851//3257 4850//3257 1056//3257
f 1047//3258 1038//3258 4852//3258
f 4852//3259 4851//3259 1047//3259
f 1075//3260 4850//3260 4853//3260
f 4853//3261 1083//3261 1075//3261
f 4850//3262 4851//3262 4854//3262
f 4854//3263 4853//3263 4850//3263
f 4851//3264 4852//3264 4855//3264
f 4855//3265 4854//3265 4851//3265
f 1083//3266 4853//3266 4859//3266
f 4859//3267 1091//3267 1083//3267
f 4853//3268 4854//3268 4858//3268
f 4858//3269 4859//3269 4853//3269
f 4854//3270 4855//3270 4857//3270
f 4857//3271 4858//3271 4854//3271
f 4855//3272 4852//3272 4856//3272
f 4856//3273 4857//3273 4855//3273
f 4852//3274 1038//3274 4519//3274
f 4519//3275 4856//3275 4852//3275
f 1091//3276 4859//3276 4863//3276
f 4863//3277 1099//3277 1091//3277
f 4859//3278 4858//3278 4862//3278
f 4862//3279 4863//3279 4859//3279
f 4858//3280 4857//3280 4861//3280
f 4861//3281 4862//3281 4858//3281
f 4857//3282 4856//3282 4860//3282
f 4860//3283 4861//3283 4857//3283
f 4856//3275 4519//3275 4518//3275
f 4518//3284 4860//3284 4856//3284
f 1099//3285 4863//3285 4867//3285
f 4867//3286 1107//3286 1099//3286
f 4863//3287 4862//3287 4866//3287
f 4866//3288 4867//3288 4863//3288
f 4862//3289 4861//3289 4865//3289
f 4865//3290 4866//3290 4862//3290
f 4861//3291 4860//3291 4864//3291
f 4864//3292 4865//3292 4861//3292
f 4860//3293 4518//3293 4517//3293
f 4517//3294 4864//3294 4860//3294
f 1107//3295 4867//3295 4871//3295
f 4871//3296 1115//3296 1107//3296
f 4867//3297 4866//3297 4870//3297
f 4870//3297 4871//3297 4867//3297
f 4866//3298 4865//3298 4869//3298
f 4869//3297 4870//3297 4866//3297
f 4865//3299 4864//3299 4868//3299
f 4868//3300 4869//3300 4865//3300
f 4864//3301 4517//3301 4516//3301
f 4516//3302 4868//3302 4864//3302
f 1115//3303 4871//3303 4875//3303
f 4875//3304 1123//3304 1115//3304
f 4871//3305 4870//3305 4874//3305
f 4874//3306 4875//3306 4871//3306
f 4870//3307 4869//3307 4873//3307
f 4873//3308 4874//3308 4870//3308
f 4869//3309 4868//3309 4872//3309
f 4872//3310 4873//3310 4869//3310
f 4868//3311 4516//3311 4515//3311
f 4515//3312 4872//3312 4868//3312
f 1123//3313 4875//3313 4879//3313
f 4879//3314 1131//3314 1123//3314
f 4875//3315 4874//3315 4878//3315
f 4878//3316 4879//3316 4875//3316
f 4874//3317 4873//3317 4877//3317
f 4877//3318 4878//3318 4874//3318
f 4873//3319 4872//3319 4876//3319
f 4876//3320 4877//3320 4873//3320
f 4872//3321 4515//3321 4514//3321
f 4514//3322 4876//3322 4872//3322
f 1131//3323 4879//3323 4883//3323
f 4883//3324 1139//3324 1131//3324
f 4879//3325 4878//3325 4882//3325
f 4882//3326 4883//3326 4879//3326
f 4878//3327 4877//3327 4881//3327
f 4881//3328 4882//3328 4878//3328
f 4877//3329 4876//3329 4880//3329
f 4880//3330 4881//3330 4877//3330
f 4876//3331 4514//3331 4513//3331
f 4513//3332 4880//3332 4876//3332
f 1139//3333 4883//3333 4887//3333
f 4887//3334 1147//3334 1139//3334
f 4883//3335 4882//3335 4886//3335
f 4886//3336 4887//3336 4883//3336
f 4882//3337 4881//3337 4885//3337
f 4885//3338 4886//3338 4882//3338
f 4881//3339 4880//3339 4884//3339
f 4884//3340 4885//3340 4881//3340
f 4880//3341 4513//3341 4512//3341
f 4512//3342 4884//3342 4880//3342
f 1147//3343 4887//3343 4891//3343
f 4891//3344 1155//3344 1147//3344
f 4887//3345 4886//3345 4890//3345
f 4890//3346 4891//3346 4887//3346
f 4886//3347 4885//3347 4889//3347
f 4889//3348 4890//3348 4886//3348
f 4885//3349 4884//3349 4888//3349
f 4888//3350 4889//3350 4885//3350
f 4884//3351 4512//3351 4511//3351
f 4511//3352 4888//3352 4884//3352
f 1155//3353 4891//3353 4893//3353
f 4893//3354 1163//3354 1155//3354
f 4891//3355 4890//3355 4895//3355
f 4895//3356 4893//3356 4891//3356
f 4890//3357 4889//3357 4894//3357
f 4894//3358 4895//3358 4890//3358
f 4889//3359 4888//3359 4892//3359
f 4892//3360 4894//3360 4889//3360
f 4888//3361 4511//3361 4510//3361
f 4510//3362 4892//3362 4888//3362
f 1163//3363 4893//3363 4896//3363
f 4896//3364 1170//3364 1163//3364
f 4893//3365 4895//3365 4897//3365
f 4897//3366 4896//3366 4893//3366
f 4895//3367 4894//3367 4898//3367
f 4898//3368 4897//3368 4895//3368
f 4894//3369 4892//3369 4899//3369
f 4899//3370 4898//3370 4894//3370
f 4892//3371 4510//3371 4509//3371
f 4509//3372 4899//3372 4892//3372
f 1170//3373 4896//3373 4900//3373
f 4900//3374 1177//3374 1170//3374
f 4896//3375 4897//3375 4901//3375
f 4901//3376 4900//3376 4896//3376
f 4897//3377 4898//3377 4902//3377
f 4902//3378 4901//3378 4897//3378
f 4898//3379 4899//3379 4902//3379
f 4903//3380 4902//3380 4899//3380
f 4899//3381 4509//3381 4903//3381
f 4508//3382 4903//3382 4509//3382
f 1177//3383 4900//3383 1184//3383
f 4904//3384 1184//3384 4900//3384
f 4900//3385 4901//3385 4904//3385
f 4905//3386 4904//3386 4901//3386
f 4901//3387 4902//3387 4905//3387
f 4906//3388 4905//3388 4902//3388
f 4902//3388 4903//3388 4906//3388
f 4907//3389 4906//3389 4903//3389
f 4903//3390 4508//3390 4907//3390
f 4507//3391 4907//3391 4508//3391
f 1184//3392 4904//3392 1191//3392
f 4908//3393 1191//3393 4904//3393
f 4904//3394 4905//3394 4908//3394
f 4909//3395 4908//3395 4905//3395
f 4905//3396 4906//3396 4909//3396
f 4910//3397 4909//3397 4906//3397
f 4906//3398 4907//3398 4910//3398
f 4911//3399 4910//3399 4907//3399
f 4907//3400 4507//3400 4911//3400
f 4506//3401 4911//3401 4507//3401
f 1191//3402 4908//3402 1198//3402
f 4912//3402 1198//3402 4908//3402
f 4908//3403 4909//3403 4912//3403
f 4913//3404 4912//3404 4909//3404
f 4909//3405 4910//3405 4913//3405
f 4914//3406 4913//3406 4910//3406
f 4910//3407 4911//3407 4914//3407
f 4915//3408 4914//3408 4911//3408
f 4911//3409 4506//3409 4915//3409
f 4505//3410 4915//3410 4506//3410
f 1198//3411 4912//3411 1205//3411
f 4916//3412 1205//3412 4912//3412
f 4912//3413 4913//3413 4916//3413
f 4917//3414 4916//3414 4913//3414
f 4913//3415 4914//3415 4917//3415
f 4918//3416 4917//3416 4914//3416
f 4914//3417 4915//3417 4918//3417
f 4919//3418 4918//3418 4915//3418
f 4915//3419 4505//3419 4919//3419
f 4504//3420 4919//3420 4505//3420
f 1205//3421 4916//3421 1212//3421
f 4920//3422 1212//3422 4916//3422
f 4916//3423 4917//3423 4920//3423
f 4921//3424 4920//3424 4917//3424
f 4917//3425 4918//3425 4921//3425
f 4922//3426 4921//3426 4918//3426
f 4918//3427 4919//3427 4922//3427
f 4923//3428 4922//3428 4919//3428
f 4919//3429 4504//3429 4923//3429
f 4503//3430 4923//3430 4504//3430
f 1212//3431 4920//3431 1219//3431
f 4924//3432 1219//3432 4920//3432
f 4920//3433 4921//3433 4924//3433
f 4925//3434 4924//3434 4921//3434
f 4921//3435 4922//3435 4925//3435
f 4926//3436 4925//3436 4922//3436
f 4922//3437 4923//3437 4926//3437
f 4927//3438 4926//3438 4923//3438
f 4923//3439 4503//3439 4927//3439
f 4502//3440 4927//3440 4503//3440
f 1219//3441 4924//3441 1226//3441
f 4928//3442 1226//3442 4924//3442
f 4924//3443 4925//3443 4928//3443
f 4929//3444 4928//3444 4925//3444
f 4925//3445 4926//3445 4929//3445
f 4930//3446 4929//3446 4926//3446
f 4926//3447 4927//3447 4930//3447
f 4931//3448 4930//3448 4927//3448
f 4927//3449 4502//3449 4931//3449
f 4501//3450 4931//3450 4502//3450
f 1226//3451 4928//3451 1233//3451
f 4932//3452 1233//3452 4928//3452
f 4928//3453 4929//3453 4932//3453
f 4933//3454 4932//3454 4929//3454
f 4929//3455 4930//3455 4933//3455
f 4934//3456 4933//3456 4930//3456
f 4930//3457 4931//3457 4934//3457
f 4936//3458 4934//3458 4931//3458
f 4931//3459 4501//3459 4936//3459
f 4500//3460 4936//3460 4501//3460
f 1233//3461 4932//3461 1240//3461
f 4935//3462 1240//3462 4932//3462
f 4932//3463 4933//3463 4935//3463
f 4937//3464 4935//3464 4933//3464
f 4933//3465 4934//3465 4937//3465
f 4938//3466 4937//3466 4934//3466
f 4934//3467 4936//3467 4938//3467
f 4940//3468 4938//3468 4936//3468
f 4936//3469 4500//3469 4940//3469
f 4499//3470 4940//3470 4500//3470
f 1240//3471 4935//3471 1247//3471
f 4939//3472 1247//3472 4935//3472
f 4935//3473 4937//3473 4939//3473
f 4941//3474 4939//3474 4937//3474
f 4937//3475 4938//3475 4941//3475
f 4942//3476 4941//3476 4938//3476
f 4938//3477 4940//3477 4942//3477
f 4945//3478 4942//3478 4940//3478
f 4940//3479 4499//3479 4945//3479
f 4498//3480 4945//3480 4499//3480
f 1247//3481 4939//3481 1254//3481
f 4943//3482 1254//3482 4939//3482
f 4939//3483 4941//3483 4943//3483
f 4944//3484 4943//3484 4941//3484
f 4941//3484 4942//3484 4944//3484
f 4946//3485 4944//3485 4942//3485
f 4942//3486 4945//3486 4946//3486
f 4947//3487 4946//3487 4945//3487
f 4945//3488 4498//3488 4947//3488
f 1975//3489 4947//3489 4498//3489
f 1254//3490 4943//3490 1261//3490
f 4948//3491 1261//3491 4943//3491
f 4943//3492 4944//3492 4948//3492
f 4949//3493 4948//3493 4944//3493
f 4944//3494 4946//3494 4949//3494
f 4947//3495 4949//3495 4946//3495
f 1261//3496 4948//3496 1268//3496
f 1930//3496 1268//3496 4948//3496
f 4948//3497 4949//3497 1930//3497
f 1951//3498 1930//3498 4949//3498
f 4949//3499 4947//3499 1951//3499
f 1975//3500 1951//3500 4947//3500
f 284//3501 1828//3501 289//3501
f 4951//3502 289//3502 1828//3502
f 1828//3503 1824//3503 4951//3503
f 4950//3503 4951//3503 1824//3503
f 1824//3504 1820//3504 4950//3504
f 4952//3505 4950//3505 1820//3505
f 1820//3506 1816//3506 4952//3506
f 4953//3507 4952//3507 1816//3507
f 1816//3508 1812//3508 4953//3508
f 4954//3509 4953//3509 1812//3509
f 1812//3510 1808//3510 4954//3510
f 4955//3511 4954//3511 1808//3511
f 1808//3512 1804//3512 4955//3512
f 4956//3513 4955//3513 1804//3513
f 1804//3514 1800//3514 4956//3514
f 4957//3515 4956//3515 1800//3515
f 1800//3516 1796//3516 4957//3516
f 4958//3517 4957//3517 1796//3517
f 1796//3518 1792//3518 4958//3518
f 4959//3519 4958//3519 1792//3519
f 1792//3520 1788//3520 4959//3520
f 4960//3521 4959//3521 1788//3521
f 1788//3522 1784//3522 4960//3522
f 4961//3522 4960//3522 1784//3522
f 1784//3523 667//3523 4961//3523
f 703//3524 4961//3524 667//3524
f 289//3525 4951//3525 297//3525
f 4965//3526 297//3526 4951//3526
f 4951//3527 4950//3527 4965//3527
f 4963//3528 4965//3528 4950//3528
f 4950//3529 4952//3529 4963//3529
f 4962//3530 4963//3530 4952//3530
f 4952//3531 4953//3531 4962//3531
f 4964//3532 4962//3532 4953//3532
f 4953//3533 4954//3533 4964//3533
f 4966//3534 4964//3534 4954//3534
f 4954//3535 4955//3535 4966//3535
f 4967//3536 4966//3536 4955//3536
f 4955//3537 4956//3537 4967//3537
f 4968//3538 4967//3538 4956//3538
f 4956//3539 4957//3539 4968//3539
f 4969//3540 4968//3540 4957//3540
f 4957//3541 4958//3541 4969//3541
f 4970//3542 4969//3542 4958//3542
f 4958//3543 4959//3543 4970//3543
f 4971//3544 4970//3544 4959//3544
f 4959//3545 4960//3545 4971//3545
f 4972//3546 4971//3546 4960//3546
f 4960//3547 4961//3547 4972//3547
f 4973//3548 4972//3548 4961//3548
f 4961//3549 703//3549 4973//3549
f 708//3550 4973//3550 703//3550
f 297//3551 4965//3551 308//3551
f 4978//3552 308//3552 4965//3552
f 4965//3553 4963//3553 4978//3553
f 4976//3554 4978//3554 4963//3554
f 4963//3555 4962//3555 4976//3555
f 4974//3556 4976//3556 4962//3556
f 4962//3557 4964//3557 4974//3557
f 4975//3558 4974//3558 4964//3558
f 4964//3533 4966//3533 4975//3533
f 4977//3533 4975//3533 4966//3533
f 4966//3559 4967//3559 4977//3559
f 4979//3560 4977//3560 4967//3560
f 4967//3561 4968//3561 4979//3561
f 4980//3562 4979//3562 4968//3562
f 4968//3563 4969//3563 4980//3563
f 4981//3564 4980//3564 4969//3564
f 4969//3565 4970//3565 4981//3565
f 4982//3566 4981//3566 4970//3566
f 4970//3567 4971//3567 4982//3567
f 4983//3568 4982//3568 4971//3568
f 4971//3569 4972//3569 4983//3569
f 4984//3570 4983//3570 4972//3570
f 4972//3571 4973//3571 4984//3571
f 4985//3572 4984//3572 4973//3572
f 4973//3573 708//3573 4985//3573
f 709//3524 4985//3524 708//3524
f 308//3574 4978//3574 322//3574
f 4991//3575 322//3575 4978//3575
f 4978//3576 4976//3576 4991//3576
f 4988//3577 4991//3577 4976//3577
f 4976//3578 4974//3578 4988//3578
f 4986//3579 4988//3579 4974//3579
f 4974//3580 4975//3580 4986//3580
f 4987//3581 4986//3581 4975//3581
f 4975//3582 4977//3582 4987//3582
f 4989//3583 4987//3583 4977//3583
f 4977//3584 4979//3584 4989//3584
f 4990//3585 4989//3585 4979//3585
f 4979//3586 4980//3586 4990//3586
f 4992//3587 4990//3587 4980//3587
f 4980//3588 4981//3588 4992//3588
f 4993//3589 4992//3589 4981//3589
f 4981//3590 4982//3590 4993//3590
f 4994//3591 4993//3591 4982//3591
f 4982//3592 4983//3592 4994//3592
f 4995//3593 4994//3593 4983//3593
f 4983//3570 4984//3570 4995//3570
f 4996//3594 4995//3594 4984//3594
f 4984//3595 4985//3595 4996//3595
f 4997//3596 4996//3596 4985//3596
f 4985//3597 709//3597 4997//3597
f 744//3598 4997//3598 709//3598
f 322//3551 4991//3551 339//3551
f 5003//3599 339//3599 4991//3599
f 4991//3600 4988//3600 5003//3600
f 5000//3601 5003//3601 4988//3601
f 4988//3602 4986//3602 5000//3602
f 4998//3603 5000//3603 4986//3603
f 4986//3604 4987//3604 4998//3604
f 4999//3605 4998//3605 4987//3605
f 4987//3534 4989//3534 4999//3534
f 5001//3606 4999//3606 4989//3606
f 4989//3607 4990//3607 5001//3607
f 5002//3608 5001//3608 4990//3608
f 4990//3609 4992//3609 5002//3609
f 5004//3610 5002//3610 4992//3610
f 4992//3611 4993//3611 5004//3611
f 5005//3612 5004//3612 4993//3612
f 4993//3613 4994//3613 5005//3613
f 5006//3614 5005//3614 4994//3614
f 4994//3593 4995//3593 5006//3593
f 5007//3615 5006//3615 4995//3615
f 4995//3594 4996//3594 5007//3594
f 5008//3616 5007//3616 4996//3616
f 4996//3617 4997//3617 5008//3617
f 5009//3618 5008//3618 4997//3618
f 4997//3619 744//3619 5009//3619
f 776//3550 5009//3550 744//3550
f 339//3620 5003//3620 352//3620
f 5015//3621 352//3621 5003//3621
f 5003//3622 5000//3622 5015//3622
f 5013//3623 5015//3623 5000//3623
f 5000//3624 4998//3624 5013//3624
f 5010//3625 5013//3625 4998//3625
f 4998//3626 4999//3626 5010//3626
f 5011//3627 5010//3627 4999//3627
f 4999//3628 5001//3628 5011//3628
f 5012//3629 5011//3629 5001//3629
f 5001//3630 5002//3630 5012//3630
f 5014//3631 5012//3631 5002//3631
f 5002//3632 5004//3632 5014//3632
f 5016//3633 5014//3633 5004//3633
f 5004//3634 5005//3634 5016//3634
f 5017//3635 5016//3635 5005//3635
f 5005//3636 5006//3636 5017//3636
f 5018//3637 5017//3637 5006//3637
f 5006//3638 5007//3638 5018//3638
f 5019//3518 5018//3518 5007//3518
f 5007//3639 5008//3639 5019//3639
f 5020//3640 5019//3640 5008//3640
f 5008//3641 5009//3641 5020//3641
f 5021//3642 5020//3642 5009//3642
f 5009//3643 776//3643 5021//3643
f 802//3644 5021//3644 776//3644
f 352//3645 5015//3645 365//3645
f 5027//3646 365//3646 5015//3646
f 5015//3647 5013//3647 5027//3647
f 5025//3648 5027//3648 5013//3648
f 5013//3649 5010//3649 5025//3649
f 5022//3650 5025//3650 5010//3650
f 5010//3651 5011//3651 5022//3651
f 5023//3652 5022//3652 5011//3652
f 5011//3653 5012//3653 5023//3653
f 5024//3654 5023//3654 5012//3654
f 5012//3655 5014//3655 5024//3655
f 5026//3656 5024//3656 5014//3656
f 5014//3657 5016//3657 5026//3657
f 5028//3658 5026//3658 5016//3658
f 5016//3659 5017//3659 5028//3659
f 5029//3660 5028//3660 5017//3660
f 5017//3637 5018//3637 5029//3637
f 5030//3661 5029//3661 5018//3661
f 5018//3518 5019//3518 5030//3518
f 5031//3662 5030//3662 5019//3662
f 5019//3663 5020//3663 5031//3663
f 5032//3664 5031//3664 5020//3664
f 5020//3665 5021//3665 5032//3665
f 5033//3666 5032//3666 5021//3666
f 5021//3667 802//3667 5033//3667
f 803//3668 5033//3668 802//3668
f 365//3669 5027//3669 374//3669
f 5038//3670 374//3670 5027//3670
f 5027//3671 5025//3671 5038//3671
f 5036//3672 5038//3672 5025//3672
f 5025//3673 5022//3673 5036//3673
f 5034//3674 5036//3674 5022//3674
f 5022//3675 5023//3675 5034//3675
f 5035//3675 5034//3675 5023//3675
f 5023//3676 5024//3676 5035//3676
f 5037//3677 5035//3677 5024//3677
f 5024//3678 5026//3678 5037//3678
f 5039//3679 5037//3679 5026//3679
f 5026//3680 5028//3680 5039//3680
f 5040//3681 5039//3681 5028//3681
f 5028//3682 5029//3682 5040//3682
f 5041//3683 5040//3683 5029//3683
f 5029//3684 5030//3684 5041//3684
f 5042//3685 5041//3685 5030//3685
f 5030//3662 5031//3662 5042//3662
f 5043//3686 5042//3686 5031//3686
f 5031//3687 5032//3687 5043//3687
f 5044//3688 5043//3688 5032//3688
f 5032//3689 5033//3689 5044//3689
f 5045//3690 5044//3690 5033//3690
f 5033//3691 803//3691 5045//3691
f 804//3692 5045//3692 803//3692
f 374//3693 5038//3693 391//3693
f 5050//3694 391//3694 5038//3694
f 5038//3695 5036//3695 5050//3695
f 5048//3554 5050//3554 5036//3554
f 5036//3696 5034//3696 5048//3696
f 5046//3697 5048//3697 5034//3697
f 5034//3698 5035//3698 5046//3698
f 5047//3699 5046//3699 5035//3699
f 5035//3700 5037//3700 5047//3700
f 5049//3700 5047//3700 5037//3700
f 5037//3701 5039//3701 5049//3701
f 5051//3701 5049//3701 5039//3701
f 5039//3702 5040//3702 5051//3702
f 5052//3702 5051//3702 5040//3702
f 5040//3703 5041//3703 5052//3703
f 5053//3703 5052//3703 5041//3703
f 5041//3704 5042//3704 5053//3704
f 5054//3704 5053//3704 5042//3704
f 5042//3686 5043//3686 5054//3686
f 5055//3705 5054//3705 5043//3705
f 5043//3688 5044//3688 5055//3688
f 5056//3688 5055//3688 5044//3688
f 5044//3706 5045//3706 5056//3706
f 5061//3707 5056//3707 5045//3707
f 5045//3523 804//3523 5061//3523
f 835//3692 5061//3692 804//3692
f 391//3574 5050//3574 406//3574
f 5062//3708 406//3708 5050//3708
f 5050//3709 5048//3709 5062//3709
f 5059//3709 5062//3709 5048//3709
f 5048//3710 5046//3710 5059//3710
f 5057//3711 5059//3711 5046//3711
f 5046//3712 5047//3712 5057//3712
f 5058//3698 5057//3698 5047//3698
f 5047//3713 5049//3713 5058//3713
f 5060//3714 5058//3714 5049//3714
f 5049//3701 5051//3701 5060//3701
f 5063//3715 5060//3715 5051//3715
f 5051//3716 5052//3716 5063//3716
f 5064//3717 5063//3717 5052//3717
f 5052//3703 5053//3703 5064//3703
f 5065//3718 5064//3718 5053//3718
f 5053//3704 5054//3704 5065//3704
f 5066//3719 5065//3719 5054//3719
f 5054//3705 5055//3705 5066//3705
f 5067//3705 5066//3705 5055//3705
f 5055//3720 5056//3720 5067//3720
f 5068//3720 5067//3720 5056//3720
f 5056//3721 5061//3721 5068//3721
f 5075//3547 5068//3547 5061//3547
f 5061//3722 835//3722 5075//3722
f 860//3524 5075//3524 835//3524
f 406//3723 5062//3723 421//3723
f 5073//3708 421//3708 5062//3708
f 5062//3724 5059//3724 5073//3724
f 5071//3724 5073//3724 5059//3724
f 5059//3725 5057//3725 5071//3725
f 5069//3711 5071//3711 5057//3711
f 5057//3726 5058//3726 5069//3726
f 5070//3727 5069//3727 5058//3727
f 5058//3508 5060//3508 5070//3508
f 5072//3728 5070//3728 5060//3728
f 5060//3585 5063//3585 5072//3585
f 5074//3585 5072//3585 5063//3585
f 5063//3717 5064//3717 5074//3717
f 5076//3716 5074//3716 5064//3716
f 5064//3729 5065//3729 5076//3729
f 5077//3730 5076//3730 5065//3730
f 5065//3731 5066//3731 5077//3731
f 5078//3719 5077//3719 5066//3719
f 5066//3705 5067//3705 5078//3705
f 5079//3732 5078//3732 5067//3732
f 5067//3720 5068//3720 5079//3720
f 5080//3733 5079//3733 5068//3733
f 5068//3547 5075//3547 5080//3547
f 5088//3547 5080//3547 5075//3547
f 5075//3722 860//3722 5088//3722
f 885//3734 5088//3734 860//3734
f 421//3735 5073//3735 436//3735
f 5085//3736 436//3736 5073//3736
f 5073//3724 5071//3724 5085//3724
f 5083//3737 5085//3737 5071//3737
f 5071//3738 5069//3738 5083//3738
f 5081//3739 5083//3739 5069//3739
f 5069//3727 5070//3727 5081//3727
f 5082//3727 5081//3727 5070//3727
f 5070//3740 5072//3740 5082//3740
f 5084//3741 5082//3741 5072//3741
f 5072//3715 5074//3715 5084//3715
f 5086//3701 5084//3701 5074//3701
f 5074//3702 5076//3702 5086//3702
f 5087//3702 5086//3702 5076//3702
f 5076//3730 5077//3730 5087//3730
f 5089//3742 5087//3742 5077//3742
f 5077//3743 5078//3743 5089//3743
f 5090//3744 5089//3744 5078//3744
f 5078//3745 5079//3745 5090//3745
f 5091//3746 5090//3746 5079//3746
f 5079//3747 5080//3747 5091//3747
f 5092//3733 5091//3733 5080//3733
f 5080//3547 5088//3547 5092//3547
f 5101//3748 5092//3748 5088//3748
f 5088//3749 885//3749 5101//3749
f 908//3734 5101//3734 885//3734
f 436//3735 5085//3735 448//3735
f 5097//3750 448//3750 5085//3750
f 5085//3751 5083//3751 5097//3751
f 5094//3751 5097//3751 5083//3751
f 5083//3752 5081//3752 5094//3752
f 5093//3739 5094//3739 5081//3739
f 5081//3727 5082//3727 5093//3727
f 5095//3727 5093//3727 5082//3727
f 5082//3753 5084//3753 5095//3753
f 5096//3754 5095//3754 5084//3754
f 5084//3755 5086//3755 5096//3755
f 5098//3755 5096//3755 5086//3755
f 5086//3702 5087//3702 5098//3702
f 5099//3702 5098//3702 5087//3702
f 5087//3718 5089//3718 5099//3718
f 5100//3718 5099//3718 5089//3718
f 5089//3731 5090//3731 5100//3731
f 5102//3756 5100//3756 5090//3756
f 5090//3746 5091//3746 5102//3746
f 5103//3745 5102//3745 5091//3745
f 5091//3757 5092//3757 5103//3757
f 5104//3758 5103//3758 5092//3758
f 5092//3748 5101//3748 5104//3748
f 5113//3759 5104//3759 5101//3759
f 5101//3760 908//3760 5113//3760
f 929//3761 5113//3761 908//3761
f 448//3525 5097//3525 460//3525
f 5108//3526 460//3526 5097//3526
f 5097//3751 5094//3751 5108//3751
f 5106//3762 5108//3762 5094//3762
f 5094//3763 5093//3763 5106//3763
f 5105//3764 5106//3764 5093//3764
f 5093//3727 5095//3727 5105//3727
f 5107//3765 5105//3765 5095//3765
f 5095//3753 5096//3753 5107//3753
f 5109//3754 5107//3754 5096//3754
f 5096//3755 5098//3755 5109//3755
f 5110//3715 5109//3715 5098//3715
f 5098//3766 5099//3766 5110//3766
f 5111//3767 5110//3767 5099//3767
f 5099//3718 5100//3718 5111//3718
f 5112//3768 5111//3768 5100//3768
f 5100//3769 5102//3769 5112//3769
f 5114//3756 5112//3756 5102//3756
f 5102//3770 5103//3770 5114//3770
f 5115//3770 5114//3770 5103//3770
f 5103//3771 5104//3771 5115//3771
f 5120//3758 5115//3758 5104//3758
f 5104//3772 5113//3772 5120//3772
f 5125//3772 5120//3772 5113//3772
f 5113//3773 929//3773 5125//3773
f 947//3598 5125//3598 929//3598
f 460//3551 5108//3551 470//3551
f 5119//3526 470//3526 5108//3526
f 5108//3762 5106//3762 5119//3762
f 5117//3762 5119//3762 5106//3762
f 5106//3763 5105//3763 5117//3763
f 5116//3774 5117//3774 5105//3774
f 5105//3775 5107//3775 5116//3775
f 5118//3776 5116//3776 5107//3776
f 5107//3741 5109//3741 5118//3741
f 5121//3740 5118//3740 5109//3740
f 5109//3777 5110//3777 5121//3777
f 5122//3585 5121//3585 5110//3585
f 5110//3767 5111//3767 5122//3767
f 5123//3766 5122//3766 5111//3766
f 5111//3742 5112//3742 5123//3742
f 5124//3778 5123//3778 5112//3778
f 5112//3769 5114//3769 5124//3769
f 5126//3756 5124//3756 5114//3756
f 5114//3770 5115//3770 5126//3770
f 5127//3779 5126//3779 5115//3779
f 5115//3771 5120//3771 5127//3771
f 5134//3780 5127//3780 5120//3780
f 5120//3781 5125//3781 5134//3781
f 5138//3782 5134//3782 5125//3782
f 5125//3783 947//3783 5138//3783
f 959//3598 5138//3598 947//3598
f 470//3784 5119//3784 480//3784
f 5131//3785 480//3785 5119//3785
f 5119//3786 5117//3786 5131//3786
f 5128//3786 5131//3786 5117//3786
f 5117//3787 5116//3787 5128//3787
f 5129//3788 5128//3788 5116//3788
f 5116//3765 5118//3765 5129//3765
f 5130//3765 5129//3765 5118//3765
f 5118//3740 5121//3740 5130//3740
f 5132//3741 5130//3741 5121//3741
f 5121//3715 5122//3715 5132//3715
f 5133//3755 5132//3755 5122//3755
f 5122//3702 5123//3702 5133//3702
f 5135//3789 5133//3789 5123//3789
f 5123//3790 5124//3790 5135//3790
f 5136//3791 5135//3791 5124//3791
f 5124//3792 5126//3792 5136//3792
f 5137//3793 5136//3793 5126//3793
f 5126//3779 5127//3779 5137//3779
f 5139//3779 5137//3779 5127//3779
f 5127//3794 5134//3794 5139//3794
f 5146//3795 5139//3795 5134//3795
f 5134//3782 5138//3782 5146//3782
f 5150//3782 5146//3782 5138//3782
f 5138//3796 959//3796 5150//3796
f 970//3797 5150//3797 959//3797
f 480//3784 5131//3784 490//3784
f 5142//3798 490//3798 5131//3798
f 5131//3786 5128//3786 5142//3786
f 5140//3799 5142//3799 5128//3799
f 5128//3800 5129//3800 5140//3800
f 5141//3788 5140//3788 5129//3788
f 5129//3765 5130//3765 5141//3765
f 5143//3801 5141//3801 5130//3801
f 5130//3802 5132//3802 5143//3802
f 5144//3803 5143//3803 5132//3803
f 5132//3755 5133//3755 5144//3755
f 5145//3804 5144//3804 5133//3804
f 5133//3789 5135//3789 5145//3789
f 5147//3789 5145//3789 5135//3789
f 5135//3805 5136//3805 5147//3805
f 5148//3768 5147//3768 5136//3768
f 5136//3806 5137//3806 5148//3806
f 5149//3807 5148//3807 5137//3807
f 5137//3808 5139//3808 5149//3808
f 5151//3809 5149//3809 5139//3809
f 5139//3794 5146//3794 5151//3794
f 5159//3810 5151//3810 5146//3810
f 5146//3782 5150//3782 5159//3782
f 5162//3811 5159//3811 5150//3811
f 5150//3796 970//3796 5162//3796
f 981//3550 5162//3550 970//3550
f 490//3501 5142//3501 500//3501
f 5154//3798 500//3798 5142//3798
f 5142//3799 5140//3799 5154//3799
f 5152//3799 5154//3799 5140//3799
f 5140//3800 5141//3800 5152//3800
f 5153//3812 5152//3812 5141//3812
f 5141//3801 5143//3801 5153//3801
f 5155//3801 5153//3801 5143//3801
f 5143//3802 5144//3802 5155//3802
f 5156//3802 5155//3802 5144//3802
f 5144//3804 5145//3804 5156//3804
f 5157//3715 5156//3715 5145//3715
f 5145//3813 5147//3813 5157//3813
f 5158//3767 5157//3767 5147//3767
f 5147//3814 5148//3814 5158//3814
f 5160//3815 5158//3815 5148//3815
f 5148//3816 5149//3816 5160//3816
f 5161//3817 5160//3817 5149//3817
f 5149//3818 5151//3818 5161//3818
f 5163//3818 5161//3818 5151//3818
f 5151//3819 5159//3819 5163//3819
f 5171//3810 5163//3810 5159//3810
f 5159//3811 5162//3811 5171//3811
f 5174//3811 5171//3811 5162//3811
f 5162//3820 981//3820 5174//3820
f 982//3550 5174//3550 981//3550
f 500//3620 5154//3620 506//3620
f 5165//3821 506//3821 5154//3821
f 5154//3822 5152//3822 5165//3822
f 5164//3823 5165//3823 5152//3823
f 5152//3824 5153//3824 5164//3824
f 5166//3812 5164//3812 5153//3812
f 5153//3801 5155//3801 5166//3801
f 5167//3825 5166//3825 5155//3825
f 5155//3741 5156//3741 5167//3741
f 5168//3826 5167//3826 5156//3826
f 5156//3585 5157//3585 5168//3585
f 5169//3585 5168//3585 5157//3585
f 5157//3767 5158//3767 5169//3767
f 5170//3813 5169//3813 5158//3813
f 5158//3827 5160//3827 5170//3827
f 5172//3828 5170//3828 5160//3828
f 5160//3829 5161//3829 5172//3829
f 5173//3830 5172//3830 5161//3830
f 5161//3818 5163//3818 5173//3818
f 5175//3831 5173//3831 5163//3831
f 5163//3832 5171//3832 5175//3832
f 5183//3833 5175//3833 5171//3833
f 5171//3834 5174//3834 5183//3834
f 5186//3834 5183//3834 5174//3834
f 5174//3835 982//3835 5186//3835
f 995//3644 5186//3644 982//3644
f 506//3836 5165//3836 512//3836
f 5177//3837 512//3837 5165//3837
f 5165//3823 5164//3823 5177//3823
f 5176//3822 5177//3822 5164//3822
f 5164//3838 5166//3838 5176//3838
f 5178//3839 5176//3839 5166//3839
f 5166//3840 5167//3840 5178//3840
f 5179//3841 5178//3841 5167//3841
f 5167//3826 5168//3826 5179//3826
f 5180//3741 5179//3741 5168//3741
f 5168//3715 5169//3715 5180//3715
f 5181//3804 5180//3804 5169//3804
f 5169//3789 5170//3789 5181//3789
f 5182//3789 5181//3789 5170//3789
f 5170//3842 5172//3842 5182//3842
f 5184//3828 5182//3828 5172//3828
f 5172//3829 5173//3829 5184//3829
f 5185//3830 5184//3830 5173//3830
f 5173//3843 5175//3843 5185//3843
f 5187//3843 5185//3843 5175//3843
f 5175//3844 5183//3844 5187//3844
f 5196//3833 5187//3833 5183//3833
f 5183//3834 5186//3834 5196//3834
f 5198//3845 5196//3845 5186//3845
f 5186//3835 995//3835 5198//3835
f 1006//3846 5198//3846 995//3846
f 512//3847 5177//3847 518//3847
f 5188//3848 518//3848 5177//3848
f 5177//3849 5176//3849 5188//3849
f 5189//3849 5188//3849 5176//3849
f 5176//3850 5178//3850 5189//3850
f 5190//3851 5189//3851 5178//3851
f 5178//3841 5179//3841 5190//3841
f 5191//3841 5190//3841 5179//3841
f 5179//3802 5180//3802 5191//3802
f 5192//3852 5191//3852 5180//3852
f 5180//3755 5181//3755 5192//3755
f 5193//3755 5192//3755 5181//3755
f 5181//3789 5182//3789 5193//3789
f 5194//3789 5193//3789 5182//3789
f 5182//3842 5184//3842 5194//3842
f 5195//3853 5194//3853 5184//3853
f 5184//3854 5185//3854 5195//3854
f 5197//3855 5195//3855 5185//3855
f 5185//3856 5187//3856 5197//3856
f 5199//3857 5197//3857 5187//3857
f 5187//3858 5196//3858 5199//3858
f 5208//3859 5199//3859 5196//3859
f 5196//3845 5198//3845 5208//3845
f 5210//3845 5208//3845 5198//3845
f 5198//3667 1006//3667 5210//3667
f 1017//3846 5210//3846 1006//3846
f 518//3669 5188//3669 519//3669
f 5200//3848 519//3848 5188//3848
f 5188//3849 5189//3849 5200//3849
f 5201//3860 5200//3860 5189//3860
f 5189//3850 5190//3850 5201//3850
f 5202//3861 5201//3861 5190//3861
f 5190//3841 5191//3841 5202//3841
f 5203//3862 5202//3862 5191//3862
f 5191//3803 5192//3803 5203//3803
f 5204//3863 5203//3863 5192//3863
f 5192//3755 5193//3755 5204//3755
f 5205//3678 5204//3678 5193//3678
f 5193//3864 5194//3864 5205//3864
f 5206//3865 5205//3865 5194//3865
f 5194//3866 5195//3866 5206//3866
f 5207//3866 5206//3866 5195//3866
f 5195//3867 5197//3867 5207//3867
f 5209//3566 5207//3566 5197//3566
f 5197//3868 5199//3868 5209//3868
f 5214//3869 5209//3869 5199//3869
f 5199//3640 5208//3640 5214//3640
f 5220//3546 5214//3546 5208//3546
f 5208//3870 5210//3870 5220//3870
f 5227//3870 5220//3870 5210//3870
f 5210//3667 1017//3667 5227//3667
f 1028//3668 5227//3668 1017//3668
f 519//3669 5200//3669 525//3669
f 5211//3670 525//3670 5200//3670
f 5200//3860 5201//3860 5211//3860
f 5212//3648 5211//3648 5201//3648
f 5201//3861 5202//3861 5212//3861
f 5213//3871 5212//3871 5202//3871
f 5202//3872 5203//3872 5213//3872
f 5215//3873 5213//3873 5203//3873
f 5203//3874 5204//3874 5215//3874
f 5216//3875 5215//3875 5204//3875
f 5204//3876 5205//3876 5216//3876
f 5217//3877 5216//3877 5205//3877
f 5205//3878 5206//3878 5217//3878
f 5218//3879 5217//3879 5206//3879
f 5206//3880 5207//3880 5218//3880
f 5219//3881 5218//3881 5207//3881
f 5207//3882 5209//3882 5219//3882
f 5221//3883 5219//3883 5209//3883
f 5209//3884 5214//3884 5221//3884
f 5228//3885 5221//3885 5214//3885
f 5214//3886 5220//3886 5228//3886
f 5232//3887 5228//3887 5220//3887
f 5220//3888 5227//3888 5232//3888
f 5241//3889 5232//3889 5227//3889
f 5227//3668 1028//3668 5241//3668
f 1037//3846 5241//3846 1028//3846
f 525//3693 5211//3693 529//3693
f 5222//3890 529//3890 5211//3890
f 5211//3648 5212//3648 5222//3648
f 5223//3891 5222//3891 5212//3891
f 5212//3892 5213//3892 5223//3892
f 5224//3893 5223//3893 5213//3893
f 5213//3894 5215//3894 5224//3894
f 5225//3895 5224//3895 5215//3895
f 5215//3896 5216//3896 5225//3896
f 5226//3897 5225//3897 5216//3897
f 5216//3898 5217//3898 5226//3898
f 5229//3899 5226//3899 5217//3899
f 5217//3900 5218//3900 5229//3900
f 5230//3901 5229//3901 5218//3901
f 5218//3902 5219//3902 5230//3902
f 5231//3903 5230//3903 5219//3903
f 5219//3904 5221//3904 5231//3904
f 5233//3905 5231//3905 5221//3905
f 5221//3906 5228//3906 5233//3906
f 5239//3638 5233//3638 5228//3638
f 5228//3907 5232//3907 5239//3907
f 5244//3908 5239//3908 5232//3908
f 5232//3889 5241//3889 5244//3889
f 5253//3909 5244//3909 5241//3909
f 5241//3910 1037//3910 5253//3910
f 1046//3550 5253//3550 1037//3550
f 529//3723 5222//3723 533//3723
f 5234//3911 533//3911 5222//3911
f 5222//3891 5223//3891 5234//3891
f 5235//3912 5234//3912 5223//3912
f 5223//3913 5224//3913 5235//3913
f 5236//3914 5235//3914 5224//3914
f 5224//3915 5225//3915 5236//3915
f 5237//3916 5236//3916 5225//3916
f 5225//3917 5226//3917 5237//3917
f 5238//3700 5237//3700 5226//3700
f 5226//3918 5229//3918 5238//3918
f 5240//3919 5238//3919 5229//3919
f 5229//3920 5230//3920 5240//3920
f 5242//3921 5240//3921 5230//3921
f 5230//3922 5231//3922 5242//3922
f 5243//3923 5242//3923 5231//3923
f 5231//3924 5233//3924 5243//3924
f 5245//3925 5243//3925 5233//3925
f 5233//3926 5239//3926 5245//3926
f 5251//3927 5245//3927 5239//3927
f 5239//3928 5244//3928 5251//3928
f 5256//3929 5251//3929 5244//3929
f 5244//3930 5253//3930 5256//3930
f 5266//3845 5256//3845 5253//3845
f 5253//3835 1046//3835 5266//3835
f 1055//3644 5266//3644 1046//3644
f 533//3784 5234//3784 537//3784
f 5246//3931 537//3931 5234//3931
f 5234//3932 5235//3932 5246//3932
f 5247//3933 5246//3933 5235//3933
f 5235//3934 5236//3934 5247//3934
f 5248//3935 5247//3935 5236//3935
f 5236//3936 5237//3936 5248//3936
f 5249//3937 5248//3937 5237//3937
f 5237//3938 5238//3938 5249//3938
f 5250//3939 5249//3939 5238//3939
f 5238//3940 5240//3940 5250//3940
f 5252//3941 5250//3941 5240//3941
f 5240//3942 5242//3942 5252//3942
f 5254//3943 5252//3943 5242//3943
f 5242//3944 5243//3944 5254//3944
f 5255//3945 5254//3945 5243//3945
f 5243//3946 5245//3946 5255//3946
f 5257//3947 5255//3947 5245//3947
f 5245//3948 5251//3948 5257//3948
f 5263//3843 5257//3843 5251//3843
f 5251//3720 5256//3720 5263//3720
f 5268//3949 5263//3949 5256//3949
f 5256//3950 5266//3950 5268//3950
f 5278//3951 5268//3951 5266//3951
f 5266//3667 1055//3667 5278//3667
f 1064//3846 5278//3846 1055//3846
f 537//3735 5246//3735 539//3735
f 5258//3952 539//3952 5246//3952
f 5246//3953 5247//3953 5258//3953
f 5259//3954 5258//3954 5247//3954
f 5247//3955 5248//3955 5259//3955
f 5260//3956 5259//3956 5248//3956
f 5248//3726 5249//3726 5260//3726
f 5261//3957 5260//3957 5249//3957
f 5249//3958 5250//3958 5261//3958
f 5262//3959 5261//3959 5250//3959
f 5250//3960 5252//3960 5262//3960
f 5264//3961 5262//3961 5252//3961
f 5252//3962 5254//3962 5264//3962
f 5265//3963 5264//3963 5254//3963
f 5254//3964 5255//3964 5265//3964
f 5267//3965 5265//3965 5255//3965
f 5255//3966 5257//3966 5267//3966
f 5269//3905 5267//3905 5257//3905
f 5257//3967 5263//3967 5269//3967
f 5272//3968 5269//3968 5263//3968
f 5263//3969 5268//3969 5272//3969
f 5280//3970 5272//3970 5268//3970
f 5268//3971 5278//3971 5280//3971
f 5290//3972 5280//3972 5278//3972
f 5278//3973 1064//3973 5290//3973
f 1073//3692 5290//3692 1064//3692
f 539//3551 5258//3551 541//3551
f 5270//3974 541//3974 5258//3974
f 5258//3975 5259//3975 5270//3975
f 5271//3976 5270//3976 5259//3976
f 5259//3956 5260//3956 5271//3956
f 5273//3977 5271//3977 5260//3977
f 5260//3978 5261//3978 5273//3978
f 5274//3979 5273//3979 5261//3979
f 5261//3980 5262//3980 5274//3980
f 5275//3981 5274//3981 5262//3981
f 5262//3982 5264//3982 5275//3982
f 5276//3983 5275//3983 5264//3983
f 5264//3984 5265//3984 5276//3984
f 5277//3985 5276//3985 5265//3985
f 5265//3986 5267//3986 5277//3986
f 5279//3987 5277//3987 5267//3987
f 5267//3988 5269//3988 5279//3988
f 5281//3989 5279//3989 5269//3989
f 5269//3990 5272//3990 5281//3990
f 5282//3991 5281//3991 5272//3991
f 5272//3992 5280//3992 5282//3992
f 5291//3993 5282//3993 5280//3993
f 5280//3994 5290//3994 5291//3994
f 5298//3995 5291//3995 5290//3995
f 5290//3996 1073//3996 5298//3996
f 1074//3997 5298//3997 1073//3997
f 541//3735 5270//3735 543//3735
f 5283//3998 543//3998 5270//3998
f 5270//3999 5271//3999 5283//3999
f 5284//4000 5283//4000 5271//4000
f 5271//4001 5273//4001 5284//4001
f 5285//4002 5284//4002 5273//4002
f 5273//4003 5274//4003 5285//4003
f 5286//4004 5285//4004 5274//4004
f 5274//4005 5275//4005 5286//4005
f 5287//4006 5286//4006 5275//4006
f 5275//4007 5276//4007 5287//4007
f 5288//4008 5287//4008 5276//4008
f 5276//3985 5277//3985 5288//3985
f 5289//4009 5288//4009 5277//4009
f 5277//4010 5279//4010 5289//4010
f 5292//4011 5289//4011 5279//4011
f 5279//4012 5281//4012 5292//4012
f 5293//4013 5292//4013 5281//4013
f 5281//4014 5282//4014 5293//4014
f 5294//4015 5293//4015 5282//4015
f 5282//4016 5291//4016 5294//4016
f 5295//4017 5294//4017 5291//4017
f 5291//4018 5298//4018 5306//4018
f 5306//4019 5295//4019 5291//4019
f 5298//4020 1074//4020 1082//4020
f 1082//4021 5306//4021 5298//4021
f 543//4022 5283//4022 545//4022
f 5296//4023 545//4023 5283//4023
f 5283//4024 5284//4024 5296//4024
f 5297//4025 5296//4025 5284//4025
f 5284//4026 5285//4026 5297//4026
f 5299//4027 5297//4027 5285//4027
f 5285//4028 5286//4028 5299//4028
f 5300//4029 5299//4029 5286//4029
f 5286//4030 5287//4030 5300//4030
f 5301//4031 5300//4031 5287//4031
f 5287//4032 5288//4032 5301//4032
f 5302//4033 5301//4033 5288//4033
f 5288//4034 5289//4034 5302//4034
f 5303//4035 5302//4035 5289//4035
f 5289//4036 5292//4036 5303//4036
f 5304//4037 5303//4037 5292//4037
f 5292//4038 5293//4038 5304//4038
f 5305//4039 5304//4039 5293//4039
f 5293//4040 5294//4040 5305//4040
f 5307//4041 5305//4041 5294//4041
f 5294//4042 5295//4042 5307//4042
f 5306//4043 5307//4043 5295//4043
f 545//3525 5296//3525 1//3525
f 1162//4044 1//4044 5296//4044
f 5296//4045 5297//4045 1162//4045
f 1154//4046 1162//4046 5297//4046
f 5297//4047 5299//4047 1154//4047
f 1146//4048 1154//4048 5299//4048
f 5299//4049 5300//4049 1146//4049
f 1138//4050 1146//4050 5300//4050
f 5300//4051 5301//4051 1138//4051
f 1130//4052 1138//4052 5301//4052
f 5301//4053 5302//4053 1130//4053
f 1122//4054 1130//4054 5302//4054
f 5302//4055 5303//4055 1122//4055
f 1114//4056 1122//4056 5303//4056
f 5303//4057 5304//4057 1114//4057
f 1106//4058 1114//4058 5304//4058
f 5304//4059 5305//4059 1106//4059
f 1098//4060 1106//4060 5305//4060
f 5305//4061 5307//4061 1098//4061
f 1090//4062 1098//4062 5307//4062
f 5307//4063 5306//4063 1090//4063
f 1082//4064 1090//4064 5306//4064
f 685//1376 5308//1376 5341//1376
f 5341//1376 683//1376 685//1376
f 5308//4065 5309//4065 5342//4065
f 5342//4065 5341//4065 5308//4065
f 5309//4066 5310//4066 5343//4066
f 5343//4067 5342//4067 5309//4067
f 5310//4068 5311//4068 5344//4068
f 5344//4068 5343//4068 5310//4068
f 5311//4069 5312//4069 5345//4069
f 5345//4069 5344//4069 5311//4069
f 5312//4070 5313//4070 5346//4070
f 5346//4070 5345//4070 5312//4070
f 5313//4071 5314//4071 5347//4071
f 5347//4071 5346//4071 5313//4071
f 5314//4072 5315//4072 5348//4072
f 5348//4073 5347//4073 5314//4073
f 5315//4074 5316//4074 5349//4074
f 5349//4075 5348//4075 5315//4075
f 5316//4076 5317//4076 5350//4076
f 5350//4077 5349//4077 5316//4077
f 5317//4078 5318//4078 5351//4078
f 5351//4078 5350//4078 5317//4078
f 5318//4079 5319//4079 5352//4079
f 5352//4080 5351//4080 5318//4080
f 5319//4081 5320//4081 5353//4081
f 5353//4082 5352//4082 5319//4082
f 5320//4083 5321//4083 5354//4083
f 5354//4084 5353//4084 5320//4084
f 5321//4085 5322//4085 5355//4085
f 5355//4086 5354//4086 5321//4086
f 5322//4087 5323//4087 5356//4087
f 5356//4088 5355//4088 5322//4088
f 5323//4089 5324//4089 5357//4089
f 5357//4090 5356//4090 5323//4090
f 5324//4091 5325//4091 5358//4091
f 5358//4092 5357//4092 5324//4092
f 5325//4093 5326//4093 5359//4093
f 5359//4093 5358//4093 5325//4093
f 5326//4094 5327//4094 5360//4094
f 5360//4094 5359//4094 5326//4094
f 5327//4095 5328//4095 5361//4095
f 5361//4096 5360//4096 5327//4096
f 5328//4097 5329//4097 5362//4097
f 5362//4097 5361//4097 5328//4097
f 5329//4098 5330//4098 5363//4098
f 5363//4099 5362//4099 5329//4099
f 5330//4100 5331//4100 5364//4100
f 5364//4101 5363//4101 5330//4101
f 5331//4102 5332//4102 5365//4102
f 5365//4103 5364//4103 5331//4103
f 5332//4104 5333//4104 5366//4104
f 5366//4104 5365//4104 5332//4104
f 5333//4105 5334//4105 5367//4105
f 5367//4105 5366//4105 5333//4105
f 5334//4106 5335//4106 5368//4106
f 5368//4107 5367//4107 5334//4107
f 5335//4108 5336//4108 5369//4108
f 5369//4109 5368//4109 5335//4109
f 5336//4110 5337//4110 5370//4110
f 5370//4111 5369//4111 5336//4111
f 5337//4112 5338//4112 5371//4112
f 5371//4113 5370//4113 5337//4113
f 5338//4114 5339//4114 5372//4114
f 5372//4115 5371//4115 5338//4115
f 5339//4116 5340//4116 5373//4116
f 5373//4116 5372//4116 5339//4116
f 5340//4117 1499//4117 1504//4117
f 1504//4118 5373//4118 5340//4118
f 683//1376 5341//1376 5374//1376
f 5374//1376 682//1376 683//1376
f 5341//4065 5342//4065 5375//4065
f 5375//4065 5374//4065 5341//4065
f 5342//4066 5343//4066 5376//4066
f 5376//4066 5375//4066 5342//4066
f 5343//4068 5344//4068 5377//4068
f 5377//4119 5376//4119 5343//4119
f 5344//4120 5345//4120 5378//4120
f 5378//4121 5377//4121 5344//4121
f 5345//4122 5346//4122 5379//4122
f 5379//4122 5378//4122 5345//4122
f 5346//4071 5347//4071 5380//4071
f 5380//4071 5379//4071 5346//4071
f 5347//4073 5348//4073 5381//4073
f 5381//4073 5380//4073 5347//4073
f 5348//4075 5349//4075 5382//4075
f 5382//4075 5381//4075 5348//4075
f 5349//4123 5350//4123 5383//4123
f 5383//4124 5382//4124 5349//4124
f 5350//4125 5351//4125 5384//4125
f 5384//4125 5383//4125 5350//4125
f 5351//4126 5352//4126 5385//4126
f 5385//4080 5384//4080 5351//4080
f 5352//4127 5353//4127 5386//4127
f 5386//4128 5385//4128 5352//4128
f 5353//4129 5354//4129 5387//4129
f 5387//4130 5386//4130 5353//4130
f 5354//4086 5355//4086 5388//4086
f 5388//4085 5387//4085 5354//4085
f 5355//4131 5356//4131 5389//4131
f 5389//4132 5388//4132 5355//4132
f 5356//4133 5357//4133 5390//4133
f 5390//4134 5389//4134 5356//4134
f 5357//4135 5358//4135 5391//4135
f 5391//4135 5390//4135 5357//4135
f 5358//4136 5359//4136 5392//4136
f 5392//4137 5391//4137 5358//4137
f 5359//4138 5360//4138 5393//4138
f 5393//4138 5392//4138 5359//4138
f 5360//4096 5361//4096 5394//4096
f 5394//4095 5393//4095 5360//4095
f 5361//4139 5362//4139 5395//4139
f 5395//4140 5394//4140 5361//4140
f 5362//4099 5363//4099 5396//4099
f 5396//4098 5395//4098 5362//4098
f 5363//4101 5364//4101 5397//4101
f 5397//4100 5396//4100 5363//4100
f 5364//4103 5365//4103 5398//4103
f 5398//4102 5397//4102 5364//4102
f 5365//4141 5366//4141 5399//4141
f 5399//4141 5398//4141 5365//4141
f 5366//4142 5367//4142 5400//4142
f 5400//4142 5399//4142 5366//4142
f 5367//4107 5368//4107 5401//4107
f 5401//4106 5400//4106 5367//4106
f 5368//4143 5369//4143 5402//4143
f 5402//4143 5401//4143 5368//4143
f 5369//4111 5370//4111 5403//4111
f 5403//4111 5402//4111 5369//4111
f 5370//4113 5371//4113 5404//4113
f 5404//4112 5403//4112 5370//4112
f 5371//4115 5372//4115 5405//4115
f 5405//4114 5404//4114 5371//4114
f 5372//4144 5373//4144 5406//4144
f 5406//4144 5405//4144 5372//4144
f 5373//4145 1504//4145 1509//4145
f 1509//4145 5406//4145 5373//4145
f 682//1376 5374//1376 5407//1376
f 5407//1376 681//1376 682//1376
f 5374//4065 5375//4065 5408//4065
f 5408//4065 5407//4065 5374//4065
f 5375//4066 5376//4066 5409//4066
f 5409//4066 5408//4066 5375//4066
f 5376//4119 5377//4119 5410//4119
f 5410//4068 5409//4068 5376//4068
f 5377//4121 5378//4121 5411//4121
f 5411//4069 5410//4069 5377//4069
f 5378//4070 5379//4070 5412//4070
f 5412//4070 5411//4070 5378//4070
f 5379//4071 5380//4071 5413//4071
f 5413//4071 5412//4071 5379//4071
f 5380//4073 5381//4073 5414//4073
f 5414//4073 5413//4073 5380//4073
f 5381//4075 5382//4075 5415//4075
f 5415//4146 5414//4146 5381//4146
f 5382//4076 5383//4076 5416//4076
f 5416//4076 5415//4076 5382//4076
f 5383//4078 5384//4078 5417//4078
f 5417//4078 5416//4078 5383//4078
f 5384//4079 5385//4079 5418//4079
f 5418//4080 5417//4080 5384//4080
f 5385//4081 5386//4081 5419//4081
f 5419//4082 5418//4082 5385//4082
f 5386//4083 5387//4083 5420//4083
f 5420//4084 5419//4084 5386//4084
f 5387//4085 5388//4085 5421//4085
f 5421//4086 5420//4086 5387//4086
f 5388//4147 5389//4147 5422//4147
f 5422//4088 5421//4088 5388//4088
f 5389//4089 5390//4089 5423//4089
f 5423//4090 5422//4090 5389//4090
f 5390//4092 5391//4092 5424//4092
f 5424//4092 5423//4092 5390//4092
f 5391//4137 5392//4137 5425//4137
f 5425//4136 5424//4136 5391//4136
f 5392//4094 5393//4094 5426//4094
f 5426//4094 5425//4094 5392//4094
f 5393//4095 5394//4095 5427//4095
f 5427//4096 5426//4096 5393//4096
f 5394//4148 5395//4148 5428//4148
f 5428//4097 5427//4097 5394//4097
f 5395//4098 5396//4098 5429//4098
f 5429//4149 5428//4149 5395//4149
f 5396//4100 5397//4100 5430//4100
f 5430//4101 5429//4101 5396//4101
f 5397//4102 5398//4102 5431//4102
f 5431//4103 5430//4103 5397//4103
f 5398//4104 5399//4104 5432//4104
f 5432//4104 5431//4104 5398//4104
f 5399//4105 5400//4105 5433//4105
f 5433//4105 5432//4105 5399//4105
f 5400//4106 5401//4106 5434//4106
f 5434//4107 5433//4107 5400//4107
f 5401//4109 5402//4109 5435//4109
f 5435//4109 5434//4109 5401//4109
f 5402//4150 5403//4150 5436//4150
f 5436//4150 5435//4150 5402//4150
f 5403//4112 5404//4112 5437//4112
f 5437//4113 5436//4113 5403//4113
f 5404//4114 5405//4114 5438//4114
f 5438//4115 5437//4115 5404//4115
f 5405//4116 5406//4116 5439//4116
f 5439//4116 5438//4116 5405//4116
f 5406//4118 1509//4118 1514//4118
f 1514//4118 5439//4118 5406//4118
f 681//1376 5407//1376 5440//1376
f 5440//1376 680//1376 681//1376
f 5407//4065 5408//4065 5441//4065
f 5441//4065 5440//4065 5407//4065
f 5408//4066 5409//4066 5442//4066
f 5442//4066 5441//4066 5408//4066
f 5409//4068 5410//4068 5443//4068
f 5443//4119 5442//4119 5409//4119
f 5410//4069 5411//4069 5444//4069
f 5444//4121 5443//4121 5410//4121
f 5411//4122 5412//4122 5445//4122
f 5445//4122 5444//4122 5411//4122
f 5412//4071 5413//4071 5446//4071
f 5446//4151 5445//4151 5412//4151
f 5413//4073 5414//4073 5447//4073
f 5447//4152 5446//4152 5413//4152
f 5414//4146 5415//4146 5448//4146
f 5448//4074 5447//4074 5414//4074
f 5415//4076 5416//4076 5449//4076
f 5449//4076 5448//4076 5415//4076
f 5416//4125 5417//4125 5450//4125
f 5450//4125 5449//4125 5416//4125
f 5417//4080 5418//4080 5451//4080
f 5451//4080 5450//4080 5417//4080
f 5418//4127 5419//4127 5452//4127
f 5452//4153 5451//4153 5418//4153
f 5419//4084 5420//4084 5453//4084
f 5453//4154 5452//4154 5419//4154
f 5420//4086 5421//4086 5454//4086
f 5454//4155 5453//4155 5420//4155
f 5421//4156 5422//4156 5455//4156
f 5455//4156 5454//4156 5421//4156
f 5422//4133 5423//4133 5456//4133
f 5456//4133 5455//4133 5422//4133
f 5423//4092 5424//4092 5457//4092
f 5457//4091 5456//4091 5423//4091
f 5424//4136 5425//4136 5458//4136
f 5458//4136 5457//4136 5424//4136
f 5425//4138 5426//4138 5459//4138
f 5459//4138 5458//4138 5425//4138
f 5426//4096 5427//4096 5460//4096
f 5460//4095 5459//4095 5426//4095
f 5427//4139 5428//4139 5461//4139
f 5461//4139 5460//4139 5427//4139
f 5428//4099 5429//4099 5462//4099
f 5462//4098 5461//4098 5428//4098
f 5429//4101 5430//4101 5463//4101
f 5463//4100 5462//4100 5429//4100
f 5430//4103 5431//4103 5464//4103
f 5464//4102 5463//4102 5430//4102
f 5431//4157 5432//4157 5465//4157
f 5465//4141 5464//4141 5431//4141
f 5432//4142 5433//4142 5466//4142
f 5466//4142 5465//4142 5432//4142
f 5433//4107 5434//4107 5467//4107
f 5467//4106 5466//4106 5433//4106
f 5434//4109 5435//4109 5468//4109
f 5468//4108 5467//4108 5434//4108
f 5435//4111 5436//4111 5469//4111
f 5469//4110 5468//4110 5435//4110
f 5436//4113 5437//4113 5470//4113
f 5470//4112 5469//4112 5436//4112
f 5437//4115 5438//4115 5471//4115
f 5471//4114 5470//4114 5437//4114
f 5438//4144 5439//4144 5472//4144
f 5472//4144 5471//4144 5438//4144
f 5439//4118 1514//4118 1519//4118
f 1519//4117 5472//4117 5439//4117
f 680//1376 5440//1376 5473//1376
f 5473//1376 679//1376 680//1376
f 5440//4065 5441//4065 5474//4065
f 5474//4065 5473//4065 5440//4065
f 5441//4066 5442//4066 5475//4066
f 5475//4067 5474//4067 5441//4067
f 5442//4119 5443//4119 5476//4119
f 5476//4068 5475//4068 5442//4068
f 5443//4121 5444//4121 5477//4121
f 5477//4069 5476//4069 5443//4069
f 5444//4070 5445//4070 5478//4070
f 5478//4070 5477//4070 5444//4070
f 5445//4071 5446//4071 5479//4071
f 5479//4071 5478//4071 5445//4071
f 5446//4072 5447//4072 5480//4072
f 5480//4073 5479//4073 5446//4073
f 5447//4158 5448//4158 5481//4158
f 5481//4075 5480//4075 5447//4075
f 5448//4076 5449//4076 5482//4076
f 5482//4076 5481//4076 5448//4076
f 5449//4078 5450//4078 5483//4078
f 5483//4078 5482//4078 5449//4078
f 5450//4080 5451//4080 5484//4080
f 5484//4080 5483//4080 5450//4080
f 5451//4153 5452//4153 5485//4153
f 5485//4127 5484//4127 5451//4127
f 5452//4154 5453//4154 5486//4154
f 5486//4084 5485//4084 5452//4084
f 5453//4159 5454//4159 5487//4159
f 5487//4086 5486//4086 5453//4086
f 5454//4088 5455//4088 5488//4088
f 5488//4088 5487//4088 5454//4088
f 5455//4090 5456//4090 5489//4090
f 5489//4160 5488//4160 5455//4160
f 5456//4091 5457//4091 5490//4091
f 5490//4092 5489//4092 5456//4092
f 5457//4093 5458//4093 5491//4093
f 5491//4093 5490//4093 5457//4093
f 5458//4094 5459//4094 5492//4094
f 5492//4094 5491//4094 5458//4094
f 5459//4095 5460//4095 5493//4095
f 5493//4096 5492//4096 5459//4096
f 5460//4097 5461//4097 5494//4097
f 5494//4097 5493//4097 5460//4097
f 5461//4098 5462//4098 5495//4098
f 5495//4149 5494//4149 5461//4149
f 5462//4100 5463//4100 5496//4100
f 5496//4101 5495//4101 5462//4101
f 5463//4102 5464//4102 5497//4102
f 5497//4103 5496//4103 5463//4103
f 5464//4104 5465//4104 5498//4104
f 5498//4104 5497//4104 5464//4104
f 5465//4105 5466//4105 5499//4105
f 5499//4105 5498//4105 5465//4105
f 5466//4106 5467//4106 5500//4106
f 5500//4107 5499//4107 5466//4107
f 5467//4108 5468//4108 5501//4108
f 5501//4109 5500//4109 5467//4109
f 5468//4110 5469//4110 5502//4110
f 5502//4111 5501//4111 5468//4111
f 5469//4112 5470//4112 5503//4112
f 5503//4113 5502//4113 5469//4113
f 5470//4114 5471//4114 5504//4114
f 5504//4115 5503//4115 5470//4115
f 5471//4116 5472//4116 5505//4116
f 5505//4116 5504//4116 5471//4116
f 5472//4117 1519//4117 1524//4117
f 1524//4118 5505//4118 5472//4118
f 679//1376 5473//1376 5506//1376
f 5506//1376 671//1376 679//1376
f 5473//4065 5474//4065 5507//4065
f 5507//4065 5506//4065 5473//4065
f 5474//4067 5475//4067 5508//4067
f 5508//4066 5507//4066 5474//4066
f 5475//4068 5476//4068 5509//4068
f 5509//4119 5508//4119 5475//4119
f 5476//4069 5477//4069 5510//4069
f 5510//4121 5509//4121 5476//4121
f 5477//4122 5478//4122 5511//4122
f 5511//4122 5510//4122 5477//4122
f 5478//4071 5479//4071 5512//4071
f 5512//4151 5511//4151 5478//4151
f 5479//4073 5480//4073 5513//4073
f 5513//4073 5512//4073 5479//4073
f 5480//4146 5481//4146 5514//4146
f 5514//4075 5513//4075 5480//4075
f 5481//4076 5482//4076 5515//4076
f 5515//4076 5514//4076 5481//4076
f 5482//4125 5483//4125 5516//4125
f 5516//4125 5515//4125 5482//4125
f 5483//4080 5484//4080 5517//4080
f 5517//4080 5516//4080 5483//4080
f 5484//4127 5485//4127 5518//4127
f 5518//4153 5517//4153 5484//4153
f 5485//4084 5486//4084 5519//4084
f 5519//4154 5518//4154 5485//4154
f 5486//4086 5487//4086 5520//4086
f 5520//4155 5519//4155 5486//4155
f 5487//4131 5488//4131 5521//4131
f 5521//4161 5520//4161 5487//4161
f 5488//4133 5489//4133 5522//4133
f 5522//4133 5521//4133 5488//4133
f 5489//4135 5490//4135 5523//4135
f 5523//4162 5522//4162 5489//4162
f 5490//4136 5491//4136 5524//4136
f 5524//4137 5523//4137 5490//4137
f 5491//4138 5492//4138 5525//4138
f 5525//4163 5524//4163 5491//4163
f 5492//4096 5493//4096 5526//4096
f 5526//4095 5525//4095 5492//4095
f 5493//4140 5494//4140 5527//4140
f 5527//4140 5526//4140 5493//4140
f 5494//4149 5495//4149 5528//4149
f 5528//4098 5527//4098 5494//4098
f 5495//4101 5496//4101 5529//4101
f 5529//4100 5528//4100 5495//4100
f 5496//4103 5497//4103 5530//4103
f 5530//4102 5529//4102 5496//4102
f 5497//4157 5498//4157 5531//4157
f 5531//4157 5530//4157 5497//4157
f 5498//4142 5499//4142 5532//4142
f 5532//4142 5531//4142 5498//4142
f 5499//4107 5500//4107 5533//4107
f 5533//4106 5532//4106 5499//4106
f 5500//4109 5501//4109 5534//4109
f 5534//4108 5533//4108 5500//4108
f 5501//4111 5502//4111 5535//4111
f 5535//4110 5534//4110 5501//4110
f 5502//4113 5503//4113 5536//4113
f 5536//4112 5535//4112 5502//4112
f 5503//4115 5504//4115 5537//4115
f 5537//4114 5536//4114 5503//4114
f 5504//4144 5505//4144 5538//4144
f 5538//4144 5537//4144 5504//4144
f 5505//4145 1524//4145 1529//4145
f 1529//4145 5538//4145 5505//4145
f 671//1376 5506//1376 5539//1376
f 5539//1376 650//1376 671//1376
f 5506//4065 5507//4065 5540//4065
f 5540//4065 5539//4065 5506//4065
f 5507//4066 5508//4066 5541//4066
f 5541//4066 5540//4066 5507//4066
f 5508//4119 5509//4119 5542//4119
f 5542//4068 5541//4068 5508//4068
f 5509//4121 5510//4121 5543//4121
f 5543//4069 5542//4069 5509//4069
f 5510//4070 5511//4070 5544//4070
f 5544//4070 5543//4070 5510//4070
f 5511//4071 5512//4071 5545//4071
f 5545//4071 5544//4071 5511//4071
f 5512//4073 5513//4073 5546//4073
f 5546//4073 5545//4073 5512//4073
f 5513//4146 5514//4146 5547//4146
f 5547//4146 5546//4146 5513//4146
f 5514//4076 5515//4076 5548//4076
f 5548//4077 5547//4077 5514//4077
f 5515//4078 5516//4078 5549//4078
f 5549//4078 5548//4078 5515//4078
f 5516//4080 5517//4080 5550//4080
f 5550//4080 5549//4080 5516//4080
f 5517//4153 5518//4153 5551//4153
f 5551//4127 5550//4127 5517//4127
f 5518//4154 5519//4154 5552//4154
f 5552//4084 5551//4084 5518//4084
f 5519//4159 5520//4159 5553//4159
f 5553//4164 5552//4164 5519//4164
f 5520//4165 5521//4165 5554//4165
f 5554//4088 5553//4088 5520//4088
f 5521//4090 5522//4090 5555//4090
f 5555//4090 5554//4090 5521//4090
f 5522//4092 5523//4092 5556//4092
f 5556//4092 5555//4092 5522//4092
f 5523//4137 5524//4137 5557//4137
f 5557//4136 5556//4136 5523//4136
f 5524//4094 5525//4094 5558//4094
f 5558//4094 5557//4094 5524//4094
f 5525//4095 5526//4095 5559//4095
f 5559//4096 5558//4096 5525//4096
f 5526//4148 5527//4148 5560//4148
f 5560//4097 5559//4097 5526//4097
f 5527//4098 5528//4098 5561//4098
f 5561//4149 5560//4149 5527//4149
f 5528//4100 5529//4100 5562//4100
f 5562//4101 5561//4101 5528//4101
f 5529//4102 5530//4102 5563//4102
f 5563//4103 5562//4103 5529//4103
f 5530//4104 5531//4104 5564//4104
f 5564//4104 5563//4104 5530//4104
f 5531//4105 5532//4105 5565//4105
f 5565//4105 5564//4105 5531//4105
f 5532//4106 5533//4106 5566//4106
f 5566//4107 5565//4107 5532//4107
f 5533//4108 5534//4108 5567//4108
f 5567//4109 5566//4109 5533//4109
f 5534//4110 5535//4110 5568//4110
f 5568//4111 5567//4111 5534//4111
f 5535//4112 5536//4112 5569//4112
f 5569//4113 5568//4113 5535//4113
f 5536//4114 5537//4114 5570//4114
f 5570//4115 5569//4115 5536//4115
f 5537//4116 5538//4116 5571//4116
f 5571//4116 5570//4116 5537//4116
f 5538//4118 1529//4118 1534//4118
f 1534//4118 5571//4118 5538//4118
f 650//1376 5539//1376 5572//1376
f 5572//1376 627//1376 650//1376
f 5539//4065 5540//4065 5573//4065
f 5573//4065 5572//4065 5539//4065
f 5540//4066 5541//4066 5574//4066
f 5574//4066 5573//4066 5540//4066
f 5541//4068 5542//4068 5575//4068
f 5575//4119 5574//4119 5541//4119
f 5542//4069 5543//4069 5576//4069
f 5576//4121 5575//4121 5542//4121
f 5543//4122 5544//4122 5577//4122
f 5577//4122 5576//4122 5543//4122
f 5544//4151 5545//4151 5578//4151
f 5578//4151 5577//4151 5544//4151
f 5545//4073 5546//4073 5579//4073
f 5579//4072 5578//4072 5545//4072
f 5546//4075 5547//4075 5580//4075
f 5580//4146 5579//4146 5546//4146
f 5547//4123 5548//4123 5581//4123
f 5581//4123 5580//4123 5547//4123
f 5548//4125 5549//4125 5582//4125
f 5582//4125 5581//4125 5548//4125
f 5549//4080 5550//4080 5583//4080
f 5583//4080 5582//4080 5549//4080
f 5550//4127 5551//4127 5584//4127
f 5584//4153 5583//4153 5550//4153
f 5551//4084 5552//4084 5585//4084
f 5585//4154 5584//4154 5551//4154
f 5552//4086 5553//4086 5586//4086
f 5586//4155 5585//4155 5552//4155
f 5553//4088 5554//4088 5587//4088
f 5587//4132 5586//4132 5553//4132
f 5554//4133 5555//4133 5588//4133
f 5588//4166 5587//4166 5554//4166
f 5555//4092 5556//4092 5589//4092
f 5589//4091 5588//4091 5555//4091
f 5556//4136 5557//4136 5590//4136
f 5590//4136 5589//4136 5556//4136
f 5557//4163 5558//4163 5591//4163
f 5591//4163 5590//4163 5557//4163
f 5558//4096 5559//4096 5592//4096
f 5592//4095 5591//4095 5558//4095
f 5559//4139 5560//4139 5593//4139
f 5593//4139 5592//4139 5559//4139
f 5560//4099 5561//4099 5594//4099
f 5594//4098 5593//4098 5560//4098
f 5561//4101 5562//4101 5595//4101
f 5595//4100 5594//4100 5561//4100
f 5562//4103 5563//4103 5596//4103
f 5596//4102 5595//4102 5562//4102
f 5563//4141 5564//4141 5597//4141
f 5597//4141 5596//4141 5563//4141
f 5564//4142 5565//4142 5598//4142
f 5598//4142 5597//4142 5564//4142
f 5565//4107 5566//4107 5599//4107
f 5599//4106 5598//4106 5565//4106
f 5566//4143 5567//4143 5600//4143
f 5600//4143 5599//4143 5566//4143
f 5567//4111 5568//4111 5601//4111
f 5601//4111 5600//4111 5567//4111
f 5568//4113 5569//4113 5602//4113
f 5602//4112 5601//4112 5568//4112
f 5569//4115 5570//4115 5603//4115
f 5603//4114 5602//4114 5569//4114
f 5570//4144 5571//4144 5604//4144
f 5604//4144 5603//4144 5570//4144
f 5571//4145 1534//4145 1537//4145
f 1537//4145 5604//4145 5571//4145
f 627//1376 5572//1376 1780//1376
f 1780//1376 626//1376 627//1376
f 5572//4065 5573//4065 1780//4065
f 1776//4167 1780//4167 5573//4167
f 5573//4168 5574//4168 1776//4168
f 1772//4168 1776//4168 5574//4168
f 5574//4119 5575//4119 1772//4119
f 1768//4169 1772//4169 5575//4169
f 5575//4170 5576//4170 1768//4170
f 1764//4171 1768//4171 5576//4171
f 5576//4172 5577//4172 1764//4172
f 1760//4172 1764//4172 5577//4172
f 5577//4173 5578//4173 1760//4173
f 1756//4174 1760//4174 5578//4174
f 5578//4175 5579//4175 1756//4175
f 1751//4176 1756//4176 5579//4176
f 5579//4177 5580//4177 1751//4177
f 1746//4178 1751//4178 5580//4178
f 5580//4179 5581//4179 1746//4179
f 1741//4180 1746//4180 5581//4180
f 5581//4181 5582//4181 1741//4181
f 1734//4182 1741//4182 5582//4182
f 5582//4183 5583//4183 1734//4183
f 1726//4184 1734//4184 5583//4184
f 5583//4185 5584//4185 1726//4185
f 1718//4186 1726//4186 5584//4186
f 5584//4187 5585//4187 1718//4187
f 1709//4188 1718//4188 5585//4188
f 5585//4189 5586//4189 1709//4189
f 1700//4190 1709//4190 5586//4190
f 5586//4191 5587//4191 1700//4191
f 1689//4191 1700//4191 5587//4191
f 5587//4134 5588//4134 1689//4134
f 1675//4192 1689//4192 5588//4192
f 5588//4193 5589//4193 1675//4193
f 1659//4193 1675//4193 5589//4193
f 5589//4194 5590//4194 1659//4194
f 1643//4195 1659//4195 5590//4195
f 5590//4196 5591//4196 1643//4196
f 1626//4197 1643//4197 5591//4197
f 5591//4198 5592//4198 1626//4198
f 1607//4199 1626//4199 5592//4199
f 5592//4097 5593//4097 1607//4097
f 1599//4200 1607//4200 5593//4200
f 5593//4201 5594//4201 1599//4201
f 1591//4202 1599//4202 5594//4202
f 5594//4100 5595//4100 1591//4100
f 1584//4203 1591//4203 5595//4203
f 5595//4204 5596//4204 1584//4204
f 1579//4205 1584//4205 5596//4205
f 5596//4206 5597//4206 1579//4206
f 1574//4207 1579//4207 5597//4207
f 5597//4208 5598//4208 1574//4208
f 1569//4209 1574//4209 5598//4209
f 5598//4210 5599//4210 1569//4210
f 1564//4211 1569//4211 5599//4211
f 5599//4212 5600//4212 1564//4212
f 1558//4213 1564//4213 5600//4213
f 5600//4214 5601//4214 1558//4214
f 1552//4215 1558//4215 5601//4215
f 5601//4216 5602//4216 1552//4216
f 1549//4217 1552//4217 5602//4217
f 5602//4218 5603//4218 1549//4218
f 1546//4219 1549//4219 5603//4219
f 5603//4144 5604//4144 1546//4144
f 1543//4220 1546//4220 5604//4220
f 5604//4145 1537//4145 1543//4145
f 1540//4221 1543//4221 1537//4221
f 1449//4222 1463//4222 5605//4222
f 5606//4223 5605//4223 1463//4223
f 1463//4224 1475//4224 5606//4224
f 5607//4225 5606//4225 1475//4225
f 1475//4226 1485//4226 5607//4226
f 5608//4227 5607//4227 1485//4227
f 1485//4228 1493//4228 5609//4228
f 5609//4227 5608//4227 1485//4227
f 1493//4229 1499//4229 5340//4229
f 5340//4230 5609//4230 1493//4230
f 5605//4231 5606//4231 5610//4231
f 5611//4232 5610//4232 5606//4232
f 5606//4233 5607//4233 5611//4233
f 5612//4234 5611//4234 5607//4234
f 5607//4223 5608//4223 5612//4223
f 5613//4235 5612//4235 5608//4235
f 5608//4236 5609//4236 5614//4236
f 5614//4235 5613//4235 5608//4235
f 5609//4230 5340//4230 5339//4230
f 5339//4237 5614//4237 5609//4237
f 5610//4238 5611//4238 5615//4238
f 5616//4239 5615//4239 5611//4239
f 5611//4240 5612//4240 5616//4240
f 5617//4241 5616//4241 5612//4241
f 5612//4242 5613//4242 5617//4242
f 5618//4243 5617//4243 5613//4243
f 5613//4244 5614//4244 5619//4244
f 5619//4245 5618//4245 5613//4245
f 5614//4246 5339//4246 5338//4246
f 5338//4247 5619//4247 5614//4247
f 5615//4248 5616//4248 5620//4248
f 5621//4249 5620//4249 5616//4249
f 5616//4250 5617//4250 5621//4250
f 5622//4251 5621//4251 5617//4251
f 5617//4252 5618//4252 5622//4252
f 5623//4253 5622//4253 5618//4253
f 5618//4254 5619//4254 5624//4254
f 5624//4255 5623//4255 5618//4255
f 5619//4256 5338//4256 5337//4256
f 5337//4230 5624//4230 5619//4230
f 5620//4257 5621//4257 5625//4257
f 5626//4258 5625//4258 5621//4258
f 5621//4259 5622//4259 5626//4259
f 5627//4260 5626//4260 5622//4260
f 5622//4260 5623//4260 5627//4260
f 5628//4261 5627//4261 5623//4261
f 5623//4262 5624//4262 5629//4262
f 5629//4263 5628//4263 5623//4263
f 5624//4264 5337//4264 5336//4264
f 5336//4265 5629//4265 5624//4265
f 5625//4266 5626//4266 5630//4266
f 5631//4267 5630//4267 5626//4267
f 5626//4268 5627//4268 5631//4268
f 5632//4269 5631//4269 5627//4269
f 5627//4270 5628//4270 5632//4270
f 5633//4252 5632//4252 5628//4252
f 5628//4271 5629//4271 5634//4271
f 5634//4272 5633//4272 5628//4272
f 5629//4273 5336//4273 5335//4273
f 5335//4274 5634//4274 5629//4274
f 5630//4249 5631//4249 5635//4249
f 5636//4275 5635//4275 5631//4275
f 5631//4276 5632//4276 5636//4276
f 5637//4277 5636//4277 5632//4277
f 5632//4278 5633//4278 5637//4278
f 5638//4224 5637//4224 5633//4224
f 5633//4279 5634//4279 5639//4279
f 5639//4280 5638//4280 5633//4280
f 5634//4281 5335//4281 5334//4281
f 5334//4282 5639//4282 5634//4282
f 5635//4283 5636//4283 5644//4283
f 5643//4284 5644//4284 5636//4284
f 5636//4285 5637//4285 5643//4285
f 5642//4286 5643//4286 5637//4286
f 5637//4287 5638//4287 5642//4287
f 5641//4288 5642//4288 5638//4288
f 5638//4289 5639//4289 5640//4289
f 5640//4290 5641//4290 5638//4290
f 5639//4291 5334//4291 5333//4291
f 5333//4260 5640//4260 5639//4260
f 5644//4292 5643//4292 5649//4292
f 5648//4230 5649//4230 5643//4230
f 5643//4293 5642//4293 5648//4293
f 5647//4294 5648//4294 5642//4294
f 5642//4295 5641//4295 5647//4295
f 5646//4296 5647//4296 5641//4296
f 5641//4297 5640//4297 5645//4297
f 5645//4298 5646//4298 5641//4298
f 5640//4238 5333//4238 5332//4238
f 5332//4266 5645//4266 5640//4266
f 5649//4299 5648//4299 5654//4299
f 5653//4300 5654//4300 5648//4300
f 5648//4301 5647//4301 5653//4301
f 5652//4242 5653//4242 5647//4242
f 5647//4242 5646//4242 5652//4242
f 5651//4302 5652//4302 5646//4302
f 5646//4303 5645//4303 5650//4303
f 5650//4304 5651//4304 5646//4304
f 5645//4302 5332//4302 5331//4302
f 5331//4305 5650//4305 5645//4305
f 5654//4306 5653//4306 5659//4306
f 5658//4304 5659//4304 5653//4304
f 5653//4307 5652//4307 5658//4307
f 5657//4308 5658//4308 5652//4308
f 5652//4224 5651//4224 5657//4224
f 5656//4309 5657//4309 5651//4309
f 5651//4310 5650//4310 5655//4310
f 5655//4258 5656//4258 5651//4258
f 5650//4311 5331//4311 5330//4311
f 5330//4312 5655//4312 5650//4312
f 5659//4313 5658//4313 5664//4313
f 5663//4235 5664//4235 5658//4235
f 5658//4278 5657//4278 5663//4278
f 5662//4242 5663//4242 5657//4242
f 5657//4240 5656//4240 5662//4240
f 5661//4240 5662//4240 5656//4240
f 5656//4222 5655//4222 5660//4222
f 5660//4314 5661//4314 5656//4314
f 5655//4268 5330//4268 5329//4268
f 5329//4315 5660//4315 5655//4315
f 5664//4235 5663//4235 5669//4235
f 5668//4316 5669//4316 5663//4316
f 5663//4270 5662//4270 5668//4270
f 5667//4317 5668//4317 5662//4317
f 5662//4228 5661//4228 5667//4228
f 5666//4315 5667//4315 5661//4315
f 5661//4268 5660//4268 5665//4268
f 5665//4315 5666//4315 5661//4315
f 5660//4315 5329//4315 5328//4315
f 5328//4234 5665//4234 5660//4234
f 5669//4318 5668//4318 5674//4318
f 5673//4319 5674//4319 5668//4319
f 5668//4320 5667//4320 5673//4320
f 5672//4321 5673//4321 5667//4321
f 5667//4302 5666//4302 5672//4302
f 5671//4322 5672//4322 5666//4322
f 5666//4323 5665//4323 5670//4323
f 5670//4322 5671//4322 5666//4322
f 5665//4227 5328//4227 5327//4227
f 5327//4319 5670//4319 5665//4319
f 5674//4228 5673//4228 5679//4228
f 5678//4324 5679//4324 5673//4324
f 5673//4322 5672//4322 5678//4322
f 5677//4322 5678//4322 5672//4322
f 5672//4322 5671//4322 5677//4322
f 5676//4309 5677//4309 5671//4309
f 5671//4325 5670//4325 5675//4325
f 5675//4326 5676//4326 5671//4326
f 5670//4228 5327//4228 5326//4228
f 5326//4327 5675//4327 5670//4327
f 5679//4328 5678//4328 5684//4328
f 5683//4329 5684//4329 5678//4329
f 5678//4228 5677//4228 5683//4228
f 5682//4224 5683//4224 5677//4224
f 5677//4262 5676//4262 5682//4262
f 5681//4307 5682//4307 5676//4307
f 5676//4330 5675//4330 5680//4330
f 5680//4321 5681//4321 5676//4321
f 5675//4331 5326//4331 5325//4331
f 5325//4332 5680//4332 5675//4332
f 5684//4223 5683//4223 5689//4223
f 5688//4333 5689//4333 5683//4333
f 5683//4334 5682//4334 5688//4334
f 5687//4335 5688//4335 5682//4335
f 5682//4324 5681//4324 5687//4324
f 5686//4336 5687//4336 5681//4336
f 5681//4309 5680//4309 5685//4309
f 5685//4337 5686//4337 5681//4337
f 5680//4338 5325//4338 5324//4338
f 5324//4339 5685//4339 5680//4339
f 5689//4285 5688//4285 5694//4285
f 5693//4340 5694//4340 5688//4340
f 5688//4291 5687//4291 5693//4291
f 5692//4341 5693//4341 5687//4341
f 5687//4300 5686//4300 5692//4300
f 5691//4342 5692//4342 5686//4342
f 5686//4224 5685//4224 5690//4224
f 5690//4270 5691//4270 5686//4270
f 5685//4343 5324//4343 5323//4343
f 5323//4344 5690//4344 5685//4344
f 5694//4345 5693//4345 5699//4345
f 5698//4264 5699//4264 5693//4264
f 5693//4346 5692//4346 5698//4346
f 5697//4316 5698//4316 5692//4316
f 5692//4347 5691//4347 5697//4347
f 5696//4348 5697//4348 5691//4348
f 5691//4349 5690//4349 5695//4349
f 5695//4321 5696//4321 5691//4321
f 5690//4350 5323//4350 5322//4350
f 5322//4308 5695//4308 5690//4308
f 5699//4351 5698//4351 5704//4351
f 5703//4352 5704//4352 5698//4352
f 5698//4353 5697//4353 5703//4353
f 5702//4354 5703//4354 5697//4354
f 5697//4266 5696//4266 5702//4266
f 5701//4355 5702//4355 5696//4355
f 5696//4356 5695//4356 5700//4356
f 5700//4357 5701//4357 5696//4357
f 5695//4319 5322//4319 5321//4319
f 5321//4358 5700//4358 5695//4358
f 5704//4242 5703//4242 5709//4242
f 5708//4234 5709//4234 5703//4234
f 5703//4359 5702//4359 5708//4359
f 5707//4230 5708//4230 5702//4230
f 5702//4360 5701//4360 5707//4360
f 5706//4250 5707//4250 5701//4250
f 5701//4282 5700//4282 5705//4282
f 5705//4344 5706//4344 5701//4344
f 5700//4342 5321//4342 5320//4342
f 5320//4282 5705//4282 5700//4282
f 5709//4252 5708//4252 5714//4252
f 5713//4335 5714//4335 5708//4335
f 5708//4283 5707//4283 5713//4283
f 5712//4361 5713//4361 5707//4361
f 5707//4362 5706//4362 5712//4362
f 5711//4363 5712//4363 5706//4363
f 5706//4344 5705//4344 5711//4344
f 5710//4364 5711//4364 5705//4364
f 5705//4258 5320//4258 5319//4258
f 5319//4259 5710//4259 5705//4259
f 5714//4365 5713//4365 5719//4365
f 5718//4269 5719//4269 5713//4269
f 5713//4366 5712//4366 5718//4366
f 5717//4315 5718//4315 5712//4315
f 5712//4301 5711//4301 5717//4301
f 5716//4367 5717//4367 5711//4367
f 5711//4368 5710//4368 5716//4368
f 5715//4369 5716//4369 5710//4369
f 5710//4222 5319//4222 5318//4222
f 5318//4370 5715//4370 5710//4370
f 5719//4371 5718//4371 5724//4371
f 5723//4372 5724//4372 5718//4372
f 5718//4348 5717//4348 5723//4348
f 5722//4268 5723//4268 5717//4268
f 5717//4268 5716//4268 5722//4268
f 5721//4373 5722//4373 5716//4373
f 5716//4374 5715//4374 5721//4374
f 5720//4234 5721//4234 5715//4234
f 5715//4375 5318//4375 5317//4375
f 5317//4308 5720//4308 5715//4308
f 5724//4358 5723//4358 5729//4358
f 5728//4337 5729//4337 5723//4337
f 5723//4376 5722//4376 5728//4376
f 5727//4245 5728//4245 5722//4245
f 5722//4377 5721//4377 5727//4377
f 5726//4378 5727//4378 5721//4378
f 5721//4256 5720//4256 5726//4256
f 5725//4332 5726//4332 5720//4332
f 5720//4308 5317//4308 5316//4308
f 5316//4375 5725//4375 5720//4375
f 5729//4379 5728//4379 5730//4379
f 5731//4380 5730//4380 5728//4380
f 5728//4370 5727//4370 5731//4370
f 5732//4375 5731//4375 5727//4375
f 5727//4375 5726//4375 5732//4375
f 5733//4344 5732//4344 5726//4344
f 5726//4381 5725//4381 5733//4381
f 5734//4294 5733//4294 5725//4294
f 5725//4382 5316//4382 5315//4382
f 5315//4334 5734//4334 5725//4334
f 5730//4383 5731//4383 5735//4383
f 5736//4384 5735//4384 5731//4384
f 5731//4384 5732//4384 5736//4384
f 5737//4385 5736//4385 5732//4385
f 5732//4386 5733//4386 5737//4386
f 5738//4387 5737//4387 5733//4387
f 5733//4388 5734//4388 5738//4388
f 5739//4316 5738//4316 5734//4316
f 5734//4389 5315//4389 5314//4389
f 5314//4390 5739//4390 5734//4390
f 5735//4223 5736//4223 5740//4223
f 5741//4251 5740//4251 5736//4251
f 5736//4335 5737//4335 5741//4335
f 5742//4391 5741//4391 5737//4391
f 5737//4391 5738//4391 5742//4391
f 5743//4392 5742//4392 5738//4392
f 5738//4393 5739//4393 5743//4393
f 5744//4364 5743//4364 5739//4364
f 5739//4394 5314//4394 5313//4394
f 5313//4227 5744//4227 5739//4227
f 5740//4316 5741//4316 5745//4316
f 5746//4316 5745//4316 5741//4316
f 5741//4239 5742//4239 5746//4239
f 5747//4351 5746//4351 5742//4351
f 5742//4356 5743//4356 5747//4356
f 5748//4324 5747//4324 5743//4324
f 5743//4222 5744//4222 5748//4222
f 5749//4388 5748//4388 5744//4388
f 5744//4395 5313//4395 5312//4395
f 5312//4387 5749//4387 5744//4387
f 5745//4340 5746//4340 5750//4340
f 5751//4254 5750//4254 5746//4254
f 5746//4396 5747//4396 5751//4396
f 5752//4322 5751//4322 5747//4322
f 5747//4314 5748//4314 5752//4314
f 5753//4388 5752//4388 5748//4388
f 5748//4388 5749//4388 5753//4388
f 5754//4397 5753//4397 5749//4397
f 5749//4398 5312//4398 5311//4398
f 5311//4399 5754//4399 5749//4399
f 5750//4398 5751//4398 5755//4398
f 5756//4342 5755//4342 5751//4342
f 5751//4400 5752//4400 5756//4400
f 5757//4276 5756//4276 5752//4276
f 5752//4388 5753//4388 5757//4388
f 5758//4401 5757//4401 5753//4401
f 5753//4397 5754//4397 5758//4397
f 5759//4328 5758//4328 5754//4328
f 5754//4402 5311//4402 5310//4402
f 5310//4403 5759//4403 5754//4403
f 5755//4393 5756//4393 5760//4393
f 5761//4353 5760//4353 5756//4353
f 5756//4404 5757//4404 5761//4404
f 5762//4321 5761//4321 5757//4321
f 5757//4382 5758//4382 5762//4382
f 5763//4405 5762//4405 5758//4405
f 5758//4232 5759//4232 5763//4232
f 5764//4406 5763//4406 5759//4406
f 5759//4372 5310//4372 5309//4372
f 5309//4251 5764//4251 5759//4251
f 5760//4362 5761//4362 5765//4362
f 5766//4291 5765//4291 5761//4291
f 5761//4349 5762//4349 5766//4349
f 5767//4407 5766//4407 5762//4407
f 5762//4224 5763//4224 5767//4224
f 5768//4315 5767//4315 5763//4315
f 5763//4406 5764//4406 5768//4406
f 5769//4408 5768//4408 5764//4408
f 5764//4302 5309//4302 5308//4302
f 5308//4409 5769//4409 5764//4409
f 5765//4290 5766//4290 572//4290
f 595//4410 572//4410 5766//4410
f 5766//4410 5767//4410 595//4410
f 618//4410 595//4410 5767//4410
f 5767//4338 5768//4338 618//4338
f 641//4411 618//4411 5768//4411
f 5768//4256 5769//4256 641//4256
f 649//4242 641//4242 5769//4242
f 5769//4412 5308//4412 685//4412
f 685//4242 649//4242 5769//4242
f 1409//4413 1411//4413 5770//4413
f 5770//4414 1906//4414 1409//4414
f 1411//4415 1410//4415 5771//4415
f 5771//4416 5770//4416 1411//4416
f 1410//4417 1408//4417 5772//4417
f 5772//4418 5771//4418 1410//4418
f 1408//4419 1406//4419 5773//4419
f 5773//4420 5772//4420 1408//4420
f 1406//4419 1401//4419 5773//4419
f 5774//4421 5773//4421 1401//4421
f 1906//4422 5770//4422 5775//4422
f 5775//4423 1902//4423 1906//4423
f 5770//4424 5771//4424 5776//4424
f 5776//2 5775//2 5770//2
f 5771//4425 5772//4425 5777//4425
f 5777//4426 5776//4426 5771//4426
f 5772//4427 5773//4427 5777//4427
f 5778//4428 5777//4428 5773//4428
f 5773//4429 5774//4429 5778//4429
f 5779//4430 5778//4430 5774//4430
f 1902//4431 5775//4431 5780//4431
f 5780//4432 1898//4432 1902//4432
f 5775//2 5776//2 5781//2
f 5781//2 5780//2 5775//2
f 5776//4433 5777//4433 5782//4433
f 5782//4434 5781//4434 5776//4434
f 5777//4435 5778//4435 5782//4435
f 5783//4436 5782//4436 5778//4436
f 5778//4433 5779//4433 5783//4433
f 5784//4437 5783//4437 5779//4437
f 1898//4438 5780//4438 5785//4438
f 5785//4439 1894//4439 1898//4439
f 5780//4440 5781//4440 5786//4440
f 5786//4441 5785//4441 5780//4441
f 5781//4434 5782//4434 5787//4434
f 5787//4442 5786//4442 5781//4442
f 5782//4436 5783//4436 5787//4436
f 5788//4443 5787//4443 5783//4443
f 5783//4444 5784//4444 5788//4444
f 5789//4445 5788//4445 5784//4445
f 1894//4446 5785//4446 5790//4446
f 5790//4447 1890//4447 1894//4447
f 5785//4425 5786//4425 5791//4425
f 5791//4448 5790//4448 5785//4448
f 5786//4449 5787//4449 5792//4449
f 5792//4450 5791//4450 5786//4450
f 5787//4451 5788//4451 5792//4451
f 5793//4452 5792//4452 5788//4452
f 5788//4453 5789//4453 5793//4453
f 5794//4454 5793//4454 5789//4454
f 1890//4455 5790//4455 5795//4455
f 5795//4456 1886//4456 1890//4456
f 5790//4457 5791//4457 5796//4457
f 5796//4458 5795//4458 5790//4458
f 5791//4459 5792//4459 5796//4459
f 5797//4460 5796//4460 5792//4460
f 5792//4461 5793//4461 5797//4461
f 5798//4462 5797//4462 5793//4462
f 5793//4463 5794//4463 5798//4463
f 5799//4464 5798//4464 5794//4464
f 1886//4465 5795//4465 5804//4465
f 5804//4466 1882//4466 1886//4466
f 5795//4467 5796//4467 5803//4467
f 5803//4468 5804//4468 5795//4468
f 5796//4469 5797//4469 5802//4469
f 5802//4470 5803//4470 5796//4470
f 5797//4471 5798//4471 5802//4471
f 5801//4455 5802//4455 5798//4455
f 5798//4472 5799//4472 5801//4472
f 5800//4473 5801//4473 5799//4473
f 1882//4474 5804//4474 5809//4474
f 5809//4475 1878//4475 1882//4475
f 5804//4476 5803//4476 5808//4476
f 5808//4477 5809//4477 5804//4477
f 5803//4478 5802//4478 5807//4478
f 5807//4479 5808//4479 5803//4479
f 5802//4480 5801//4480 5807//4480
f 5806//4481 5807//4481 5801//4481
f 5801//4433 5800//4433 5806//4433
f 5805//4482 5806//4482 5800//4482
f 1878//4483 5809//4483 5814//4483
f 5814//4484 1874//4484 1878//4484
f 5809//4485 5808//4485 5813//4485
f 5813//4481 5814//4481 5809//4481
f 5808//4486 5807//4486 5812//4486
f 5812//4487 5813//4487 5808//4487
f 5807//4488 5806//4488 5812//4488
f 5811//4489 5812//4489 5806//4489
f 5806//4490 5805//4490 5811//4490
f 5810//4491 5811//4491 5805//4491
f 1874//4492 5814//4492 5819//4492
f 5819//4493 1870//4493 1874//4493
f 5814//4494 5813//4494 5818//4494
f 5818//4495 5819//4495 5814//4495
f 5813//4496 5812//4496 5817//4496
f 5817//4494 5818//4494 5813//4494
f 5812//4497 5811//4497 5817//4497
f 5816//4498 5817//4498 5811//4498
f 5811//4499 5810//4499 5816//4499
f 5815//4500 5816//4500 5810//4500
f 1870//4501 5819//4501 5824//4501
f 5824//4486 1866//4486 1870//4486
f 5819//4502 5818//4502 5823//4502
f 5823//4503 5824//4503 5819//4503
f 5818//4504 5817//4504 5822//4504
f 5822//4438 5823//4438 5818//4438
f 5817//4505 5816//4505 5822//4505
f 5821//4506 5822//4506 5816//4506
f 5816//4507 5815//4507 5821//4507
f 5820//4508 5821//4508 5815//4508
f 1866//4413 5824//4413 5829//4413
f 5829//4446 1862//4446 1866//4446
f 5824//4509 5823//4509 5828//4509
f 5828//4510 5829//4510 5824//4510
f 5823//4511 5822//4511 5827//4511
f 5827//4512 5828//4512 5823//4512
f 5822//4513 5821//4513 5827//4513
f 5826//4514 5827//4514 5821//4514
f 5821//4515 5820//4515 5826//4515
f 5825//4516 5826//4516 5820//4516
f 1862//4517 5829//4517 5834//4517
f 5834//4518 1858//4518 1862//4518
f 5829//4463 5828//4463 5833//4463
f 5833//4509 5834//4509 5829//4509
f 5828//4519 5827//4519 5832//4519
f 5832//4520 5833//4520 5828//4520
f 5827//4456 5826//4456 5832//4456
f 5831//4521 5832//4521 5826//4521
f 5826//4522 5825//4522 5831//4522
f 5830//4471 5831//4471 5825//4471
f 1858//4523 5834//4523 5839//4523
f 5839//4468 1854//4468 1858//4468
f 5834//4499 5833//4499 5838//4499
f 5838//4524 5839//4524 5834//4524
f 5833//4485 5832//4485 5837//4485
f 5837//4499 5838//4499 5833//4499
f 5832//4525 5831//4525 5837//4525
f 5836//4496 5837//4496 5831//4496
f 5831//4423 5830//4423 5836//4423
f 5835//4461 5836//4461 5830//4461
f 1854//4526 5839//4526 5844//4526
f 5844//4447 1850//4447 1854//4447
f 5839//4527 5838//4527 5843//4527
f 5843//4528 5844//4528 5839//4528
f 5838//4474 5837//4474 5842//4474
f 5842//4529 5843//4529 5838//4529
f 5837//4530 5836//4530 5842//4530
f 5841//4531 5842//4531 5836//4531
f 5836//4530 5835//4530 5841//4530
f 5840//4530 5841//4530 5835//4530
f 1850//4532 5844//4532 5849//4532
f 5849//4533 1846//4533 1850//4533
f 5844//4534 5843//4534 5848//4534
f 5848//4535 5849//4535 5844//4535
f 5843//4528 5842//4528 5847//4528
f 5847//4536 5848//4536 5843//4536
f 5842//4532 5841//4532 5847//4532
f 5846//4504 5847//4504 5841//4504
f 5841//4537 5840//4537 5846//4537
f 5845//4538 5846//4538 5840//4538
f 1846//4539 5849//4539 5854//4539
f 5854//4428 1843//4428 1846//4428
f 5849//4511 5848//4511 5853//4511
f 5853//4518 5854//4518 5849//4518
f 5848//4540 5847//4540 5852//4540
f 5852//4541 5853//4541 5848//4541
f 5847//4542 5846//4542 5852//4542
f 5851//4442 5852//4442 5846//4442
f 5846//4538 5845//4538 5851//4538
f 5850//4543 5851//4543 5845//4543
f 1843//4544 5854//4544 5859//4544
f 5859//4545 1840//4545 1843//4545
f 5854//4546 5853//4546 5858//4546
f 5858//4544 5859//4544 5854//4544
f 5853//4520 5852//4520 5857//4520
f 5857//4547 5858//4547 5853//4547
f 5852//4548 5851//4548 5857//4548
f 5856//4549 5857//4549 5851//4549
f 5851//4550 5850//4550 5856//4550
f 5855//4551 5856//4551 5850//4551
f 1840//4552 5859//4552 5864//4552
f 5864//4422 1837//4422 1840//4422
f 5859//4553 5858//4553 5863//4553
f 5863//4554 5864//4554 5859//4554
f 5858//4555 5857//4555 5862//4555
f 5862//4556 5863//4556 5858//4556
f 5857//4416 5856//4416 5862//4416
f 5861//4528 5862//4528 5856//4528
f 5856//4557 5855//4557 5861//4557
f 5860//4558 5861//4558 5855//4558
f 1837//4534 5864//4534 5869//4534
f 5869//4428 1834//4428 1837//4428
f 5864//4559 5863//4559 5868//4559
f 5868//4560 5869//4560 5864//4560
f 5863//4561 5862//4561 5867//4561
f 5867//4559 5868//4559 5863//4559
f 5862//4562 5861//4562 5867//4562
f 5866//4563 5867//4563 5861//4563
f 5861//4564 5860//4564 5866//4564
f 5865//4565 5866//4565 5860//4565
f 1834//4545 5869//4545 5874//4545
f 5874//4517 1831//4517 1834//4517
f 5869//4566 5868//4566 5873//4566
f 5873//4567 5874//4567 5869//4567
f 5868//4568 5867//4568 5872//4568
f 5872//4569 5873//4569 5868//4569
f 5867//4570 5866//4570 5872//4570
f 5871//4571 5872//4571 5866//4571
f 5866//4572 5865//4572 5871//4572
f 5870//4573 5871//4573 5865//4573
f 1831//4572 5874//4572 5879//4572
f 5879//4429 1827//4429 1831//4429
f 5874//4574 5873//4574 5878//4574
f 5878//4567 5879//4567 5874//4567
f 5873//4553 5872//4553 5877//4553
f 5877//4575 5878//4575 5873//4575
f 5872//4571 5871//4571 5877//4571
f 5876//4576 5877//4576 5871//4576
f 5871//4577 5870//4577 5876//4577
f 5875//4578 5876//4578 5870//4578
f 1827//4579 5879//4579 5884//4579
f 5884//4580 1823//4580 1827//4580
f 5879//4581 5878//4581 5883//4581
f 5883//4485 5884//4485 5879//4485
f 5878//4582 5877//4582 5882//4582
f 5882//4583 5883//4583 5878//4583
f 5877//4523 5876//4523 5882//4523
f 5881//4442 5882//4442 5876//4442
f 5876//4468 5875//4468 5881//4468
f 5880//4584 5881//4584 5875//4584
f 1823//4585 5884//4585 5889//4585
f 5889//4586 1819//4586 1823//4586
f 5884//4532 5883//4532 5888//4532
f 5888//4414 5889//4414 5884//4414
f 5883//4583 5882//4583 5887//4583
f 5887//4587 5888//4587 5883//4587
f 5882//4580 5881//4580 5887//4580
f 5886//4588 5887//4588 5881//4588
f 5881//4589 5880//4589 5886//4589
f 5885//4422 5886//4422 5880//4422
f 1819//4590 5889//4590 5894//4590
f 5894//4591 1815//4591 1819//4591
f 5889//4514 5888//4514 5893//4514
f 5893//4424 5894//4424 5889//4424
f 5888//4483 5887//4483 5892//4483
f 5892//4514 5893//4514 5888//4514
f 5887//4592 5886//4592 5892//4592
f 5891//4593 5892//4593 5886//4593
f 5886//4593 5885//4593 5891//4593
f 5890//4594 5891//4594 5885//4594
f 1815//4595 5894//4595 5899//4595
f 5899//4510 1811//4510 1815//4510
f 5894//4596 5893//4596 5898//4596
f 5898//4567 5899//4567 5894//4567
f 5893//4414 5892//4414 5897//4414
f 5897//4499 5898//4499 5893//4499
f 5892//4597 5891//4597 5897//4597
f 5896//4535 5897//4535 5891//4535
f 5891//4598 5890//4598 5896//4598
f 5895//4599 5896//4599 5890//4599
f 1811//4600 5899//4600 5900//4600
f 5900//4576 1807//4576 1811//4576
f 5899//4473 5898//4473 5901//4473
f 5901//4519 5900//4519 5899//4519
f 5898//4587 5897//4587 5902//4587
f 5902//4530 5901//4530 5898//4530
f 5897//4601 5896//4601 5902//4601
f 5903//4414 5902//4414 5896//4414
f 5896//4414 5895//4414 5903//4414
f 5904//4549 5903//4549 5895//4549
f 1807//4499 5900//4499 5905//4499
f 5905//4520 1803//4520 1807//4520
f 5900//4602 5901//4602 5906//4602
f 5906//4579 5905//4579 5900//4579
f 5901//4603 5902//4603 5907//4603
f 5907//4551 5906//4551 5901//4551
f 5902//4588 5903//4588 5907//4588
f 5908//4426 5907//4426 5903//4426
f 5903//4604 5904//4604 5908//4604
f 5909//4510 5908//4510 5904//4510
f 1803//4605 5905//4605 5910//4605
f 5910//4605 1799//4605 1803//4605
f 5905//4606 5906//4606 5911//4606
f 5911//4607 5910//4607 5905//4607
f 5906//4608 5907//4608 5911//4608
f 5912//4513 5911//4513 5907//4513
f 5907//4609 5908//4609 5912//4609
f 5913//4610 5912//4610 5908//4610
f 5908//4586 5909//4586 5913//4586
f 5914//4611 5913//4611 5909//4611
f 1799//4605 5910//4605 5915//4605
f 5915//4600 1795//4600 1799//4600
f 5910//4612 5911//4612 5916//4612
f 5916//4613 5915//4613 5910//4613
f 5911//4589 5912//4589 5916//4589
f 5917//4466 5916//4466 5912//4466
f 5912//4466 5913//4466 5917//4466
f 5918//4589 5917//4589 5913//4589
f 5913//4614 5914//4614 5918//4614
f 5919//4615 5918//4615 5914//4615
f 1795//4616 5915//4616 5920//4616
f 5920//4431 1791//4431 1795//4431
f 5915//4617 5916//4617 5920//4617
f 5921//4618 5920//4618 5916//4618
f 5916//4479 5917//4479 5921//4479
f 5922//4479 5921//4479 5917//4479
f 5917//4575 5918//4575 5922//4575
f 5923//4545 5922//4545 5918//4545
f 5918//4605 5919//4605 5923//4605
f 5924//4619 5923//4619 5919//4619
f 1791//4620 5920//4620 1787//4620
f 5925//4440 1787//4440 5920//4440
f 5920//4621 5921//4621 5925//4621
f 5926//4622 5925//4622 5921//4622
f 5921//4622 5922//4622 5926//4622
f 5927//4448 5926//4448 5922//4448
f 5922//4457 5923//4457 5927//4457
f 5928//4468 5927//4468 5923//4468
f 5923//4571 5924//4571 5928//4571
f 5929//4423 5928//4423 5924//4423
f 1787//4623 5925//4623 704//4623
f 670//4517 704//4517 5925//4517
f 5925//4598 5926//4598 670//4598
f 640//4624 670//4624 5926//4624
f 5926//4625 5927//4625 640//4625
f 617//4416 640//4416 5927//4416
f 5927//4466 5928//4466 617//4466
f 594//4579 617//4579 5928//4579
f 5928//4626 5929//4626 594//4626
f 571//4588 594//4588 5929//4588
f 1401//4627 1414//4627 5930//4627
f 5930//4628 5774//4628 1401//4628
f 1414//4629 1426//4629 5931//4629
f 5931//4630 5930//4630 1414//4630
f 1426//4631 1438//4631 5932//4631
f 5932//4632 5931//4632 1426//4632
f 1438//4633 1445//4633 5932//4633
f 5933//4633 5932//4633 1445//4633
f 1445//4631 1446//4631 5933//4631
f 5934//4634 5933//4634 1446//4634
f 1446//4629 1447//4629 5934//4629
f 5935//4221 5934//4221 1447//4221
f 1447//4221 1448//4221 5935//4221
f 5936//4635 5935//4635 1448//4635
f 1448//4631 1449//4631 5936//4631
f 5605//4636 5936//4636 1449//4636
f 5774//4637 5930//4637 5939//4637
f 5939//4638 5779//4638 5774//4638
f 5930//4639 5931//4639 5937//4639
f 5937//4640 5939//4640 5930//4640
f 5931//4641 5932//4641 5938//4641
f 5938//4642 5937//4642 5931//4642
f 5932//4641 5933//4641 5938//4641
f 5940//4643 5938//4643 5933//4643
f 5933//4644 5934//4644 5940//4644
f 5941//4645 5940//4645 5934//4645
f 5934//4645 5935//4645 5941//4645
f 5942//4646 5941//4646 5935//4646
f 5935//4647 5936//4647 5942//4647
f 5943//4648 5942//4648 5936//4648
f 5936//4144 5605//4144 5943//4144
f 5610//4144 5943//4144 5605//4144
f 5779//4649 5939//4649 5947//4649
f 5947//4650 5784//4650 5779//4650
f 5939//4651 5937//4651 5945//4651
f 5945//4652 5947//4652 5939//4652
f 5937//4653 5938//4653 5944//4653
f 5944//4654 5945//4654 5937//4654
f 5938//4655 5940//4655 5944//4655
f 5946//4656 5944//4656 5940//4656
f 5940//4657 5941//4657 5946//4657
f 5948//4658 5946//4658 5941//4658
f 5941//4659 5942//4659 5948//4659
f 5949//4660 5948//4660 5942//4660
f 5942//4661 5943//4661 5949//4661
f 5950//4662 5949//4662 5943//4662
f 5943//4663 5610//4663 5950//4663
f 5615//4663 5950//4663 5610//4663
f 5784//4664 5947//4664 5955//4664
f 5955//4665 5789//4665 5784//4665
f 5947//4666 5945//4666 5953//4666
f 5953//4667 5955//4667 5947//4667
f 5945//4668 5944//4668 5951//4668
f 5951//4669 5953//4669 5945//4669
f 5944//4670 5946//4670 5952//4670
f 5952//4671 5951//4671 5944//4671
f 5946//4670 5948//4670 5952//4670
f 5954//4672 5952//4672 5948//4672
f 5948//4673 5949//4673 5954//4673
f 5956//4674 5954//4674 5949//4674
f 5949//4675 5950//4675 5956//4675
f 5957//4676 5956//4676 5950//4676
f 5950//4677 5615//4677 5957//4677
f 5620//4678 5957//4678 5615//4678
f 5789//4679 5955//4679 5963//4679
f 5963//4680 5794//4680 5789//4680
f 5955//4681 5953//4681 5960//4681
f 5960//4682 5963//4682 5955//4682
f 5953//4683 5951//4683 5958//4683
f 5958//4684 5960//4684 5953//4684
f 5951//4685 5952//4685 5959//4685
f 5959//4686 5958//4686 5951//4686
f 5952//4687 5954//4687 5959//4687
f 5961//4688 5959//4688 5954//4688
f 5954//4689 5956//4689 5961//4689
f 5962//4690 5961//4690 5956//4690
f 5956//4691 5957//4691 5962//4691
f 5964//4692 5962//4692 5957//4692
f 5957//4693 5620//4693 5964//4693
f 5625//4694 5964//4694 5620//4694
f 5794//4695 5963//4695 5969//4695
f 5969//4696 5799//4696 5794//4696
f 5963//4697 5960//4697 5967//4697
f 5967//4698 5969//4698 5963//4698
f 5960//4699 5958//4699 5965//4699
f 5965//4700 5967//4700 5960//4700
f 5958//4701 5959//4701 5966//4701
f 5966//4702 5965//4702 5958//4702
f 5959//4703 5961//4703 5966//4703
f 5968//4704 5966//4704 5961//4704
f 5961//4705 5962//4705 5968//4705
f 5970//4706 5968//4706 5962//4706
f 5962//4707 5964//4707 5970//4707
f 5971//4708 5970//4708 5964//4708
f 5964//4709 5625//4709 5971//4709
f 5630//4108 5971//4108 5625//4108
f 5799//4710 5969//4710 5976//4710
f 5976//4711 5800//4711 5799//4711
f 5969//4712 5967//4712 5973//4712
f 5973//4713 5976//4713 5969//4713
f 5967//4714 5965//4714 5972//4714
f 5972//4715 5973//4715 5967//4715
f 5965//4716 5966//4716 5974//4716
f 5974//4717 5972//4717 5965//4717
f 5966//4718 5968//4718 5974//4718
f 5975//4719 5974//4719 5968//4719
f 5968//4720 5970//4720 5975//4720
f 5977//4721 5975//4721 5970//4721
f 5970//4722 5971//4722 5977//4722
f 5978//4723 5977//4723 5971//4723
f 5971//4724 5630//4724 5978//4724
f 5635//4725 5978//4725 5630//4725
f 5800//4726 5976//4726 5983//4726
f 5983//4727 5805//4727 5800//4727
f 5976//4728 5973//4728 5980//4728
f 5980//4729 5983//4729 5976//4729
f 5973//4730 5972//4730 5979//4730
f 5979//4731 5980//4731 5973//4731
f 5972//4732 5974//4732 5981//4732
f 5981//4733 5979//4733 5972//4733
f 5974//4734 5975//4734 5981//4734
f 5982//4735 5981//4735 5975//4735
f 5975//4736 5977//4736 5982//4736
f 5984//4737 5982//4737 5977//4737
f 5977//4737 5978//4737 5984//4737
f 5985//4738 5984//4738 5978//4738
f 5978//4739 5635//4739 5985//4739
f 5644//4740 5985//4740 5635//4740
f 5805//4741 5983//4741 5990//4741
f 5990//4742 5810//4742 5805//4742
f 5983//4743 5980//4743 5987//4743
f 5987//4744 5990//4744 5983//4744
f 5980//4745 5979//4745 5986//4745
f 5986//4746 5987//4746 5980//4746
f 5979//4747 5981//4747 5988//4747
f 5988//4748 5986//4748 5979//4748
f 5981//4749 5982//4749 5988//4749
f 5989//4750 5988//4750 5982//4750
f 5982//4751 5984//4751 5989//4751
f 5991//4752 5989//4752 5984//4752
f 5984//4753 5985//4753 5991//4753
f 5992//4754 5991//4754 5985//4754
f 5985//4750 5644//4750 5649//4750
f 5649//4755 5992//4755 5985//4755
f 5810//4756 5990//4756 5998//4756
f 5998//4757 5815//4757 5810//4757
f 5990//4758 5987//4758 5995//4758
f 5995//4759 5998//4759 5990//4759
f 5987//4760 5986//4760 5993//4760
f 5993//4761 5995//4761 5987//4761
f 5986//4762 5988//4762 5994//4762
f 5994//4763 5993//4763 5986//4763
f 5988//4764 5989//4764 5994//4764
f 5996//4765 5994//4765 5989//4765
f 5989//4204 5991//4204 5996//4204
f 5997//4103 5996//4103 5991//4103
f 5991//4766 5992//4766 5997//4766
f 5999//4767 5997//4767 5992//4767
f 5992//4768 5649//4768 5654//4768
f 5654//4769 5999//4769 5992//4769
f 5815//4770 5998//4770 6005//4770
f 6005//4771 5820//4771 5815//4771
f 5998//4772 5995//4772 6002//4772
f 6002//4773 6005//4773 5998//4773
f 5995//4774 5993//4774 6000//4774
f 6000//4775 6002//4775 5995//4775
f 5993//4100 5994//4100 6001//4100
f 6001//4776 6000//4776 5993//4776
f 5994//4777 5996//4777 6001//4777
f 6003//4778 6001//4778 5996//4778
f 5996//4779 5997//4779 6003//4779
f 6004//4780 6003//4780 5997//4780
f 5997//4777 5999//4777 6004//4777
f 6006//4781 6004//4781 5999//4781
f 5999//4782 5654//4782 5659//4782
f 5659//4783 6006//4783 5999//4783
f 5820//4784 6005//4784 6012//4784
f 6012//4785 5825//4785 5820//4785
f 6005//4786 6002//4786 6009//4786
f 6009//4787 6012//4787 6005//4787
f 6002//4788 6000//4788 6007//4788
f 6007//4789 6009//4789 6002//4789
f 6000//4790 6001//4790 6008//4790
f 6008//4791 6007//4791 6000//4791
f 6001//4149 6003//4149 6010//4149
f 6010//4792 6008//4792 6001//4792
f 6003//4793 6004//4793 6010//4793
f 6011//4794 6010//4794 6004//4794
f 6004//4794 6006//4794 6011//4794
f 6013//4795 6011//4795 6006//4795
f 6006//4099 5659//4099 5664//4099
f 5664//4796 6013//4796 6006//4796
f 5825//4797 6012//4797 6019//4797
f 6019//4798 5830//4798 5825//4798
f 6012//4799 6009//4799 6016//4799
f 6016//4800 6019//4800 6012//4800
f 6009//4801 6007//4801 6014//4801
f 6014//4802 6016//4802 6009//4802
f 6007//4803 6008//4803 6015//4803
f 6015//4804 6014//4804 6007//4804
f 6008//4805 6010//4805 6017//4805
f 6017//4806 6015//4806 6008//4806
f 6010//4807 6011//4807 6017//4807
f 6018//4808 6017//4808 6011//4808
f 6011//4809 6013//4809 6018//4809
f 6020//4809 6018//4809 6013//4809
f 6013//4810 5664//4810 5669//4810
f 5669//4811 6020//4811 6013//4811
f 5830//4812 6019//4812 6026//4812
f 6026//4813 5835//4813 5830//4813
f 6019//4814 6016//4814 6023//4814
f 6023//4815 6026//4815 6019//4815
f 6016//4816 6014//4816 6021//4816
f 6021//4817 6023//4817 6016//4817
f 6014//4818 6015//4818 6022//4818
f 6022//4819 6021//4819 6014//4819
f 6015//4820 6017//4820 6024//4820
f 6024//4821 6022//4821 6015//4821
f 6017//4822 6018//4822 6024//4822
f 6025//4823 6024//4823 6018//4823
f 6018//4824 6020//4824 6025//4824
f 6027//4820 6025//4820 6020//4820
f 6020//4095 5669//4095 5674//4095
f 5674//4825 6027//4825 6020//4825
f 5835//4826 6026//4826 6032//4826
f 6032//4827 5840//4827 5835//4827
f 6026//4828 6023//4828 6030//4828
f 6030//4829 6032//4829 6026//4829
f 6023//4830 6021//4830 6028//4830
f 6028//4831 6030//4831 6023//4831
f 6021//4832 6022//4832 6029//4832
f 6029//4833 6028//4833 6021//4833
f 6022//4834 6024//4834 6031//4834
f 6031//4835 6029//4835 6022//4835
f 6024//4836 6025//4836 6033//4836
f 6033//4837 6031//4837 6024//4837
f 6025//4838 6027//4838 6034//4838
f 6034//4839 6033//4839 6025//4839
f 6027//4840 5674//4840 5679//4840
f 5679//4841 6034//4841 6027//4841
f 5840//4842 6032//4842 6037//4842
f 6037//4843 5845//4843 5840//4843
f 6032//4844 6030//4844 6035//4844
f 6035//4845 6037//4845 6032//4845
f 6030//4846 6028//4846 6036//4846
f 6036//4847 6035//4847 6030//4847
f 6028//4848 6029//4848 6038//4848
f 6038//4849 6036//4849 6028//4849
f 6029//4850 6031//4850 6039//4850
f 6039//4851 6038//4851 6029//4851
f 6031//4852 6033//4852 6040//4852
f 6040//4853 6039//4853 6031//4853
f 6033//4854 6034//4854 6041//4854
f 6041//4855 6040//4855 6033//4855
f 6034//4856 5679//4856 5684//4856
f 5684//4857 6041//4857 6034//4857
f 6037//4858 6035//4858 6042//4858
f 6043//4859 6042//4859 6035//4859
f 6035//4860 6036//4860 6043//4860
f 6044//4861 6043//4861 6036//4861
f 6036//4862 6038//4862 6045//4862
f 6045//4863 6044//4863 6036//4863
f 6038//4864 6039//4864 6046//4864
f 6046//4865 6045//4865 6038//4865
f 6039//4866 6040//4866 6047//4866
f 6047//4867 6046//4867 6039//4867
f 6040//4868 6041//4868 6048//4868
f 6048//4869 6047//4869 6040//4869
f 6041//4870 5684//4870 5689//4870
f 5689//4871 6048//4871 6041//4871
f 5845//4872 6042//4872 5850//4872
f 6049//4873 5850//4873 6042//4873
f 6042//4874 6043//4874 6049//4874
f 6050//4875 6049//4875 6043//4875
f 6043//4876 6044//4876 6050//4876
f 6051//4877 6050//4877 6044//4877
f 6044//4878 6045//4878 6051//4878
f 6052//4879 6051//4879 6045//4879
f 6045//4880 6046//4880 6053//4880
f 6053//4881 6052//4881 6045//4881
f 6046//4882 6047//4882 6054//4882
f 6054//4883 6053//4883 6046//4883
f 6047//4884 6048//4884 6055//4884
f 6055//4885 6054//4885 6047//4885
f 6048//4886 5689//4886 5694//4886
f 5694//4887 6055//4887 6048//4887
f 5850//4888 6049//4888 5855//4888
f 6056//4889 5855//4889 6049//4889
f 6049//4890 6050//4890 6056//4890
f 6057//4891 6056//4891 6050//4891
f 6050//4892 6051//4892 6057//4892
f 6058//4893 6057//4893 6051//4893
f 6051//4894 6052//4894 6058//4894
f 6059//4895 6058//4895 6052//4895
f 6052//4896 6053//4896 6060//4896
f 6060//4897 6059//4897 6052//4897
f 6053//4898 6054//4898 6061//4898
f 6061//4899 6060//4899 6053//4899
f 6054//4900 6055//4900 6062//4900
f 6062//4901 6061//4901 6054//4901
f 6055//4902 5694//4902 5699//4902
f 5699//4903 6062//4903 6055//4903
f 5855//4904 6056//4904 5860//4904
f 6063//4905 5860//4905 6056//4905
f 6056//4906 6057//4906 6063//4906
f 6064//4907 6063//4907 6057//4907
f 6057//4908 6058//4908 6064//4908
f 6065//4909 6064//4909 6058//4909
f 6058//4910 6059//4910 6065//4910
f 6066//4911 6065//4911 6059//4911
f 6059//4912 6060//4912 6067//4912
f 6067//4913 6066//4913 6059//4913
f 6060//4914 6061//4914 6068//4914
f 6068//4915 6067//4915 6060//4915
f 6061//4916 6062//4916 6069//4916
f 6069//4917 6068//4917 6061//4917
f 6062//4918 5699//4918 5704//4918
f 5704//4919 6069//4919 6062//4919
f 5860//4920 6063//4920 5865//4920
f 6070//4921 5865//4921 6063//4921
f 6063//4922 6064//4922 6070//4922
f 6071//4923 6070//4923 6064//4923
f 6064//4924 6065//4924 6071//4924
f 6072//4925 6071//4925 6065//4925
f 6065//4926 6066//4926 6072//4926
f 6073//4927 6072//4927 6066//4927
f 6066//4928 6067//4928 6074//4928
f 6074//4929 6073//4929 6066//4929
f 6067//4930 6068//4930 6075//4930
f 6075//4931 6074//4931 6067//4931
f 6068//4932 6069//4932 6076//4932
f 6076//4933 6075//4933 6068//4933
f 6069//4934 5704//4934 5709//4934
f 5709//4935 6076//4935 6069//4935
f 5865//4936 6070//4936 5870//4936
f 6077//4937 5870//4937 6070//4937
f 6070//4938 6071//4938 6077//4938
f 6078//4939 6077//4939 6071//4939
f 6071//4940 6072//4940 6078//4940
f 6079//4941 6078//4941 6072//4941
f 6072//4942 6073//4942 6079//4942
f 6080//4943 6079//4943 6073//4943
f 6073//4944 6074//4944 6081//4944
f 6081//4945 6080//4945 6073//4945
f 6074//4946 6075//4946 6082//4946
f 6082//4947 6081//4947 6074//4947
f 6075//4948 6076//4948 6083//4948
f 6083//4949 6082//4949 6075//4949
f 6076//4950 5709//4950 5714//4950
f 5714//4951 6083//4951 6076//4951
f 5870//4952 6077//4952 5875//4952
f 6084//4953 5875//4953 6077//4953
f 6077//4954 6078//4954 6084//4954
f 6085//4955 6084//4955 6078//4955
f 6078//4956 6079//4956 6085//4956
f 6086//4957 6085//4957 6079//4957
f 6079//4958 6080//4958 6086//4958
f 6087//4959 6086//4959 6080//4959
f 6080//4960 6081//4960 6088//4960
f 6088//4961 6087//4961 6080//4961
f 6081//4962 6082//4962 6089//4962
f 6089//4963 6088//4963 6081//4963
f 6082//4964 6083//4964 6090//4964
f 6090//4965 6089//4965 6082//4965
f 6083//4966 5714//4966 5719//4966
f 5719//4967 6090//4967 6083//4967
f 5875//4968 6084//4968 5880//4968
f 6091//4969 5880//4969 6084//4969
f 6084//4970 6085//4970 6091//4970
f 6092//4971 6091//4971 6085//4971
f 6085//4972 6086//4972 6092//4972
f 6093//4973 6092//4973 6086//4973
f 6086//4974 6087//4974 6093//4974
f 6094//4975 6093//4975 6087//4975
f 6087//4976 6088//4976 6095//4976
f 6095//4977 6094//4977 6087//4977
f 6088//4978 6089//4978 6096//4978
f 6096//4979 6095//4979 6088//4979
f 6089//4980 6090//4980 6097//4980
f 6097//4981 6096//4981 6089//4981
f 6090//4982 5719//4982 5724//4982
f 5724//4983 6097//4983 6090//4983
f 5880//4984 6091//4984 5885//4984
f 6098//4985 5885//4985 6091//4985
f 6091//4986 6092//4986 6098//4986
f 6099//4987 6098//4987 6092//4987
f 6092//4988 6093//4988 6099//4988
f 6100//4989 6099//4989 6093//4989
f 6093//4990 6094//4990 6100//4990
f 6101//4991 6100//4991 6094//4991
f 6094//4992 6095//4992 6102//4992
f 6102//4993 6101//4993 6094//4993
f 6095//4994 6096//4994 6103//4994
f 6103//4995 6102//4995 6095//4995
f 6096//4996 6097//4996 6104//4996
f 6104//4997 6103//4997 6096//4997
f 6097//4998 5724//4998 5729//4998
f 5729//4999 6104//4999 6097//4999
f 5885//5000 6098//5000 5890//5000
f 6105//5001 5890//5001 6098//5001
f 6098//5002 6099//5002 6105//5002
f 6106//5003 6105//5003 6099//5003
f 6099//5004 6100//5004 6106//5004
f 6107//5005 6106//5005 6100//5005
f 6100//5006 6101//5006 6107//5006
f 6108//5007 6107//5007 6101//5007
f 6101//5008 6102//5008 6109//5008
f 6109//5009 6108//5009 6101//5009
f 6102//5010 6103//5010 6110//5010
f 6110//5011 6109//5011 6102//5011
f 6103//5012 6104//5012 6111//5012
f 6111//5013 6110//5013 6103//5013
f 6104//5014 5729//5014 5730//5014
f 5730//5015 6111//5015 6104//5015
f 5890//5016 6105//5016 5895//5016
f 6112//5017 5895//5017 6105//5017
f 6105//5018 6106//5018 6112//5018
f 6113//5019 6112//5019 6106//5019
f 6106//5020 6107//5020 6113//5020
f 6114//5021 6113//5021 6107//5021
f 6107//5022 6108//5022 6114//5022
f 6115//5023 6114//5023 6108//5023
f 6108//5024 6109//5024 6116//5024
f 6116//5025 6115//5025 6108//5025
f 6109//5026 6110//5026 6117//5026
f 6117//5027 6116//5027 6109//5027
f 6110//5028 6111//5028 6118//5028
f 6118//5029 6117//5029 6110//5029
f 6111//5030 5730//5030 5735//5030
f 5735//5031 6118//5031 6111//5031
f 5895//5032 6112//5032 5904//5032
f 6119//5033 5904//5033 6112//5033
f 6112//5034 6113//5034 6119//5034
f 6120//5035 6119//5035 6113//5035
f 6113//5036 6114//5036 6120//5036
f 6121//5037 6120//5037 6114//5037
f 6114//5038 6115//5038 6121//5038
f 6122//5039 6121//5039 6115//5039
f 6115//5040 6116//5040 6123//5040
f 6123//5041 6122//5041 6115//5041
f 6116//5042 6117//5042 6124//5042
f 6124//5043 6123//5043 6116//5043
f 6117//5044 6118//5044 6125//5044
f 6125//5045 6124//5045 6117//5045
f 6118//5046 5735//5046 5740//5046
f 5740//5047 6125//5047 6118//5047
f 5904//5048 6119//5048 5909//5048
f 6126//5049 5909//5049 6119//5049
f 6119//5050 6120//5050 6126//5050
f 6127//5051 6126//5051 6120//5051
f 6120//5052 6121//5052 6127//5052
f 6128//5053 6127//5053 6121//5053
f 6121//5054 6122//5054 6128//5054
f 6129//5055 6128//5055 6122//5055
f 6122//5056 6123//5056 6130//5056
f 6130//5057 6129//5057 6122//5057
f 6123//5058 6124//5058 6131//5058
f 6131//5059 6130//5059 6123//5059
f 6124//5060 6125//5060 6132//5060
f 6132//5061 6131//5061 6124//5061
f 6125//5062 5740//5062 5745//5062
f 5745//5063 6132//5063 6125//5063
f 5909//5064 6126//5064 5914//5064
f 6133//5065 5914//5065 6126//5065
f 6126//5066 6127//5066 6133//5066
f 6134//5067 6133//5067 6127//5067
f 6127//5068 6128//5068 6134//5068
f 6135//5069 6134//5069 6128//5069
f 6128//5070 6129//5070 6135//5070
f 6136//5071 6135//5071 6129//5071
f 6129//5072 6130//5072 6137//5072
f 6137//5073 6136//5073 6129//5073
f 6130//5074 6131//5074 6138//5074
f 6138//5075 6137//5075 6130//5075
f 6131//5076 6132//5076 6139//5076
f 6139//5077 6138//5077 6131//5077
f 6132//5078 5745//5078 5750//5078
f 5750//5079 6139//5079 6132//5079
f 5914//5080 6133//5080 5919//5080
f 6140//5081 5919//5081 6133//5081
f 6133//5082 6134//5082 6140//5082
f 6141//5083 6140//5083 6134//5083
f 6134//5084 6135//5084 6141//5084
f 6142//5085 6141//5085 6135//5085
f 6135//5086 6136//5086 6142//5086
f 6143//5087 6142//5087 6136//5087
f 6136//5088 6137//5088 6144//5088
f 6144//5089 6143//5089 6136//5089
f 6137//5090 6138//5090 6145//5090
f 6145//5091 6144//5091 6137//5091
f 6138//5092 6139//5092 6146//5092
f 6146//5093 6145//5093 6138//5093
f 6139//5094 5750//5094 5755//5094
f 5755//5095 6146//5095 6139//5095
f 5919//5096 6140//5096 5924//5096
f 6147//5097 5924//5097 6140//5097
f 6140//5098 6141//5098 6147//5098
f 6148//5099 6147//5099 6141//5099
f 6141//5100 6142//5100 6148//5100
f 6149//5101 6148//5101 6142//5101
f 6142//5102 6143//5102 6149//5102
f 6150//5103 6149//5103 6143//5103
f 6143//5104 6144//5104 6151//5104
f 6151//5105 6150//5105 6143//5105
f 6144//5106 6145//5106 6152//5106
f 6152//5107 6151//5107 6144//5107
f 6145//5108 6146//5108 6153//5108
f 6153//5109 6152//5109 6145//5109
f 6146//5110 5755//5110 5760//5110
f 5760//5111 6153//5111 6146//5111
f 5924//5112 6147//5112 5929//5112
f 6154//5113 5929//5113 6147//5113
f 6147//5114 6148//5114 6154//5114
f 6155//5115 6154//5115 6148//5115
f 6148//5116 6149//5116 6155//5116
f 6156//5117 6155//5117 6149//5117
f 6149//5118 6150//5118 6156//5118
f 6157//5119 6156//5119 6150//5119
f 6150//5120 6151//5120 6158//5120
f 6158//5121 6157//5121 6150//5121
f 6151//5122 6152//5122 6159//5122
f 6159//5121 6158//5121 6151//5121
f 6152//5122 6153//5122 6160//5122
f 6160//5122 6159//5122 6152//5122
f 6153//5123 5760//5123 5765//5123
f 5765//5124 6160//5124 6153//5124
f 5929//5125 6154//5125 574//5125
f 574//5126 571//5126 5929//5126
f 6154//5127 6155//5127 574//5127
f 576//5128 574//5128 6155//5128
f 6155//5129 6156//5129 576//5129
f 578//5130 576//5130 6156//5130
f 6156//5131 6157//5131 578//5131
f 579//5132 578//5132 6157//5132
f 6157//5132 6158//5132 577//5132
f 577//5132 579//5132 6157//5132
f 6158//5132 6159//5132 575//5132
f 575//5132 577//5132 6158//5132
f 6159//5132 6160//5132 575//5132
f 573//5133 575//5133 6160//5133
f 6160//5134 5765//5134 572//5134
f 572//5135 573//5135 6160//5135
f 1387//4473 1389//4473 6161//4473
f 6161//5136 3741//5136 1387//5136
f 3741//5136 6161//5136 3763//5136
f 6164//4497 3763//4497 6161//4497
f 3763//4413 6164//4413 3764//4413
f 6167//4506 3764//4506 6164//4506
f 3764//5137 6167//5137 3765//5137
f 6171//4453 3765//4453 6167//4453
f 3765//5136 6171//5136 3766//5136
f 6175//4521 3766//4521 6171//4521
f 3766//5138 6175//5138 6179//5138
f 6179//4517 3790//4517 3766//4517
f 6175//4479 6171//4479 6174//4479
f 6174//5139 6179//5139 6175//5139
f 6171//5140 6167//5140 6170//5140
f 6170//4535 6174//4535 6171//4535
f 6167//4497 6164//4497 6166//4497
f 6166//4455 6170//4455 6167//4455
f 6164//4613 6161//4613 6162//4613
f 6162//4604 6166//4604 6164//4604
f 6161//4496 1389//4496 6162//4496
f 1388//5141 6162//5141 1389//5141
f 3790//5142 6179//5142 6181//5142
f 6181//4469 3814//4469 3790//4469
f 6179//4564 6174//4564 6180//4564
f 6180//4479 6181//4479 6179//4479
f 6174//5143 6170//5143 6173//5143
f 6173//4540 6180//4540 6174//4540
f 6170//4555 6166//4555 6168//4555
f 6168//5144 6173//5144 6170//5144
f 6166//4496 6162//4496 6163//4496
f 6163//4429 6168//4429 6166//4429
f 6162//4600 1388//4600 6163//4600
f 1386//4473 6163//4473 1388//4473
f 3814//5143 6181//5143 6186//5143
f 6186//5145 3834//5145 3814//5145
f 6181//4479 6180//4479 6182//4479
f 6182//5146 6186//5146 6181//5146
f 6180//5147 6173//5147 6178//5147
f 6178//4479 6182//4479 6180//4479
f 6173//4496 6168//4496 6172//4496
f 6172//4499 6178//4499 6173//4499
f 6168//4442 6163//4442 6165//4442
f 6165//4422 6172//4422 6168//4422
f 6163//4550 1386//4550 6165//4550
f 1383//4436 6165//4436 1386//4436
f 3834//4562 6186//4562 6191//4562
f 6191//4488 3852//4488 3834//4488
f 6186//4595 6182//4595 6187//4595
f 6187//5148 6191//5148 6186//5148
f 6182//5149 6178//5149 6184//5149
f 6184//5150 6187//5150 6182//5150
f 6178//5151 6172//5151 6177//5151
f 6177//4545 6184//4545 6178//4545
f 6172//5152 6165//5152 6169//5152
f 6169//5153 6177//5153 6172//5153
f 6165//4600 1383//4600 1903//4600
f 1903//5154 6169//5154 6165//5154
f 3852//5155 6191//5155 6195//5155
f 6195//5136 3868//5136 3852//5136
f 6191//5156 6187//5156 6192//5156
f 6192//4494 6195//4494 6191//4494
f 6187//4574 6184//4574 6188//4574
f 6188//4596 6192//4596 6187//4596
f 6184//4417 6177//4417 6183//4417
f 6183//5137 6188//5137 6184//5137
f 6177//5157 6169//5157 6176//5157
f 6176//5158 6183//5158 6177//5158
f 6169//4505 1903//4505 1899//4505
f 1899//5159 6176//5159 6169//5159
f 3868//4506 6195//4506 6200//4506
f 6200//4506 3884//4506 3868//4506
f 6195//4516 6192//4516 6197//4516
f 6197//4613 6200//4613 6195//4613
f 6192//5160 6188//5160 6193//5160
f 6193//4516 6197//4516 6192//4516
f 6188//5161 6183//5161 6189//5161
f 6189//5162 6193//5162 6188//5162
f 6183//5163 6176//5163 6185//5163
f 6185//5164 6189//5164 6183//5164
f 6176//5165 1899//5165 1895//5165
f 1895//5166 6185//5166 6176//5166
f 3884//4506 6200//4506 6204//4506
f 6204//4429 3900//4429 3884//4429
f 6200//4562 6197//4562 6201//4562
f 6201//4580 6204//4580 6200//4580
f 6197//5167 6193//5167 6198//5167
f 6198//5168 6201//5168 6197//5168
f 6193//4606 6189//4606 6194//4606
f 6194//5169 6198//5169 6193//5169
f 6189//4422 6185//4422 6190//4422
f 6190//4531 6194//4531 6189//4531
f 6185//5160 1895//5160 1891//5160
f 1891//4528 6190//4528 6185//4528
f 3900//4469 6204//4469 6209//4469
f 6209//4469 3913//4469 3900//4469
f 6204//4580 6201//4580 6206//4580
f 6206//2 6209//2 6204//2
f 6201//4459 6198//4459 6203//4459
f 6203//4423 6206//4423 6201//4423
f 6198//4425 6194//4425 6199//4425
f 6199//4442 6203//4442 6198//4442
f 6194//5170 6190//5170 6196//5170
f 6196//4624 6199//4624 6194//4624
f 6190//4604 1891//4604 1887//4604
f 1887//4567 6196//4567 6190//4567
f 3913//5171 6209//5171 6212//5171
f 6212//4548 3924//4548 3913//4548
f 6209//4489 6206//4489 6211//4489
f 6211//4523 6212//4523 6209//4523
f 6206//5172 6203//5172 6208//5172
f 6208//5173 6211//5173 6206//5173
f 6203//4447 6199//4447 6205//4447
f 6205//4567 6208//4567 6203//4567
f 6199//4475 6196//4475 6202//4475
f 6202//4489 6205//4489 6199//4489
f 6196//4473 1887//4473 1883//4473
f 1883//4593 6202//4593 6196//4593
f 3924//4496 6212//4496 6217//4496
f 6217//5174 3933//5174 3924//5174
f 6212//4427 6211//4427 6215//4427
f 6215//4451 6217//4451 6212//4451
f 6211//4598 6208//4598 6213//4598
f 6213//5175 6215//5175 6211//5175
f 6208//5176 6205//5176 6210//5176
f 6210//5177 6213//5177 6208//5177
f 6205//4599 6202//4599 6207//4599
f 6207//5178 6210//5178 6205//5178
f 6202//4572 1883//4572 1879//4572
f 1879//4479 6207//4479 6202//4479
f 3933//5175 6217//5175 6222//5175
f 6222//4477 3938//4477 3933//4477
f 6217//4601 6215//4601 6220//4601
f 6220//5179 6222//5179 6217//5179
f 6215//4441 6213//4441 6218//4441
f 6218//4604 6220//4604 6215//4604
f 6213//5180 6210//5180 6216//5180
f 6216//2 6218//2 6213//2
f 6210//5181 6207//5181 6214//5181
f 6214//5181 6216//5181 6210//5181
f 6207//5182 1879//5182 1875//5182
f 1875//5183 6214//5183 6207//5183
f 3938//5184 6222//5184 6226//5184
f 6226//4455 3945//4455 3938//4455
f 6222//5139 6220//5139 6224//5139
f 6224//5159 6226//5159 6222//5159
f 6220//4528 6218//4528 6223//4528
f 6223//4533 6224//4533 6220//4533
f 6218//5155 6216//5155 6221//5155
f 6221//4444 6223//4444 6218//4444
f 6216//4434 6214//4434 6219//4434
f 6219//4593 6221//4593 6216//4593
f 6214//4444 1875//4444 1871//4444
f 1871//4434 6219//4434 6214//4434
f 3945//5185 6226//5185 6230//5185
f 6230//5186 3949//5186 3945//5186
f 6226//4446 6224//4446 6229//4446
f 6229//4496 6230//4496 6226//4496
f 6224//5138 6223//5138 6228//5138
f 6228//4618 6229//4618 6224//4618
f 6223//5172 6221//5172 6227//5172
f 6227//5187 6228//5187 6223//5187
f 6221//4615 6219//4615 6225//4615
f 6225//4615 6227//4615 6221//4615
f 6219//4564 1871//4564 1867//4564
f 1867//4585 6225//4585 6219//4585
f 3949//4543 6230//4543 6235//4543
f 6235//4567 3953//4567 3949//4567
f 6230//2 6229//2 6234//2
f 6234//5141 6235//5141 6230//5141
f 6229//4591 6228//4591 6233//4591
f 6233//4525 6234//4525 6229//4525
f 6228//5188 6227//5188 6232//5188
f 6232//5189 6233//5189 6228//5189
f 6227//5190 6225//5190 6231//5190
f 6231//5191 6232//5191 6227//5191
f 6225//4624 1867//4624 1863//4624
f 1863//4624 6231//4624 6225//4624
f 3953//4438 6235//4438 6240//4438
f 6240//4428 3955//4428 3953//4428
f 6235//5171 6234//5171 6239//5171
f 6239//4518 6240//4518 6235//4518
f 6234//4437 6233//4437 6238//4437
f 6238//4473 6239//4473 6234//4473
f 6233//4472 6232//4472 6237//4472
f 6237//4544 6238//4544 6233//4544
f 6232//5192 6231//5192 6236//5192
f 6236//4551 6237//4551 6232//4551
f 6231//4533 1863//4533 1859//4533
f 1859//4533 6236//4533 6231//4533
f 3955//4451 6240//4451 6245//4451
f 6245//5193 3956//5193 3955//5193
f 6240//4518 6239//4518 6244//4518
f 6244//4506 6245//4506 6240//4506
f 6239//4427 6238//4427 6243//4427
f 6243//5194 6244//5194 6239//5194
f 6238//5195 6237//5195 6242//5195
f 6242//5177 6243//5177 6238//5177
f 6237//4604 6236//4604 6241//4604
f 6241//4466 6242//4466 6237//4466
f 6236//4597 1859//4597 1855//4597
f 1855//4572 6241//4572 6236//4572
f 3956//4433 6245//4433 6246//4433
f 6246//4459 3958//4459 3956//4459
f 6245//5182 6244//5182 6248//5182
f 6248//5183 6246//5183 6245//5183
f 6244//4517 6243//4517 6247//4517
f 6247//4618 6248//4618 6244//4618
f 6243//4572 6242//4572 6249//4572
f 6249//4564 6247//4564 6243//4564
f 6242//5196 6241//5196 6250//5196
f 6250//4549 6249//4549 6242//4549
f 6241//5197 1855//5197 1851//5197
f 1851//4535 6250//4535 6241//4535
f 3958//4528 6246//4528 6251//4528
f 6251//4446 3960//4446 3958//4446
f 6246//4505 6248//4505 6252//4505
f 6252//4496 6251//4496 6246//4496
f 6248//5184 6247//5184 6253//5184
f 6253//5147 6252//5147 6248//5147
f 6247//5186 6249//5186 6254//5186
f 6254//5198 6253//5198 6247//5198
f 6249//4604 6250//4604 6255//4604
f 6255//4442 6254//4442 6249//4442
f 6250//4575 1851//4575 1847//4575
f 1847//4600 6255//4600 6250//4600
f 3960//4446 6251//4446 6256//4446
f 6256//4487 3962//4487 3960//4487
f 6251//5199 6252//5199 6257//5199
f 6257//4595 6256//4595 6251//4595
f 6252//4482 6253//4482 6258//4482
f 6258//4532 6257//4532 6252//4532
f 6253//4590 6254//4590 6259//4590
f 6259//5179 6258//5179 6253//5179
f 6254//5200 6255//5200 6260//5200
f 6260//4512 6259//4512 6254//4512
f 6255//4447 1847//4447 278//4447
f 278//4530 6260//4530 6255//4530
f 3962//4425 6256//4425 315//4425
f 315//4574 320//4574 3962//4574
f 6256//4417 6257//4417 302//4417
f 302//4496 315//4496 6256//4496
f 6257//5201 6258//5201 293//5201
f 293//4617 302//4617 6257//4617
f 6258//4468 6259//4468 287//4468
f 287//5169 293//5169 6258//5169
f 6259//4456 6260//4456 280//4456
f 280//4413 287//4413 6259//4413
f 3405//5202 1280//5202 6265//5202
f 6265//5203 6266//5203 3405//5203
f 1280//5204 1279//5204 6265//5204
f 6262//5205 6265//5205 1279//5205
f 1279//5206 1278//5206 6262//5206
f 6261//5207 6262//5207 1278//5207
f 1278//5208 1277//5208 6261//5208
f 6263//5209 6261//5209 1277//5209
f 1277//5210 1276//5210 6263//5210
f 6264//5211 6263//5211 1276//5211
f 1276//5212 1275//5212 6264//5212
f 3675//5213 6264//5213 1275//5213
f 6266//5214 6265//5214 6270//5214
f 6270//5215 6272//5215 6266//5215
f 6265//5216 6262//5216 6270//5216
f 6267//5217 6270//5217 6262//5217
f 6262//5218 6261//5218 6267//5218
f 6268//5219 6267//5219 6261//5219
f 6261//5220 6263//5220 6268//5220
f 6269//5221 6268//5221 6263//5221
f 6263//5222 6264//5222 6269//5222
f 6271//5223 6269//5223 6264//5223
f 6264//5224 3675//5224 6271//5224
f 3672//5225 6271//5225 3675//5225
f 3405//5226 6266//5226 3403//5226
f 6273//5227 3403//5227 6266//5227
f 6266//5228 6272//5228 6273//5228
f 6274//5229 6273//5229 6272//5229
f 6272//5230 6270//5230 6274//5230
f 6275//5231 6274//5231 6270//5231
f 6270//5232 6267//5232 6275//5232
f 6276//5233 6275//5233 6267//5233
f 6267//5234 6268//5234 6276//5234
f 6277//5235 6276//5235 6268//5235
f 6268//5236 6269//5236 6277//5236
f 6278//5237 6277//5237 6269//5237
f 6269//5238 6271//5238 6278//5238
f 6279//5239 6278//5239 6271//5239
f 6271//5240 3672//5240 6279//5240
f 3669//5241 6279//5241 3672//5241
f 3403//5242 6273//5242 3399//5242
f 6280//5243 3399//5243 6273//5243
f 6273//5244 6274//5244 6280//5244
f 6281//5245 6280//5245 6274//5245
f 6274//5246 6275//5246 6281//5246
f 6282//5247 6281//5247 6275//5247
f 6275//5248 6276//5248 6282//5248
f 6283//5249 6282//5249 6276//5249
f 6276//5250 6277//5250 6283//5250
f 6284//5251 6283//5251 6277//5251
f 6277//5252 6278//5252 6284//5252
f 6285//5253 6284//5253 6278//5253
f 6278//5254 6279//5254 6285//5254
f 6286//5255 6285//5255 6279//5255
f 6279//5256 3669//5256 6286//5256
f 3668//5257 6286//5257 3669//5257
f 3399//5258 6280//5258 3393//5258
f 6287//5259 3393//5259 6280//5259
f 6280//5260 6281//5260 6287//5260
f 6288//5261 6287//5261 6281//5261
f 6281//5262 6282//5262 6288//5262
f 6289//5263 6288//5263 6282//5263
f 6282//5264 6283//5264 6289//5264
f 6290//5265 6289//5265 6283//5265
f 6283//5266 6284//5266 6290//5266
f 6291//5267 6290//5267 6284//5267
f 6284//5268 6285//5268 6291//5268
f 6292//5269 6291//5269 6285//5269
f 6285//5270 6286//5270 6292//5270
f 6293//5271 6292//5271 6286//5271
f 6286//5272 3668//5272 6293//5272
f 3665//5273 6293//5273 3668//5273
f 3393//5274 6287//5274 3385//5274
f 6294//5275 3385//5275 6287//5275
f 6287//5276 6288//5276 6294//5276
f 6295//5277 6294//5277 6288//5277
f 6288//5278 6289//5278 6295//5278
f 6296//5279 6295//5279 6289//5279
f 6289//5280 6290//5280 6296//5280
f 6297//5281 6296//5281 6290//5281
f 6290//5282 6291//5282 6297//5282
f 6298//5283 6297//5283 6291//5283
f 6291//5284 6292//5284 6298//5284
f 6299//5285 6298//5285 6292//5285
f 6292//5286 6293//5286 6299//5286
f 6300//5287 6299//5287 6293//5287
f 6293//5288 3665//5288 6300//5288
f 3661//5289 6300//5289 3665//5289
f 3385//5290 6294//5290 3375//5290
f 6301//5291 3375//5291 6294//5291
f 6294//5292 6295//5292 6301//5292
f 6302//5293 6301//5293 6295//5293
f 6295//5294 6296//5294 6302//5294
f 6303//5295 6302//5295 6296//5295
f 6296//5296 6297//5296 6303//5296
f 6304//5297 6303//5297 6297//5297
f 6297//5298 6298//5298 6304//5298
f 6305//5299 6304//5299 6298//5299
f 6298//5300 6299//5300 6305//5300
f 6306//5301 6305//5301 6299//5301
f 6299//5302 6300//5302 6306//5302
f 6307//5303 6306//5303 6300//5303
f 6300//5304 3661//5304 6307//5304
f 3657//5305 6307//5305 3661//5305
f 3375//5306 6301//5306 3363//5306
f 6308//5307 3363//5307 6301//5307
f 6301//5308 6302//5308 6308//5308
f 6309//5309 6308//5309 6302//5309
f 6302//5310 6303//5310 6309//5310
f 6310//5311 6309//5311 6303//5311
f 6303//5312 6304//5312 6310//5312
f 6311//5313 6310//5313 6304//5313
f 6304//5314 6305//5314 6311//5314
f 6312//5315 6311//5315 6305//5315
f 6305//5316 6306//5316 6312//5316
f 6313//5317 6312//5317 6306//5317
f 6306//5318 6307//5318 6313//5318
f 6314//5319 6313//5319 6307//5319
f 6307//5320 3657//5320 6314//5320
f 3653//5321 6314//5321 3657//5321
f 3363//5322 6308//5322 3348//5322
f 6315//5323 3348//5323 6308//5323
f 6308//5324 6309//5324 6315//5324
f 6316//5325 6315//5325 6309//5325
f 6309//5326 6310//5326 6316//5326
f 6317//5327 6316//5327 6310//5327
f 6310//5328 6311//5328 6317//5328
f 6318//5329 6317//5329 6311//5329
f 6311//5330 6312//5330 6318//5330
f 6319//5331 6318//5331 6312//5331
f 6312//5332 6313//5332 6319//5332
f 6320//5333 6319//5333 6313//5333
f 6313//5334 6314//5334 6320//5334
f 6321//5335 6320//5335 6314//5335
f 6314//5335 3653//5335 6321//5335
f 3646//5336 6321//5336 3653//5336
f 3348//5337 6315//5337 3331//5337
f 6322//5338 3331//5338 6315//5338
f 6315//5339 6316//5339 6322//5339
f 6323//5340 6322//5340 6316//5340
f 6316//5341 6317//5341 6323//5341
f 6324//5342 6323//5342 6317//5342
f 6317//5342 6318//5342 6324//5342
f 6325//5343 6324//5343 6318//5343
f 6318//5344 6319//5344 6325//5344
f 6326//5345 6325//5345 6319//5345
f 6319//5346 6320//5346 6326//5346
f 6327//5347 6326//5347 6320//5347
f 6320//5348 6321//5348 6327//5348
f 6328//5349 6327//5349 6321//5349
f 6321//5350 3646//5350 6328//5350
f 3639//5351 6328//5351 3646//5351
f 3331//5352 6322//5352 3312//5352
f 6329//5353 3312//5353 6322//5353
f 6322//5354 6323//5354 6329//5354
f 6330//5355 6329//5355 6323//5355
f 6323//5356 6324//5356 6330//5356
f 6331//5357 6330//5357 6324//5357
f 6324//5358 6325//5358 6331//5358
f 6332//5359 6331//5359 6325//5359
f 6325//5360 6326//5360 6332//5360
f 6333//5361 6332//5361 6326//5361
f 6326//5362 6327//5362 6333//5362
f 6334//5363 6333//5363 6327//5363
f 6327//5364 6328//5364 6334//5364
f 6335//5365 6334//5365 6328//5365
f 6328//5366 3639//5366 6335//5366
f 3632//5367 6335//5367 3639//5367
f 3312//5368 6329//5368 3291//5368
f 6336//5369 3291//5369 6329//5369
f 6329//5370 6330//5370 6336//5370
f 6337//5371 6336//5371 6330//5371
f 6330//5372 6331//5372 6337//5372
f 6338//5373 6337//5373 6331//5373
f 6331//5374 6332//5374 6338//5374
f 6339//5375 6338//5375 6332//5375
f 6332//5376 6333//5376 6339//5376
f 6340//5377 6339//5377 6333//5377
f 6333//5378 6334//5378 6340//5378
f 6341//5379 6340//5379 6334//5379
f 6334//5380 6335//5380 6341//5380
f 6342//5381 6341//5381 6335//5381
f 6335//5382 3632//5382 6342//5382
f 3625//5383 6342//5383 3632//5383
f 3291//5384 6336//5384 3268//5384
f 6343//5385 3268//5385 6336//5385
f 6336//5385 6337//5385 6343//5385
f 6344//5386 6343//5386 6337//5386
f 6337//5387 6338//5387 6344//5387
f 6345//5388 6344//5388 6338//5388
f 6338//5389 6339//5389 6345//5389
f 6346//5390 6345//5390 6339//5390
f 6339//5391 6340//5391 6346//5391
f 6347//5392 6346//5392 6340//5392
f 6340//5392 6341//5392 6347//5392
f 6348//5393 6347//5393 6341//5393
f 6341//5394 6342//5394 6348//5394
f 6349//5395 6348//5395 6342//5395
f 6342//5396 3625//5396 6349//5396
f 3618//5397 6349//5397 3625//5397
f 3268//5398 6343//5398 3245//5398
f 6350//5399 3245//5399 6343//5399
f 6343//5400 6344//5400 6350//5400
f 6351//5401 6350//5401 6344//5401
f 6344//5402 6345//5402 6351//5402
f 6352//5403 6351//5403 6345//5403
f 6345//5404 6346//5404 6352//5404
f 6353//5405 6352//5405 6346//5405
f 6346//5406 6347//5406 6353//5406
f 6354//5407 6353//5407 6347//5407
f 6347//5408 6348//5408 6354//5408
f 6355//5409 6354//5409 6348//5409
f 6348//5410 6349//5410 6355//5410
f 6356//5411 6355//5411 6349//5411
f 6349//5412 3618//5412 6356//5412
f 3611//5413 6356//5413 3618//5413
f 3245//5414 6350//5414 3214//5414
f 6360//5415 3214//5415 6350//5415
f 6350//5416 6351//5416 6360//5416
f 6358//5417 6360//5417 6351//5417
f 6351//5418 6352//5418 6358//5418
f 6357//5419 6358//5419 6352//5419
f 6352//5420 6353//5420 6357//5420
f 6359//5421 6357//5421 6353//5421
f 6353//5422 6354//5422 6359//5422
f 6361//5423 6359//5423 6354//5423
f 6354//5424 6355//5424 6361//5424
f 6362//5425 6361//5425 6355//5425
f 6355//5426 6356//5426 6362//5426
f 6363//5427 6362//5427 6356//5427
f 6356//5428 3611//5428 6363//5428
f 3608//5429 6363//5429 3611//5429
f 3214//5430 6360//5430 3181//5430
f 6368//5431 3181//5431 6360//5431
f 6360//5432 6358//5432 6368//5432
f 6366//5433 6368//5433 6358//5433
f 6358//5434 6357//5434 6366//5434
f 6364//5435 6366//5435 6357//5435
f 6357//5436 6359//5436 6364//5436
f 6365//5437 6364//5437 6359//5437
f 6359//5438 6361//5438 6365//5438
f 6367//5439 6365//5439 6361//5439
f 6361//5440 6362//5440 6367//5440
f 6369//5441 6367//5441 6362//5441
f 6362//5442 6363//5442 6369//5442
f 6370//5443 6369//5443 6363//5443
f 6363//5444 3608//5444 6370//5444
f 3598//5445 6370//5445 3608//5445
f 3181//5446 6368//5446 3126//5446
f 6376//5447 3126//5447 6368//5447
f 6368//5448 6366//5448 6376//5448
f 6374//5449 6376//5449 6366//5449
f 6366//5450 6364//5450 6374//5450
f 6372//5451 6374//5451 6364//5451
f 6364//5452 6365//5452 6372//5452
f 6371//5453 6372//5453 6365//5453
f 6365//5454 6367//5454 6371//5454
f 6373//5455 6371//5455 6367//5455
f 6367//5456 6369//5456 6373//5456
f 6375//5457 6373//5457 6369//5457
f 6369//5458 6370//5458 6375//5458
f 6377//5459 6375//5459 6370//5459
f 6370//5460 3598//5460 6377//5460
f 3588//5461 6377//5461 3598//5461
f 3126//5462 6376//5462 3073//5462
f 6384//5463 3073//5463 6376//5463
f 6376//5464 6374//5464 6384//5464
f 6381//5465 6384//5465 6374//5465
f 6374//5466 6372//5466 6381//5466
f 6379//5467 6381//5467 6372//5467
f 6372//5468 6371//5468 6379//5468
f 6378//5469 6379//5469 6371//5469
f 6371//5470 6373//5470 6378//5470
f 6380//5471 6378//5471 6373//5471
f 6373//5472 6375//5472 6380//5472
f 6382//5473 6380//5473 6375//5473
f 6375//5474 6377//5474 6382//5474
f 6383//5475 6382//5475 6377//5475
f 6377//5476 3588//5476 6383//5476
f 3578//5477 6383//5477 3588//5477
f 3073//5478 6384//5478 3020//5478
f 6391//5479 3020//5479 6384//5479
f 6384//5480 6381//5480 6391//5480
f 6389//5481 6391//5481 6381//5481
f 6381//5482 6379//5482 6389//5482
f 6387//5483 6389//5483 6379//5483
f 6379//5484 6378//5484 6387//5484
f 6385//5485 6387//5485 6378//5485
f 6378//5486 6380//5486 6385//5486
f 6386//5487 6385//5487 6380//5487
f 6380//5488 6382//5488 6386//5488
f 6388//5489 6386//5489 6382//5489
f 6382//5490 6383//5490 6388//5490
f 6390//5491 6388//5491 6383//5491
f 6383//5492 3578//5492 6390//5492
f 3566//5493 6390//5493 3578//5493
f 3020//5494 6391//5494 6398//5494
f 6398//5495 2969//5495 3020//5495
f 6391//5496 6389//5496 6398//5496
f 6397//5497 6398//5497 6389//5497
f 6389//5498 6387//5498 6397//5498
f 6394//5499 6397//5499 6387//5499
f 6387//5500 6385//5500 6394//5500
f 6392//5501 6394//5501 6385//5501
f 6385//5502 6386//5502 6392//5502
f 6393//5503 6392//5503 6386//5503
f 6386//5504 6388//5504 6393//5504
f 6395//5505 6393//5505 6388//5505
f 6388//5506 6390//5506 6395//5506
f 6396//5507 6395//5507 6390//5507
f 6390//5507 3566//5507 6396//5507
f 3565//5508 6396//5508 3566//5508
f 2969//5509 6398//5509 6405//5509
f 6405//5510 2920//5510 2969//5510
f 6398//5511 6397//5511 6405//5511
f 6404//5512 6405//5512 6397//5512
f 6397//5513 6394//5513 6404//5513
f 6401//5514 6404//5514 6394//5514
f 6394//5515 6392//5515 6401//5515
f 6399//5516 6401//5516 6392//5516
f 6392//5517 6393//5517 6399//5517
f 6400//5518 6399//5518 6393//5518
f 6393//5519 6395//5519 6400//5519
f 6402//5520 6400//5520 6395//5520
f 6395//5521 6396//5521 6402//5521
f 6403//5522 6402//5522 6396//5522
f 6396//5523 3565//5523 6403//5523
f 3562//5524 6403//5524 3565//5524
f 2920//5525 6405//5525 6412//5525
f 6412//5526 2871//5526 2920//5526
f 6405//5527 6404//5527 6412//5527
f 6410//5528 6412//5528 6404//5528
f 6404//5529 6401//5529 6410//5529
f 6408//5530 6410//5530 6401//5530
f 6401//5531 6399//5531 6408//5531
f 6406//5532 6408//5532 6399//5532
f 6399//5533 6400//5533 6406//5533
f 6407//5534 6406//5534 6400//5534
f 6400//5535 6402//5535 6407//5535
f 6409//5536 6407//5536 6402//5536
f 6402//5537 6403//5537 6409//5537
f 6411//5538 6409//5538 6403//5538
f 6403//5539 3562//5539 6411//5539
f 3552//5540 6411//5540 3562//5540
f 2871//5541 6412//5541 6419//5541
f 6419//5542 2822//5542 2871//5542
f 6412//5543 6410//5543 6419//5543
f 6416//5544 6419//5544 6410//5544
f 6410//5545 6408//5545 6416//5545
f 6414//5546 6416//5546 6408//5546
f 6408//5547 6406//5547 6414//5547
f 6413//5548 6414//5548 6406//5548
f 6406//5549 6407//5549 6413//5549
f 6415//5550 6413//5550 6407//5550
f 6407//5551 6409//5551 6415//5551
f 6417//5552 6415//5552 6409//5552
f 6409//5553 6411//5553 6417//5553
f 6418//5554 6417//5554 6411//5554
f 6411//5555 3552//5555 6418//5555
f 3542//5556 6418//5556 3552//5556
f 2822//5557 6419//5557 6425//5557
f 6425//5558 2821//5558 2822//5558
f 6419//5559 6416//5559 6425//5559
f 6422//5560 6425//5560 6416//5560
f 6416//5561 6414//5561 6422//5561
f 6420//5562 6422//5562 6414//5562
f 6414//5563 6413//5563 6420//5563
f 6421//5564 6420//5564 6413//5564
f 6413//5565 6415//5565 6421//5565
f 6423//5566 6421//5566 6415//5566
f 6415//5567 6417//5567 6423//5567
f 6424//5568 6423//5568 6417//5568
f 6417//5569 6418//5569 6424//5569
f 6426//5570 6424//5570 6418//5570
f 6418//5571 3542//5571 6426//5571
f 3541//5572 6426//5572 3542//5572
f 2821//5573 6425//5573 6430//5573
f 6430//5574 2773//5574 2821//5574
f 6425//5575 6422//5575 6430//5575
f 6428//5575 6430//5575 6422//5575
f 6422//5576 6420//5576 6428//5576
f 6427//5577 6428//5577 6420//5577
f 6420//5578 6421//5578 6427//5578
f 6429//5579 6427//5579 6421//5579
f 6421//5580 6423//5580 6429//5580
f 6431//5581 6429//5581 6423//5581
f 6423//5582 6424//5582 6431//5582
f 6432//5583 6431//5583 6424//5583
f 6424//5584 6426//5584 6432//5584
f 6433//5585 6432//5585 6426//5585
f 6426//5586 3541//5586 6433//5586
f 3528//5587 6433//5587 3541//5587
f 2773//5588 6430//5588 2725//5588
f 6436//5589 2725//5589 6430//5589
f 6430//5590 6428//5590 6436//5590
f 6434//5591 6436//5591 6428//5591
f 6428//5592 6427//5592 6434//5592
f 6435//5593 6434//5593 6427//5593
f 6427//5594 6429//5594 6435//5594
f 6437//5595 6435//5595 6429//5595
f 6429//5596 6431//5596 6437//5596
f 6438//5597 6437//5597 6431//5597
f 6431//5598 6432//5598 6438//5598
f 6439//5599 6438//5599 6432//5599
f 6432//5600 6433//5600 6439//5600
f 6440//5601 6439//5601 6433//5601
f 6433//5602 3528//5602 6440//5602
f 3514//5603 6440//5603 3528//5603
f 2725//5604 6436//5604 2677//5604
f 6441//5605 2677//5605 6436//5605
f 6436//5606 6434//5606 6441//5606
f 6442//5607 6441//5607 6434//5607
f 6434//5608 6435//5608 6442//5608
f 6443//5609 6442//5609 6435//5609
f 6435//5610 6437//5610 6443//5610
f 6444//5611 6443//5611 6437//5611
f 6437//5612 6438//5612 6444//5612
f 6445//5613 6444//5613 6438//5613
f 6438//5614 6439//5614 6445//5614
f 6446//5615 6445//5615 6439//5615
f 6439//5616 6440//5616 6446//5616
f 6447//5617 6446//5617 6440//5617
f 6440//5618 3514//5618 6447//5618
f 3500//5619 6447//5619 3514//5619
f 2677//5620 6441//5620 2635//5620
f 6448//5621 2635//5621 6441//5621
f 6441//5622 6442//5622 6448//5622
f 6449//5623 6448//5623 6442//5623
f 6442//5624 6443//5624 6449//5624
f 6450//5625 6449//5625 6443//5625
f 6443//5626 6444//5626 6450//5626
f 6451//5627 6450//5627 6444//5627
f 6444//5628 6445//5628 6451//5628
f 6452//5629 6451//5629 6445//5629
f 6445//5630 6446//5630 6452//5630
f 6453//5631 6452//5631 6446//5631
f 6446//5632 6447//5632 6453//5632
f 6454//5633 6453//5633 6447//5633
f 6447//5634 3500//5634 6454//5634
f 3486//5635 6454//5635 3500//5635
f 2635//5636 6448//5636 2593//5636
f 6455//5637 2593//5637 6448//5637
f 6448//5638 6449//5638 6455//5638
f 6456//5639 6455//5639 6449//5639
f 6449//5640 6450//5640 6456//5640
f 6457//5641 6456//5641 6450//5641
f 6450//5642 6451//5642 6457//5642
f 6458//5643 6457//5643 6451//5643
f 6451//5644 6452//5644 6458//5644
f 6459//5645 6458//5645 6452//5645
f 6452//5646 6453//5646 6459//5646
f 6460//5647 6459//5647 6453//5647
f 6453//5648 6454//5648 6460//5648
f 6461//5649 6460//5649 6454//5649
f 6454//5650 3486//5650 6461//5650
f 3472//5651 6461//5651 3486//5651
f 2593//5652 6455//5652 2549//5652
f 6462//5653 2549//5653 6455//5653
f 6455//5654 6456//5654 6462//5654
f 6463//5655 6462//5655 6456//5655
f 6456//5656 6457//5656 6463//5656
f 6464//5657 6463//5657 6457//5657
f 6457//5658 6458//5658 6464//5658
f 6465//5659 6464//5659 6458//5659
f 6458//5660 6459//5660 6465//5660
f 6466//5661 6465//5661 6459//5661
f 6459//5662 6460//5662 6466//5662
f 6467//5663 6466//5663 6460//5663
f 6460//5664 6461//5664 6467//5664
f 6468//5665 6467//5665 6461//5665
f 6461//5666 3472//5666 6468//5666
f 3460//5667 6468//5667 3472//5667
f 2549//5668 6462//5668 2509//5668
f 6469//5669 2509//5669 6462//5669
f 6462//5670 6463//5670 6469//5670
f 6470//5671 6469//5671 6463//5671
f 6463//5672 6464//5672 6470//5672
f 6471//5673 6470//5673 6464//5673
f 6464//5674 6465//5674 6471//5674
f 6472//5675 6471//5675 6465//5675
f 6465//5676 6466//5676 6472//5676
f 6473//5677 6472//5677 6466//5677
f 6466//5678 6467//5678 6473//5678
f 6474//5679 6473//5679 6467//5679
f 6467//5680 6468//5680 6474//5680
f 6475//5681 6474//5681 6468//5681
f 6468//5682 3460//5682 6475//5682
f 3450//5683 6475//5683 3460//5683
f 2509//5684 6469//5684 2471//5684
f 3964//5685 2471//5685 6469//5685
f 6469//5686 6470//5686 3964//5686
f 3965//5687 3964//5687 6470//5687
f 6470//5688 6471//5688 3965//5688
f 3966//5689 3965//5689 6471//5689
f 6471//5690 6472//5690 3966//5690
f 3967//5691 3966//5691 6472//5691
f 6472//5692 6473//5692 3967//5692
f 3968//5693 3967//5693 6473//5693
f 6473//5694 6474//5694 3968//5694
f 3969//5695 3968//5695 6474//5695
f 6474//5696 6475//5696 3969//5696
f 3970//5696 3969//5696 6475//5696
f 6475//5697 3450//5697 3970//5697
f 3441//5698 3970//5698 3450//5698
